// Generated by tools/generate_vr_shaders.py; do not edit.
// Source SHA-256: bd7254dca115c61f4f50a16d3f74d0a27998fa2ac75af603df23f2e717f1c8b0
#pragma once
#include <cstdint>
namespace starfox::vr::shader {
inline constexpr std::uint32_t vertex[]={
0x7230203,0x10000,0xe0000,0x244,0x0,0x20011,0x1,0x6000b,
0x1,0x4c534c47,0x6474732e,0x3035342e,0x0,0x3000e,0x0,0x1,
0x22000f,0x0,0x2,0x74726576,0x6d5f7865,0x6e6961,0x3,0x4,
0x5,0x6,0x7,0x8,0x9,0xa,0xb,0xc,
0xd,0xe,0xf,0x10,0x11,0x12,0x13,0x14,
0x15,0x16,0x17,0x18,0x19,0x1a,0x1b,0x1c,
0x1d,0x1e,0x30003,0x5,0x258,0x90005,0x1f,0x65707974,
0x6e6f432e,0x6e617473,0x66754274,0x2e726566,0x656d6143,0x6172,0x60006,0x1f,
0x0,0x77656976,0x776f725f,0x73,0x60006,0x1f,0x1,0x6a6f7270,
0x69746365,0x6e6f,0x50006,0x1f,0x2,0x65666665,0x737463,0x40005,
0x20,0x656d6163,0x6172,0x60005,0x3,0x762e6e69,0x502e7261,0x5449534f,
0x4e4f49,0x60005,0x4,0x762e6e69,0x432e7261,0x524f4c4f,0x30,0x60005,
0x5,0x762e6e69,0x432e7261,0x524f4c4f,0x31,0x70005,0x6,0x762e6e69,
0x542e7261,0x4f435845,0x3044524f,0x0,0x70005,0x7,0x762e6e69,0x542e7261,
0x4f435845,0x3144524f,0x0,0x70005,0x8,0x762e6e69,0x542e7261,0x4f435845,
0x3244524f,0x0,0x70005,0x9,0x762e6e69,0x542e7261,0x4f435845,0x3344524f,
0x0,0x70005,0xa,0x762e6e69,0x542e7261,0x4f435845,0x3444524f,0x0,
0x70005,0xb,0x762e6e69,0x542e7261,0x4f435845,0x3544524f,0x0,0x70005,
0xc,0x762e6e69,0x542e7261,0x4f435845,0x3644524f,0x0,0x70005,0xd,
0x762e6e69,0x542e7261,0x4f435845,0x3744524f,0x0,0x70005,0xe,0x762e6e69,
0x542e7261,0x4f435845,0x3844524f,0x0,0x70005,0xf,0x762e6e69,0x542e7261,
0x4f435845,0x3944524f,0x0,0x70005,0x10,0x762e6e69,0x542e7261,0x4f435845,
0x3144524f,0x30,0x70005,0x11,0x762e6e69,0x542e7261,0x4f435845,0x3144524f,
0x31,0x60005,0x13,0x2e74756f,0x2e726176,0x4f4c4f43,0x3052,0x60005,
0x14,0x2e74756f,0x2e726176,0x4f4c4f43,0x3152,0x70005,0x15,0x2e74756f,
0x2e726176,0x43584554,0x44524f4f,0x30,0x70005,0x16,0x2e74756f,0x2e726176,
0x43584554,0x44524f4f,0x31,0x70005,0x17,0x2e74756f,0x2e726176,0x43584554,
0x44524f4f,0x32,0x70005,0x18,0x2e74756f,0x2e726176,0x43584554,0x44524f4f,
0x33,0x70005,0x19,0x2e74756f,0x2e726176,0x43584554,0x44524f4f,0x34,
0x70005,0x1a,0x2e74756f,0x2e726176,0x43584554,0x44524f4f,0x35,0x70005,
0x1b,0x2e74756f,0x2e726176,0x43584554,0x44524f4f,0x36,0x70005,0x1c,
0x2e74756f,0x2e726176,0x43584554,0x44524f4f,0x37,0x70005,0x1d,0x2e74756f,
0x2e726176,0x43584554,0x44524f4f,0x38,0x70005,0x1e,0x2e74756f,0x2e726176,
0x43584554,0x44524f4f,0x39,0x50005,0x2,0x74726576,0x6d5f7865,0x6e6961,
0x40047,0x12,0xb,0x0,0x30047,0x13,0xe,0x30047,
0x14,0xe,0x30047,0x15,0xe,0x30047,0x16,0xe,
0x30047,0x17,0xd,0x30047,0x18,0xe,0x30047,0x19,
0xe,0x30047,0x1a,0xe,0x30047,0x1d,0xe,0x30047,
0x1e,0xe,0x40047,0x3,0x1e,0x0,0x40047,0x4,
0x1e,0x1,0x40047,0x5,0x1e,0x2,0x40047,0x6,
0x1e,0x3,0x40047,0x7,0x1e,0x4,0x40047,0x8,
0x1e,0x5,0x40047,0x9,0x1e,0x6,0x40047,0xa,
0x1e,0x7,0x40047,0xb,0x1e,0x8,0x40047,0xc,
0x1e,0x9,0x40047,0xd,0x1e,0xa,0x40047,0xe,
0x1e,0xb,0x40047,0xf,0x1e,0xc,0x40047,0x10,
0x1e,0xd,0x40047,0x11,0x1e,0xe,0x40047,0x13,
0x1e,0x0,0x40047,0x14,0x1e,0x1,0x40047,0x15,
0x1e,0x2,0x40047,0x16,0x1e,0x3,0x40047,0x17,
0x1e,0x4,0x40047,0x18,0x1e,0x5,0x40047,0x19,
0x1e,0x6,0x40047,0x1a,0x1e,0x7,0x40047,0x1b,
0x1e,0x8,0x40047,0x1c,0x1e,0x9,0x40047,0x1d,
0x1e,0xa,0x40047,0x1e,0x1e,0xb,0x40047,0x21,
0x6,0x10,0x50048,0x1f,0x0,0x23,0x0,0x50048,
0x1f,0x1,0x23,0x30,0x50048,0x1f,0x1,0x7,
0x10,0x40048,0x1f,0x1,0x4,0x50048,0x1f,0x2,
0x23,0x70,0x30047,0x1f,0x2,0x30047,0x22,0x2a,
0x30047,0x23,0x2a,0x30047,0x24,0x2a,0x30047,0x25,
0x2a,0x30047,0x26,0x2a,0x30047,0x27,0x2a,0x30047,
0x28,0x2a,0x30047,0x29,0x2a,0x30047,0x2a,0x2a,
0x30047,0x2b,0x2a,0x30047,0x2c,0x2a,0x30047,0x2d,
0x2a,0x30047,0x2e,0x2a,0x30047,0x2f,0x2a,0x30047,
0x30,0x2a,0x30047,0x31,0x2a,0x30047,0x32,0x2a,
0x30047,0x33,0x2a,0x30047,0x34,0x2a,0x30047,0x35,
0x2a,0x30047,0x36,0x2a,0x30047,0x37,0x2a,0x30047,
0x38,0x2a,0x30047,0x39,0x2a,0x30047,0x3a,0x2a,
0x30047,0x3b,0x2a,0x30047,0x3c,0x2a,0x30047,0x3d,
0x2a,0x40015,0x3e,0x20,0x1,0x40015,0x3f,0x20,
0x0,0x4002b,0x3f,0x40,0x2,0x4002b,0x3e,0x41,
0x0,0x4002b,0x3e,0x42,0x2,0x30016,0x43,0x20,
0x4002b,0x43,0x44,0x0,0x4002b,0x3e,0x45,0x1,
0x4002b,0x3f,0x46,0x1,0x40017,0x47,0x3e,0x3,
0x6002c,0x47,0x48,0x42,0x42,0x42,0x4002b,0x43,
0x49,0x3f800000,0x4002b,0x43,0x4a,0xbf800000,0x40017,0x4b,
0x43,0x3,0x6002c,0x4b,0x4c,0x49,0x4a,0x4a,
0x4002b,0x3f,0x4d,0x4,0x4002b,0x3f,0x4e,0x0,
0x40017,0x4f,0x43,0x4,0x7002c,0x4f,0x50,0x49,
0x44,0x44,0x44,0x7002c,0x4f,0x51,0x44,0x49,
0x44,0x44,0x4002b,0x3f,0x52,0x8000,0x4002b,0x43,
0x53,0x358637bd,0x4002b,0x3f,0x54,0x10000,0x6002c,0x4b,
0x55,0x44,0x44,0x44,0x6002c,0x4b,0x56,0x49,
0x49,0x49,0x4002b,0x43,0x57,0x3f000000,0x4002b,0x3f,
0x58,0x10,0x4002b,0x3e,0x59,0x10,0x7002c,0x4f,
0x5a,0x44,0x44,0x44,0x49,0x4002b,0x43,0x5b,
0x2b8cbccc,0x4002b,0x43,0x5c,0x47000000,0x4002b,0x3e,0x5d,
0xf,0x6002c,0x47,0x5e,0x5d,0x5d,0x5d,0x4002b,
0x3f,0x5f,0x3,0x4001c,0x21,0x4f,0x5f,0x40018,
0x60,0x4f,0x4,0x40017,0x61,0x3f,0x4,0x5001e,
0x1f,0x21,0x60,0x61,0x40020,0x62,0x9,0x1f,
0x40020,0x63,0x1,0x4b,0x40020,0x64,0x1,0x4f,
0x40020,0x65,0x1,0x3f,0x40017,0x66,0x43,0x2,
0x40020,0x67,0x1,0x66,0x40020,0x68,0x1,0x61,
0x40020,0x69,0x3,0x4f,0x40020,0x6a,0x3,0x3f,
0x40020,0x6b,0x3,0x66,0x40020,0x6c,0x3,0x61,
0x40020,0x6d,0x3,0x4b,0x20013,0x6e,0x30021,0x6f,
0x6e,0x20014,0x70,0x40020,0x71,0x9,0x60,0x40020,
0x72,0x9,0x4f,0x4003b,0x62,0x20,0x9,0x4003b,
0x63,0x3,0x1,0x4003b,0x64,0x4,0x1,0x4003b,
0x64,0x5,0x1,0x4003b,0x65,0x6,0x1,0x4003b,
0x63,0x7,0x1,0x4003b,0x63,0x8,0x1,0x4003b,
0x63,0x9,0x1,0x4003b,0x65,0xa,0x1,0x4003b,
0x63,0xb,0x1,0x4003b,0x63,0xc,0x1,0x4003b,
0x63,0xd,0x1,0x4003b,0x65,0xe,0x1,0x4003b,
0x67,0xf,0x1,0x4003b,0x68,0x10,0x1,0x4003b,
0x67,0x11,0x1,0x4003b,0x69,0x12,0x3,0x4003b,
0x69,0x13,0x3,0x4003b,0x69,0x14,0x3,0x4003b,
0x6a,0x15,0x3,0x4003b,0x6a,0x16,0x3,0x4003b,
0x6b,0x17,0x3,0x4003b,0x6c,0x18,0x3,0x4003b,
0x6d,0x19,0x3,0x4003b,0x6a,0x1a,0x3,0x4003b,
0x6b,0x1b,0x3,0x4003b,0x6d,0x1c,0x3,0x4003b,
0x6d,0x1d,0x3,0x4003b,0x6d,0x1e,0x3,0x50036,
0x6e,0x2,0x0,0x6f,0x200f8,0x73,0x4003d,0x4b,
0x74,0x3,0x4003d,0x4f,0x75,0x4,0x4003d,0x4f,
0x76,0x5,0x4003d,0x3f,0x77,0x6,0x4003d,0x4b,
0x78,0x7,0x4003d,0x4b,0x79,0x8,0x4003d,0x4b,
0x7a,0x9,0x4003d,0x3f,0x7b,0xa,0x4003d,0x4b,
0x7c,0xb,0x4003d,0x4b,0x7d,0xc,0x4003d,0x4b,
0x7e,0xd,0x4003d,0x3f,0x7f,0xe,0x4003d,0x66,
0x80,0xf,0x4003d,0x61,0x81,0x10,0x4003d,0x66,
0x82,0x11,0x500aa,0x70,0x83,0x7b,0x40,0x300f7,
0x84,0x0,0x400fa,0x83,0x85,0x84,0x200f8,0x85,
0x300f7,0x86,0x0,0x300fb,0x4e,0x87,0x200f8,0x87,
0x50051,0x43,0x88,0x7e,0x2,0x500b6,0x70,0x89,
0x88,0x44,0x300f7,0x8a,0x0,0x400fa,0x89,0x8b,
0x8a,0x200f8,0x8b,0x5008e,0x4b,0x8c,0x78,0x5c,
0x6000c,0x4b,0x8d,0x1,0x2,0x8c,0x4006e,0x47,
0x8e,0x8d,0x50051,0x43,0x8f,0x74,0x0,0x6000c,
0x43,0x90,0x1,0x6,0x8f,0x4006e,0x3e,0x91,
0x90,0x4006f,0x43,0x92,0x91,0x6000c,0x43,0x93,
0x1,0x4,0x8f,0x50081,0x43,0x94,0x93,0x57,
0x6000c,0x43,0x95,0x1,0x8,0x94,0x50085,0x43,
0x96,0x92,0x95,0x4006e,0x3e,0x97,0x96,0x4007c,
0x3f,0x98,0x97,0x500c4,0x3f,0x99,0x98,0x58,
0x4007c,0x3e,0x9a,0x99,0x500c3,0x3e,0x9b,0x9a,
0x59,0x50051,0x43,0x9c,0x74,0x1,0x6000c,0x43,
0x9d,0x1,0x6,0x9c,0x4006e,0x3e,0x9e,0x9d,
0x4006f,0x43,0x9f,0x9e,0x6000c,0x43,0xa0,0x1,
0x4,0x9c,0x50081,0x43,0xa1,0xa0,0x57,0x6000c,
0x43,0xa2,0x1,0x8,0xa1,0x50085,0x43,0xa3,
0x9f,0xa2,0x4006e,0x3e,0xa4,0xa3,0x4007c,0x3f,
0xa5,0xa4,0x500c4,0x3f,0xa6,0xa5,0x58,0x4007c,
0x3e,0xa7,0xa6,0x500c3,0x3e,0xa8,0xa7,0x59,
0x50051,0x43,0xa9,0x74,0x2,0x6000c,0x43,0xaa,
0x1,0x6,0xa9,0x4006e,0x3e,0xab,0xaa,0x4006f,
0x43,0xac,0xab,0x6000c,0x43,0xad,0x1,0x4,
0xa9,0x50081,0x43,0xae,0xad,0x57,0x6000c,0x43,
0xaf,0x1,0x8,0xae,0x50085,0x43,0xb0,0xac,
0xaf,0x4006e,0x3e,0xb1,0xb0,0x4007c,0x3f,0xb2,
0xb1,0x500c4,0x3f,0xb3,0xb2,0x58,0x4007c,0x3e,
0xb4,0xb3,0x500c3,0x3e,0xb5,0xb4,0x59,0x60050,
0x47,0xb6,0x9b,0xa8,0xb5,0x50084,0x47,0xb7,
0x8e,0xb6,0x500c3,0x47,0xb8,0xb7,0x5e,0x50051,
0x3e,0xb9,0xb8,0x0,0x50051,0x3e,0xba,0xb8,
0x1,0x50080,0x3e,0xbb,0xb9,0xba,0x50051,0x3e,
0xbc,0xb8,0x2,0x50080,0x3e,0xbd,0xbb,0xbc,
0x4007c,0x3f,0xbe,0xbd,0x500c4,0x3f,0xbf,0xbe,
0x58,0x4007c,0x3e,0xc0,0xbf,0x500c3,0x3e,0xc1,
0xc0,0x59,0x4006f,0x43,0xc2,0xc1,0x5008e,0x4b,
0xc3,0x79,0x5c,0x6000c,0x4b,0xc4,0x1,0x2,
0xc3,0x4006e,0x47,0xc5,0xc4,0x50084,0x47,0xc6,
0xc5,0xb6,0x500c3,0x47,0xc7,0xc6,0x5e,0x50051,
0x3e,0xc8,0xc7,0x0,0x50051,0x3e,0xc9,0xc7,
0x1,0x50080,0x3e,0xca,0xc8,0xc9,0x50051,0x3e,
0xcb,0xc7,0x2,0x50080,0x3e,0xcc,0xca,0xcb,
0x4007c,0x3f,0xcd,0xcc,0x500c4,0x3f,0xce,0xcd,
0x58,0x4007c,0x3e,0xcf,0xce,0x500c3,0x3e,0xd0,
0xcf,0x59,0x4006f,0x43,0xd1,0xd0,0x5008e,0x4b,
0xd2,0x7a,0x5c,0x6000c,0x4b,0xd3,0x1,0x2,
0xd2,0x4006e,0x47,0xd4,0xd3,0x50084,0x47,0xd5,
0xd4,0xb6,0x500c3,0x47,0xd6,0xd5,0x5e,0x50051,
0x3e,0xd7,0xd6,0x0,0x50051,0x3e,0xd8,0xd6,
0x1,0x50080,0x3e,0xd9,0xd7,0xd8,0x50051,0x3e,
0xda,0xd6,0x2,0x50080,0x3e,0xdb,0xd9,0xda,
0x4007c,0x3f,0xdc,0xdb,0x500c4,0x3f,0xdd,0xdc,
0x58,0x4007c,0x3e,0xde,0xdd,0x500c3,0x3e,0xdf,
0xde,0x59,0x4006f,0x43,0xe0,0xdf,0x60050,0x4b,
0xe1,0xc2,0xd1,0xe0,0x200f9,0x86,0x200f8,0x8a,
0x50094,0x43,0xe2,0x78,0x74,0x50094,0x43,0xe3,
0x79,0x74,0x50094,0x43,0xe4,0x7a,0x74,0x60050,
0x4b,0xe5,0xe2,0xe3,0xe4,0x200f9,0x86,0x200f8,
0x86,0x700f5,0x4b,0xe6,0xe1,0x8b,0xe5,0x8a,
0x300f7,0xe7,0x0,0x400fa,0x89,0xe8,0xe9,0x200f8,
0xe8,0x50051,0x43,0xea,0xe6,0x0,0x4006e,0x3e,
0xeb,0xea,0x50051,0x43,0xec,0x7c,0x0,0x6000c,
0x43,0xed,0x1,0x6,0xec,0x4006e,0x3e,0xee,
0xed,0x4006f,0x43,0xef,0xee,0x6000c,0x43,0xf0,
0x1,0x4,0xec,0x50081,0x43,0xf1,0xf0,0x57,
0x6000c,0x43,0xf2,0x1,0x8,0xf1,0x50085,0x43,
0xf3,0xef,0xf2,0x4006e,0x3e,0xf4,0xf3,0x50080,
0x3e,0xf5,0xeb,0xf4,0x4007c,0x3f,0xf6,0xf5,
0x500c4,0x3f,0xf7,0xf6,0x58,0x4007c,0x3e,0xf8,
0xf7,0x500c3,0x3e,0xf9,0xf8,0x59,0x4006f,0x43,
0xfa,0xf9,0x50051,0x43,0xfb,0xe6,0x1,0x4006e,
0x3e,0xfc,0xfb,0x50051,0x43,0xfd,0x7c,0x1,
0x6000c,0x43,0xfe,0x1,0x6,0xfd,0x4006e,0x3e,
0xff,0xfe,0x4006f,0x43,0x100,0xff,0x6000c,0x43,
0x101,0x1,0x4,0xfd,0x50081,0x43,0x102,0x101,
0x57,0x6000c,0x43,0x103,0x1,0x8,0x102,0x50085,
0x43,0x104,0x100,0x103,0x4006e,0x3e,0x105,0x104,
0x50080,0x3e,0x106,0xfc,0x105,0x4007c,0x3f,0x107,
0x106,0x500c4,0x3f,0x108,0x107,0x58,0x4007c,0x3e,
0x109,0x108,0x500c3,0x3e,0x10a,0x109,0x59,0x4006f,
0x43,0x10b,0x10a,0x50051,0x43,0x10c,0xe6,0x2,
0x4006e,0x3e,0x10d,0x10c,0x50051,0x43,0x10e,0x7c,
0x2,0x6000c,0x43,0x10f,0x1,0x6,0x10e,0x4006e,
0x3e,0x110,0x10f,0x4006f,0x43,0x111,0x110,0x6000c,
0x43,0x112,0x1,0x4,0x10e,0x50081,0x43,0x113,
0x112,0x57,0x6000c,0x43,0x114,0x1,0x8,0x113,
0x50085,0x43,0x115,0x111,0x114,0x4006e,0x3e,0x116,
0x115,0x50080,0x3e,0x117,0x10d,0x116,0x4007c,0x3f,
0x118,0x117,0x500c4,0x3f,0x119,0x118,0x58,0x4007c,
0x3e,0x11a,0x119,0x500c3,0x3e,0x11b,0x11a,0x59,
0x4006f,0x43,0x11c,0x11b,0x60050,0x4b,0x11d,0xfa,
0x10b,0x11c,0x200f9,0xe7,0x200f8,0xe9,0x50081,0x4b,
0x11e,0xe6,0x7c,0x200f9,0xe7,0x200f8,0xe7,0x700f5,
0x4b,0x11f,0x11d,0xe8,0x11e,0xe9,0x300f7,0x120,
0x0,0x300fb,0x4e,0x121,0x200f8,0x121,0x300f7,0x122,
0x0,0x400fa,0x89,0x123,0x122,0x200f8,0x123,0x5008e,
0x4b,0x124,0x78,0x5c,0x6000c,0x4b,0x125,0x1,
0x2,0x124,0x4006e,0x47,0x126,0x125,0x50051,0x43,
0x127,0x7d,0x0,0x6000c,0x43,0x128,0x1,0x6,
0x127,0x4006e,0x3e,0x129,0x128,0x4006f,0x43,0x12a,
0x129,0x6000c,0x43,0x12b,0x1,0x4,0x127,0x50081,
0x43,0x12c,0x12b,0x57,0x6000c,0x43,0x12d,0x1,
0x8,0x12c,0x50085,0x43,0x12e,0x12a,0x12d,0x4006e,
0x3e,0x12f,0x12e,0x4007c,0x3f,0x130,0x12f,0x500c4,
0x3f,0x131,0x130,0x58,0x4007c,0x3e,0x132,0x131,
0x500c3,0x3e,0x133,0x132,0x59,0x50051,0x43,0x134,
0x7d,0x1,0x6000c,0x43,0x135,0x1,0x6,0x134,
0x4006e,0x3e,0x136,0x135,0x4006f,0x43,0x137,0x136,
0x6000c,0x43,0x138,0x1,0x4,0x134,0x50081,0x43,
0x139,0x138,0x57,0x6000c,0x43,0x13a,0x1,0x8,
0x139,0x50085,0x43,0x13b,0x137,0x13a,0x4006e,0x3e,
0x13c,0x13b,0x4007c,0x3f,0x13d,0x13c,0x500c4,0x3f,
0x13e,0x13d,0x58,0x4007c,0x3e,0x13f,0x13e,0x500c3,
0x3e,0x140,0x13f,0x59,0x50051,0x43,0x141,0x7d,
0x2,0x6000c,0x43,0x142,0x1,0x6,0x141,0x4006e,
0x3e,0x143,0x142,0x4006f,0x43,0x144,0x143,0x6000c,
0x43,0x145,0x1,0x4,0x141,0x50081,0x43,0x146,
0x145,0x57,0x6000c,0x43,0x147,0x1,0x8,0x146,
0x50085,0x43,0x148,0x144,0x147,0x4006e,0x3e,0x149,
0x148,0x4007c,0x3f,0x14a,0x149,0x500c4,0x3f,0x14b,
0x14a,0x58,0x4007c,0x3e,0x14c,0x14b,0x500c3,0x3e,
0x14d,0x14c,0x59,0x60050,0x47,0x14e,0x133,0x140,
0x14d,0x50084,0x47,0x14f,0x126,0x14e,0x500c3,0x47,
0x150,0x14f,0x5e,0x50051,0x3e,0x151,0x150,0x0,
0x50051,0x3e,0x152,0x150,0x1,0x50080,0x3e,0x153,
0x151,0x152,0x50051,0x3e,0x154,0x150,0x2,0x50080,
0x3e,0x155,0x153,0x154,0x4007c,0x3f,0x156,0x155,
0x500c4,0x3f,0x157,0x156,0x58,0x4007c,0x3e,0x158,
0x157,0x500c3,0x3e,0x159,0x158,0x59,0x4006f,0x43,
0x15a,0x159,0x5008e,0x4b,0x15b,0x79,0x5c,0x6000c,
0x4b,0x15c,0x1,0x2,0x15b,0x4006e,0x47,0x15d,
0x15c,0x50084,0x47,0x15e,0x15d,0x14e,0x500c3,0x47,
0x15f,0x15e,0x5e,0x50051,0x3e,0x160,0x15f,0x0,
0x50051,0x3e,0x161,0x15f,0x1,0x50080,0x3e,0x162,
0x160,0x161,0x50051,0x3e,0x163,0x15f,0x2,0x50080,
0x3e,0x164,0x162,0x163,0x4007c,0x3f,0x165,0x164,
0x500c4,0x3f,0x166,0x165,0x58,0x4007c,0x3e,0x167,
0x166,0x500c3,0x3e,0x168,0x167,0x59,0x4006f,0x43,
0x169,0x168,0x5008e,0x4b,0x16a,0x7a,0x5c,0x6000c,
0x4b,0x16b,0x1,0x2,0x16a,0x4006e,0x47,0x16c,
0x16b,0x50084,0x47,0x16d,0x16c,0x14e,0x500c3,0x47,
0x16e,0x16d,0x5e,0x50051,0x3e,0x16f,0x16e,0x0,
0x50051,0x3e,0x170,0x16e,0x1,0x50080,0x3e,0x171,
0x16f,0x170,0x50051,0x3e,0x172,0x16e,0x2,0x50080,
0x3e,0x173,0x171,0x172,0x4007c,0x3f,0x174,0x173,
0x500c4,0x3f,0x175,0x174,0x58,0x4007c,0x3e,0x176,
0x175,0x500c3,0x3e,0x177,0x176,0x59,0x4006f,0x43,
0x178,0x177,0x60050,0x4b,0x179,0x15a,0x169,0x178,
0x200f9,0x120,0x200f8,0x122,0x50094,0x43,0x17a,0x78,
0x7d,0x50094,0x43,0x17b,0x79,0x7d,0x50094,0x43,
0x17c,0x7a,0x7d,0x60050,0x4b,0x17d,0x17a,0x17b,
0x17c,0x200f9,0x120,0x200f8,0x120,0x700f5,0x4b,0x17e,
0x179,0x123,0x17d,0x122,0x50051,0x43,0x17f,0x17e,
0x1,0x6000c,0x43,0x180,0x1,0x4,0x17f,0x4007f,
0x43,0x181,0x180,0x50051,0x43,0x182,0x17e,0x0,
0x6000c,0x43,0x183,0x1,0x6,0x182,0x4006e,0x3e,
0x184,0x183,0x4006f,0x43,0x185,0x184,0x6000c,0x43,
0x186,0x1,0x4,0x182,0x50081,0x43,0x187,0x186,
0x57,0x6000c,0x43,0x188,0x1,0x8,0x187,0x50085,
0x43,0x189,0x185,0x188,0x4006e,0x3e,0x18a,0x189,
0x6000c,0x43,0x18b,0x1,0x6,0x181,0x4006e,0x3e,
0x18c,0x18b,0x4006f,0x43,0x18d,0x18c,0x6000c,0x43,
0x18e,0x1,0x4,0x181,0x50081,0x43,0x18f,0x18e,
0x57,0x6000c,0x43,0x190,0x1,0x8,0x18f,0x50085,
0x43,0x191,0x18d,0x190,0x4006e,0x3e,0x192,0x191,
0x50051,0x43,0x193,0x17e,0x2,0x6000c,0x43,0x194,
0x1,0x6,0x193,0x4006e,0x3e,0x195,0x194,0x4006f,
0x43,0x196,0x195,0x6000c,0x43,0x197,0x1,0x4,
0x193,0x50081,0x43,0x198,0x197,0x57,0x6000c,0x43,
0x199,0x1,0x8,0x198,0x50085,0x43,0x19a,0x196,
0x199,0x4006e,0x3e,0x19b,0x19a,0x60050,0x47,0x19c,
0x18a,0x192,0x19b,0x50051,0x43,0x19d,0x7e,0x0,
0x4006e,0x3e,0x19e,0x19d,0x60050,0x47,0x19f,0x19e,
0x19e,0x19e,0x50084,0x47,0x1a0,0x19c,0x19f,0x500c3,
0x47,0x1a1,0x1a0,0x48,0x4006f,0x4b,0x1a2,0x1a1,
0x50081,0x4b,0x1a3,0x11f,0x1a2,0x50085,0x4b,0x1a4,
0x1a3,0x4c,0x50051,0x43,0x1a5,0x7e,0x1,0x60050,
0x4b,0x1a6,0x1a5,0x1a5,0x1a5,0x50088,0x4b,0x1a7,
0x1a4,0x1a6,0x200f9,0x84,0x200f8,0x84,0x700f5,0x4b,
0x1a8,0x74,0x73,0x1a7,0x120,0x60041,0x72,0x1a9,
0x20,0x41,0x41,0x4003d,0x4f,0x1aa,0x1a9,0x60041,
0x72,0x1ab,0x20,0x41,0x45,0x4003d,0x4f,0x1ac,
0x1ab,0x60041,0x72,0x1ad,0x20,0x41,0x42,0x4003d,
0x4f,0x1ae,0x1ad,0x70050,0x60,0x1af,0x1aa,0x1ac,
0x1ae,0x5a,0x50051,0x43,0x1b0,0x1a8,0x0,0x50051,
0x43,0x1b1,0x1a8,0x1,0x50051,0x43,0x1b2,0x1a8,
0x2,0x70050,0x4f,0x1b3,0x1b0,0x1b1,0x1b2,0x49,
0x50090,0x4f,0x1b4,0x1b3,0x1af,0x50051,0x3f,0x1b5,
0x81,0x3,0x500c7,0x3f,0x1b6,0x1b5,0x4d,0x500ab,
0x70,0x1b7,0x1b6,0x4e,0x300f7,0x1b8,0x0,0x400fa,
0x1b7,0x1b9,0x1b8,0x200f8,0x1b9,0x50090,0x4f,0x1ba,
0x50,0x1af,0x8004f,0x4b,0x1bb,0x1ba,0x1ba,0x0,
0x1,0x2,0x6000c,0x43,0x1bc,0x1,0x42,0x1bb,
0x50090,0x4f,0x1bd,0x51,0x1af,0x8004f,0x4b,0x1be,
0x1bd,0x1bd,0x0,0x1,0x2,0x6000c,0x43,0x1bf,
0x1,0x42,0x1be,0x300f7,0x1c0,0x0,0x400fa,0x83,
0x1c1,0x1c0,0x200f8,0x1c1,0x50051,0x43,0x1c2,0x7e,
0x1,0x50088,0x43,0x1c3,0x1bc,0x1c2,0x50088,0x43,
0x1c4,0x1bf,0x1c2,0x200f9,0x1c0,0x200f8,0x1c0,0x700f5,
0x43,0x1c5,0x1bf,0x1b9,0x1c4,0x1c1,0x700f5,0x43,
0x1c6,0x1bc,0x1b9,0x1c3,0x1c1,0x50050,0x66,0x1c7,
0x1c6,0x1c5,0x50085,0x66,0x1c8,0x82,0x1c7,0x7004f,
0x66,0x1c9,0x1b4,0x1b4,0x0,0x1,0x50081,0x66,
0x1ca,0x1c9,0x1c8,0x9004f,0x4f,0x1cb,0x1b4,0x1ca,
0x4,0x5,0x2,0x3,0x200f9,0x1b8,0x200f8,0x1b8,
0x700f5,0x4f,0x1cc,0x1b4,0x84,0x1cb,0x1c0,0x50041,
0x71,0x1cd,0x20,0x45,0x4003d,0x60,0x1ce,0x1cd,
0x50090,0x4f,0x1cf,0x1cc,0x1ce,0x500c7,0x3f,0x1d0,
0x1b5,0x52,0x500ab,0x70,0x1d1,0x1d0,0x4e,0x300f7,
0x1d2,0x0,0x400fa,0x1d1,0x1d3,0x1d2,0x200f8,0x1d3,
0x50051,0x43,0x1d4,0x1cf,0x3,0x50085,0x43,0x1d5,
0x1d4,0x53,0x50051,0x43,0x1d6,0x1cf,0x2,0x50083,
0x43,0x1d7,0x1d6,0x1d5,0x60052,0x4f,0x1d8,0x1d7,
0x1cf,0x2,0x200f9,0x1d2,0x200f8,0x1d2,0x700f5,0x4f,
0x1d9,0x1cf,0x1b8,0x1d8,0x1d3,0x500c7,0x3f,0x1da,
0x1b5,0x54,0x500ab,0x70,0x1db,0x1da,0x4e,0x300f7,
0x1dc,0x0,0x400fa,0x1db,0x1dd,0x1dc,0x200f8,0x1dd,
0x50051,0x43,0x1de,0x82,0x0,0x500b4,0x70,0x1df,
0x1de,0x44,0x600a9,0x43,0x1e0,0x1df,0x49,0x1de,
0x50051,0x43,0x1e1,0x80,0x0,0x50051,0x43,0x1e2,
0x80,0x1,0x60050,0x4b,0x1e3,0x1e1,0x1e2,0x1e0,
0x200f9,0x1dc,0x200f8,0x1dc,0x700f5,0x4b,0x1e4,0x1a8,
0x1d2,0x1e3,0x1dd,0x500aa,0x70,0x1e5,0x7b,0x46,
0x300f7,0x1e6,0x0,0x400fa,0x1e5,0x1e7,0x1e6,0x200f8,
0x1e7,0x50051,0x43,0x1e8,0x78,0x0,0x50051,0x43,
0x1e9,0x78,0x1,0x50051,0x43,0x1ea,0x78,0x2,
0x70050,0x4f,0x1eb,0x1e8,0x1e9,0x1ea,0x49,0x50090,
0x4f,0x1ec,0x1eb,0x1af,0x8004f,0x4b,0x1ed,0x1ec,
0x1ec,0x0,0x1,0x2,0x50051,0x43,0x1ee,0x79,
0x0,0x50051,0x43,0x1ef,0x79,0x1,0x50051,0x43,
0x1f0,0x79,0x2,0x70050,0x4f,0x1f1,0x1ee,0x1ef,
0x1f0,0x49,0x50090,0x4f,0x1f2,0x1f1,0x1af,0x8004f,
0x4b,0x1f3,0x1f2,0x1f2,0x0,0x1,0x2,0x50051,
0x43,0x1f4,0x7a,0x0,0x50051,0x43,0x1f5,0x7a,
0x1,0x50051,0x43,0x1f6,0x7a,0x2,0x70050,0x4f,
0x1f7,0x1f4,0x1f5,0x1f6,0x49,0x50090,0x4f,0x1f8,
0x1f7,0x1af,0x8004f,0x4b,0x1f9,0x1f8,0x1f8,0x0,
0x1,0x2,0x50051,0x43,0x1fa,0x1ec,0x0,0x50051,
0x43,0x1fb,0x1f2,0x1,0x50051,0x43,0x1fc,0x1f8,
0x2,0x50085,0x43,0x22,0x1fb,0x1fc,0x50051,0x43,
0x1fd,0x1f2,0x2,0x50051,0x43,0x1fe,0x1f8,0x1,
0x50085,0x43,0x23,0x1fd,0x1fe,0x50083,0x43,0x24,
0x22,0x23,0x50085,0x43,0x25,0x1fa,0x24,0x50051,
0x43,0x1ff,0x1ec,0x1,0x50051,0x43,0x200,0x1f2,
0x0,0x50085,0x43,0x26,0x200,0x1fc,0x50051,0x43,
0x201,0x1f8,0x0,0x50085,0x43,0x27,0x1fd,0x201,
0x50083,0x43,0x28,0x26,0x27,0x50085,0x43,0x29,
0x1ff,0x28,0x50083,0x43,0x2a,0x25,0x29,0x50051,
0x43,0x202,0x1ec,0x2,0x50085,0x43,0x2b,0x200,
0x1fe,0x50085,0x43,0x2c,0x1fb,0x201,0x50083,0x43,
0x2d,0x2b,0x2c,0x50085,0x43,0x2e,0x202,0x2d,
0x50081,0x43,0x2f,0x2a,0x2e,0x6000c,0x4b,0x203,
0x1,0x4,0x1ed,0x6000c,0x4b,0x204,0x1,0x4,
0x1f3,0x7000c,0x4b,0x205,0x1,0x50,0x203,0x204,
0x6000c,0x4b,0x206,0x1,0x4,0x1f9,0x7000c,0x4b,
0x207,0x1,0x50,0x205,0x206,0x50051,0x43,0x208,
0x207,0x0,0x50051,0x43,0x209,0x207,0x1,0x7000c,
0x43,0x20a,0x1,0x50,0x208,0x209,0x50051,0x43,
0x20b,0x207,0x2,0x7000c,0x43,0x20c,0x1,0x50,
0x20b,0x49,0x7000c,0x43,0x20d,0x1,0x50,0x20a,
0x20c,0x50085,0x43,0x20e,0x20d,0x20d,0x50085,0x43,
0x20f,0x20e,0x20d,0x50085,0x43,0x210,0x20f,0x5b,
0x500bc,0x70,0x211,0x2f,0x210,0x600a9,0x3f,0x212,
0x211,0x46,0x4e,0x200f9,0x1e6,0x200f8,0x1e6,0x700f5,
0x3f,0x213,0x46,0x1dc,0x212,0x1e7,0x500ab,0x70,
0x214,0x7f,0x4e,0x300f7,0x215,0x0,0x400fa,0x214,
0x216,0x215,0x200f8,0x216,0x50051,0x43,0x217,0x7c,
0x0,0x50051,0x43,0x218,0x7c,0x1,0x50051,0x43,
0x219,0x7c,0x2,0x70050,0x4f,0x21a,0x217,0x218,
0x219,0x49,0x50090,0x4f,0x21b,0x21a,0x1af,0x8004f,
0x4b,0x21c,0x21b,0x21b,0x0,0x1,0x2,0x50051,
0x43,0x21d,0x7d,0x0,0x50051,0x43,0x21e,0x7d,
0x1,0x50051,0x43,0x21f,0x7d,0x2,0x70050,0x4f,
0x220,0x21d,0x21e,0x21f,0x49,0x50090,0x4f,0x221,
0x220,0x1af,0x8004f,0x4b,0x222,0x221,0x221,0x0,
0x1,0x2,0x50051,0x43,0x223,0x7e,0x0,0x50051,
0x43,0x224,0x7e,0x1,0x50051,0x43,0x225,0x7e,
0x2,0x70050,0x4f,0x226,0x223,0x224,0x225,0x49,
0x50090,0x4f,0x227,0x226,0x1af,0x8004f,0x4b,0x228,
0x227,0x227,0x0,0x1,0x2,0x50051,0x43,0x229,
0x21b,0x0,0x50051,0x43,0x22a,0x221,0x1,0x50051,
0x43,0x22b,0x227,0x2,0x50085,0x43,0x30,0x22a,
0x22b,0x50051,0x43,0x22c,0x221,0x2,0x50051,0x43,
0x22d,0x227,0x1,0x50085,0x43,0x31,0x22c,0x22d,
0x50083,0x43,0x32,0x30,0x31,0x50085,0x43,0x33,
0x229,0x32,0x50051,0x43,0x22e,0x21b,0x1,0x50051,
0x43,0x22f,0x221,0x0,0x50085,0x43,0x34,0x22f,
0x22b,0x50051,0x43,0x230,0x227,0x0,0x50085,0x43,
0x35,0x22c,0x230,0x50083,0x43,0x36,0x34,0x35,
0x50085,0x43,0x37,0x22e,0x36,0x50083,0x43,0x38,
0x33,0x37,0x50051,0x43,0x231,0x21b,0x2,0x50085,
0x43,0x39,0x22f,0x22d,0x50085,0x43,0x3a,0x22a,
0x230,0x50083,0x43,0x3b,0x39,0x3a,0x50085,0x43,
0x3c,0x231,0x3b,0x50081,0x43,0x3d,0x38,0x3c,
0x6000c,0x4b,0x232,0x1,0x4,0x21c,0x6000c,0x4b,
0x233,0x1,0x4,0x222,0x7000c,0x4b,0x234,0x1,
0x50,0x232,0x233,0x6000c,0x4b,0x235,0x1,0x4,
0x228,0x7000c,0x4b,0x236,0x1,0x50,0x234,0x235,
0x50051,0x43,0x237,0x236,0x0,0x50051,0x43,0x238,
0x236,0x1,0x7000c,0x43,0x239,0x1,0x50,0x237,
0x238,0x50051,0x43,0x23a,0x236,0x2,0x7000c,0x43,
0x23b,0x1,0x50,0x23a,0x49,0x7000c,0x43,0x23c,
0x1,0x50,0x239,0x23b,0x50085,0x43,0x23d,0x23c,
0x23c,0x50085,0x43,0x23e,0x23d,0x23c,0x50085,0x43,
0x23f,0x23e,0x5b,0x500bc,0x70,0x240,0x3d,0x23f,
0x600a9,0x3f,0x241,0x240,0x46,0x4e,0x500c7,0x3f,
0x242,0x213,0x241,0x200f9,0x215,0x200f8,0x215,0x700f5,
0x3f,0x243,0x213,0x1e6,0x242,0x216,0x3003e,0x12,
0x1d9,0x3003e,0x13,0x75,0x3003e,0x14,0x76,0x3003e,
0x15,0x77,0x3003e,0x16,0x243,0x3003e,0x17,0x80,
0x3003e,0x18,0x81,0x3003e,0x19,0x55,0x3003e,0x1a,
0x4e,0x3003e,0x1b,0x80,0x3003e,0x1c,0x1e4,0x3003e,
0x1d,0x56,0x3003e,0x1e,0x55,0x100fd,0x10038
};
inline constexpr std::uint32_t vertex_textured[]={
0x7230203,0x10000,0xe0000,0xf5c,0x0,0x20011,0x1,0x6000b,
0x1,0x4c534c47,0x6474732e,0x3035342e,0x0,0x3000e,0x0,0x1,
0x25000f,0x0,0x2,0x74726576,0x745f7865,0x75747865,0x5f646572,0x6e69616d,
0x0,0x3,0x4,0x5,0x6,0x7,0x8,0x9,
0xa,0xb,0xc,0xd,0xe,0xf,0x10,0x11,
0x12,0x13,0x14,0x15,0x16,0x17,0x18,0x19,
0x1a,0x1b,0x1c,0x1d,0x1e,0x30003,0x5,0x258,
0x90005,0x1f,0x65707974,0x6e6f432e,0x6e617473,0x66754274,0x2e726566,0x656d6143,
0x6172,0x60006,0x1f,0x0,0x77656976,0x776f725f,0x73,0x60006,
0x1f,0x1,0x6a6f7270,0x69746365,0x6e6f,0x50006,0x1f,0x2,
0x65666665,0x737463,0x40005,0x20,0x656d6163,0x6172,0x90005,0x21,
0x65707974,0x7274532e,0x75746375,0x42646572,0x65666675,0x69752e72,0x746e,0x40005,
0x22,0x65786574,0x736c,0x60005,0x3,0x762e6e69,0x502e7261,0x5449534f,
0x4e4f49,0x60005,0x4,0x762e6e69,0x432e7261,0x524f4c4f,0x30,0x60005,
0x5,0x762e6e69,0x432e7261,0x524f4c4f,0x31,0x70005,0x6,0x762e6e69,
0x542e7261,0x4f435845,0x3044524f,0x0,0x70005,0x7,0x762e6e69,0x542e7261,
0x4f435845,0x3144524f,0x0,0x70005,0x8,0x762e6e69,0x542e7261,0x4f435845,
0x3244524f,0x0,0x70005,0x9,0x762e6e69,0x542e7261,0x4f435845,0x3344524f,
0x0,0x70005,0xa,0x762e6e69,0x542e7261,0x4f435845,0x3444524f,0x0,
0x70005,0xb,0x762e6e69,0x542e7261,0x4f435845,0x3544524f,0x0,0x70005,
0xc,0x762e6e69,0x542e7261,0x4f435845,0x3644524f,0x0,0x70005,0xd,
0x762e6e69,0x542e7261,0x4f435845,0x3744524f,0x0,0x70005,0xe,0x762e6e69,
0x542e7261,0x4f435845,0x3844524f,0x0,0x70005,0xf,0x762e6e69,0x542e7261,
0x4f435845,0x3944524f,0x0,0x70005,0x10,0x762e6e69,0x542e7261,0x4f435845,
0x3144524f,0x30,0x70005,0x11,0x762e6e69,0x542e7261,0x4f435845,0x3144524f,
0x31,0x60005,0x13,0x2e74756f,0x2e726176,0x4f4c4f43,0x3052,0x60005,
0x14,0x2e74756f,0x2e726176,0x4f4c4f43,0x3152,0x70005,0x15,0x2e74756f,
0x2e726176,0x43584554,0x44524f4f,0x30,0x70005,0x16,0x2e74756f,0x2e726176,
0x43584554,0x44524f4f,0x31,0x70005,0x17,0x2e74756f,0x2e726176,0x43584554,
0x44524f4f,0x32,0x70005,0x18,0x2e74756f,0x2e726176,0x43584554,0x44524f4f,
0x33,0x70005,0x19,0x2e74756f,0x2e726176,0x43584554,0x44524f4f,0x34,
0x70005,0x1a,0x2e74756f,0x2e726176,0x43584554,0x44524f4f,0x35,0x70005,
0x1b,0x2e74756f,0x2e726176,0x43584554,0x44524f4f,0x36,0x70005,0x1c,
0x2e74756f,0x2e726176,0x43584554,0x44524f4f,0x37,0x70005,0x1d,0x2e74756f,
0x2e726176,0x43584554,0x44524f4f,0x38,0x70005,0x1e,0x2e74756f,0x2e726176,
0x43584554,0x44524f4f,0x39,0x80005,0x2,0x74726576,0x745f7865,0x75747865,
0x5f646572,0x6e69616d,0x0,0x40047,0x12,0xb,0x0,0x30047,
0x13,0xe,0x30047,0x14,0xe,0x30047,0x15,0xe,
0x30047,0x16,0xe,0x30047,0x17,0xd,0x30047,0x18,
0xe,0x30047,0x19,0xe,0x30047,0x1a,0xe,0x30047,
0x1d,0xe,0x30047,0x1e,0xe,0x40047,0x3,0x1e,
0x0,0x40047,0x4,0x1e,0x1,0x40047,0x5,0x1e,
0x2,0x40047,0x6,0x1e,0x3,0x40047,0x7,0x1e,
0x4,0x40047,0x8,0x1e,0x5,0x40047,0x9,0x1e,
0x6,0x40047,0xa,0x1e,0x7,0x40047,0xb,0x1e,
0x8,0x40047,0xc,0x1e,0x9,0x40047,0xd,0x1e,
0xa,0x40047,0xe,0x1e,0xb,0x40047,0xf,0x1e,
0xc,0x40047,0x10,0x1e,0xd,0x40047,0x11,0x1e,
0xe,0x40047,0x13,0x1e,0x0,0x40047,0x14,0x1e,
0x1,0x40047,0x15,0x1e,0x2,0x40047,0x16,0x1e,
0x3,0x40047,0x17,0x1e,0x4,0x40047,0x18,0x1e,
0x5,0x40047,0x19,0x1e,0x6,0x40047,0x1a,0x1e,
0x7,0x40047,0x1b,0x1e,0x8,0x40047,0x1c,0x1e,
0x9,0x40047,0x1d,0x1e,0xa,0x40047,0x1e,0x1e,
0xb,0x40047,0x22,0x22,0x0,0x40047,0x22,0x21,
0x0,0x40047,0x23,0x6,0x10,0x50048,0x1f,0x0,
0x23,0x0,0x50048,0x1f,0x1,0x23,0x30,0x50048,
0x1f,0x1,0x7,0x10,0x40048,0x1f,0x1,0x4,
0x50048,0x1f,0x2,0x23,0x70,0x30047,0x1f,0x2,
0x40047,0x24,0x6,0x4,0x50048,0x21,0x0,0x23,
0x0,0x40048,0x21,0x0,0x18,0x30047,0x21,0x3,
0x30047,0x25,0x2a,0x30047,0x26,0x2a,0x30047,0x27,
0x2a,0x30047,0x28,0x2a,0x30047,0x29,0x2a,0x30047,
0x2a,0x2a,0x30047,0x2b,0x2a,0x30047,0x2c,0x2a,
0x30047,0x2d,0x2a,0x30047,0x2e,0x2a,0x30047,0x2f,
0x2a,0x30047,0x30,0x2a,0x30047,0x31,0x2a,0x30047,
0x32,0x2a,0x30047,0x33,0x2a,0x30047,0x34,0x2a,
0x30047,0x35,0x2a,0x30047,0x36,0x2a,0x30047,0x37,
0x2a,0x30047,0x38,0x2a,0x30047,0x39,0x2a,0x30047,
0x3a,0x2a,0x30047,0x3b,0x2a,0x30047,0x3c,0x2a,
0x30047,0x3d,0x2a,0x30047,0x3e,0x2a,0x30047,0x3f,
0x2a,0x30047,0x40,0x2a,0x30047,0x41,0x2a,0x30047,
0x42,0x2a,0x30047,0x43,0x2a,0x30047,0x44,0x2a,
0x30047,0x45,0x2a,0x30047,0x46,0x2a,0x40015,0x47,
0x20,0x1,0x4002b,0x47,0x48,0x0,0x40015,0x49,
0x20,0x0,0x4002b,0x49,0x4a,0x1,0x4002b,0x49,
0x4b,0x10000000,0x4002b,0x49,0x4c,0x0,0x4002b,0x49,
0x4d,0x110,0x4002b,0x49,0x4e,0x4000,0x30016,0x4f,
0x20,0x4002b,0x4f,0x50,0x38d1b717,0x4002b,0x47,0x51,
0x1,0x4002b,0x4f,0x52,0xb8d1b717,0x4002b,0x4f,0x53,
0x45800000,0x4002b,0x4f,0x54,0x0,0x40017,0x55,0x4f,
0x2,0x5002c,0x55,0x56,0x54,0x54,0x4002b,0x49,
0x57,0x3,0x4002b,0x49,0x58,0x8000000,0x4002b,0x47,
0x59,0x8,0x20014,0x5a,0x3002a,0x5a,0x5b,0x4002b,
0x4f,0x5c,0x43000000,0x4002b,0x4f,0x5d,0x43800000,0x4002b,
0x4f,0x5e,0x43700000,0x4002b,0x4f,0x5f,0x44000000,0x4002b,
0x47,0x60,0x2,0x4002b,0x4f,0x61,0x3f800000,0x4002b,
0x49,0x62,0x4,0x4002b,0x49,0x63,0x4000000,0x4002b,
0x49,0x64,0x8,0x4002b,0x49,0x65,0x2,0x4002b,
0x4f,0x66,0xbf800000,0x40017,0x67,0x4f,0x3,0x6002c,
0x67,0x68,0x61,0x66,0x66,0x6002c,0x67,0x69,
0x54,0x54,0x66,0x4002b,0x49,0x6a,0xf,0x4002b,
0x49,0x6b,0x10,0x4002b,0x49,0x6c,0xe,0x4002b,
0x49,0x6d,0xff,0x4002b,0x49,0x6e,0x5,0x4002b,
0x49,0x6f,0x1f,0x4002b,0x49,0x70,0x18,0x40017,
0x71,0x4f,0x4,0x4002b,0x4f,0x72,0x3d25aee6,0x6002c,
0x67,0x73,0x72,0x72,0x72,0x4002b,0x4f,0x74,
0x3d6147ae,0x6002c,0x67,0x75,0x74,0x74,0x74,0x4002b,
0x4f,0x76,0x4019999a,0x6002c,0x67,0x77,0x76,0x76,
0x76,0x4002b,0x49,0x78,0x6,0x40017,0x79,0x49,
0x4,0x7002c,0x79,0x7a,0x4c,0x4c,0x4c,0x4c,
0x4002b,0x49,0x7b,0x20000,0x4002b,0x49,0x7c,0x400000,
0x4002b,0x49,0x7d,0x2000000,0x4002b,0x49,0x7e,0x7,
0x4002b,0x49,0x7f,0x40000,0x4002b,0x49,0x80,0x80000,
0x4002b,0x49,0x81,0x1000000,0x4002b,0x49,0x82,0xa,
0x4002b,0x49,0x83,0xc,0x4002b,0x49,0x84,0x20,
0x4002b,0x49,0x85,0x80,0x6002c,0x67,0x86,0x54,
0x54,0x54,0x4002b,0x49,0x87,0x9,0x30029,0x5a,
0x88,0x4002b,0x4f,0x89,0x7149f2ca,0x5002c,0x55,0x8a,
0x89,0x89,0x4002b,0x49,0x8b,0xb,0x4002b,0x49,
0x8c,0x80000000,0x4002b,0x4f,0x8d,0x40800000,0x4002b,0x49,
0x8e,0xd,0x4002b,0x47,0x8f,0x7,0x4002b,0x49,
0x90,0x15,0x4002b,0x49,0x91,0x12,0x4002b,0x49,
0x92,0x11,0x4002b,0x4f,0x93,0x42800000,0x4002b,0x4f,
0x94,0x3f000000,0x5002c,0x55,0x95,0x66,0x61,0x5002c,
0x55,0x96,0x61,0x61,0x5002c,0x55,0x97,0x61,
0x66,0x5002c,0x55,0x98,0x66,0x66,0x4002b,0x49,
0x99,0x16,0x4002b,0x49,0x9a,0x17,0x4002b,0x49,
0x9b,0x13,0x4002b,0x49,0x9c,0x800000,0x4002b,0x49,
0x9d,0x8000,0x4002b,0x49,0x9e,0x10000,0x4002b,0x49,
0x9f,0x14,0x4002b,0x49,0xa0,0x800,0x4002b,0x4f,
0xa1,0x47800000,0x4002b,0x4f,0xa2,0x47000000,0x4002b,0x4f,
0xa3,0x44800000,0x4002b,0x4f,0xa4,0x457ff000,0x4002b,0x49,
0xa5,0xfff,0x4002b,0x4f,0xa6,0x42a00000,0x4002b,0x4f,
0xa7,0x42880000,0x5002c,0x55,0xa8,0xa6,0xa7,0x4002b,
0x49,0xa9,0x40,0x40017,0xaa,0x47,0x3,0x6002c,
0xaa,0xab,0x48,0x48,0x48,0x4002b,0x47,0xac,
0xf,0x4002b,0x47,0xad,0x1f,0x4002b,0x47,0xae,
0x10,0x4002b,0x49,0xaf,0x2000,0x4002b,0x47,0xb0,
0x2fff,0x4002b,0x4f,0xb1,0x463ffc00,0x4002b,0x49,0xb2,
0x40000000,0x4002b,0x4f,0xb3,0x43d40000,0x4002b,0x4f,0xb4,
0x43c80000,0x4002b,0x4f,0xb5,0x43c00000,0x4002b,0x4f,0xb6,
0x42200000,0x4002b,0x4f,0xb7,0x41700000,0x4002b,0x49,0xb8,
0x1d,0x4002b,0x49,0xb9,0x3d,0x4002b,0x4f,0xba,
0x3e99999a,0x4002b,0x4f,0xbb,0x3e800000,0x7002c,0x71,0xbc,
0x54,0x61,0x54,0x54,0x4002b,0x49,0xbd,0xffff,
0x4002b,0x49,0xbe,0xffffffff,0x4002b,0x49,0xbf,0x100,
0x4002b,0x49,0xc0,0x4d,0x4002b,0x49,0xc1,0x96,
0x6002c,0xaa,0xc2,0x60,0x60,0x60,0x7002c,0x71,
0xc3,0x61,0x54,0x54,0x54,0x4002b,0x4f,0xc4,
0x358637bd,0x6002c,0x67,0xc5,0x61,0x61,0x61,0x4002b,
0x4f,0xc6,0x42e00000,0x4002b,0x47,0xc7,0x40,0x4002b,
0x47,0xc8,0x20,0x4002b,0x4f,0xc9,0x435f0000,0x4002b,
0x4f,0xca,0xc3800000,0x4002b,0x47,0xcb,0xe0,0x7002c,
0x71,0xcc,0x54,0x54,0x54,0x54,0x4002b,0x47,
0xcd,0x100,0x4002b,0x47,0xce,0xdf,0x4002b,0x49,
0xcf,0x20000000,0x4002b,0x49,0xd0,0x200,0x4002b,0x49,
0xd1,0x150,0x4002b,0x49,0xd2,0x188,0x4002b,0x49,
0xd3,0x140,0x4002b,0x49,0xd4,0x180,0x4002b,0x49,
0xd5,0x7f,0x4002b,0x47,0xd6,0x200,0x4002b,0x49,
0xd7,0x158,0x4002b,0x49,0xd8,0x168,0x4002b,0x49,
0xd9,0x160,0x4002b,0x49,0xda,0xc0,0x4002b,0x49,
0xdb,0x1b8,0x4002b,0x47,0xdc,0xd0,0x4002b,0x49,
0xdd,0xd0,0x4002b,0x49,0xde,0x108,0x4002b,0x47,
0xdf,0x80,0x4002b,0x47,0xe0,0x400,0x4002b,0x47,
0xe1,0x800,0x4002b,0x49,0xe2,0x3ff,0x4002b,0x49,
0xe3,0x120,0x4002b,0x49,0xe4,0x51,0x4002b,0x49,
0xe5,0x5f,0x4002b,0x49,0xe6,0x130,0x4002b,0x49,
0xe7,0x56,0x4002b,0x49,0xe8,0x58,0x4002b,0x49,
0xe9,0x70,0x4002b,0x49,0xea,0x90,0x4002b,0x49,
0xeb,0x30,0x4002b,0x49,0xec,0x50,0x4002b,0x49,
0xed,0x60,0x4002b,0x49,0xee,0x78,0x4002b,0x49,
0xef,0x98,0x4002b,0x49,0xf0,0x28,0x4002b,0x49,
0xf1,0xb0,0x4002b,0x49,0xf2,0xc8,0x4002b,0x49,
0xf3,0x178,0x4002b,0x49,0xf4,0x198,0x4002b,0x49,
0xf5,0xa0,0x4002b,0x49,0xf6,0x1b0,0x4002b,0x49,
0xf7,0x1d0,0x4002b,0x49,0xf8,0xa8,0x4002b,0x49,
0xf9,0x1f0,0x4002b,0x49,0xfa,0xd8,0x4002b,0x49,
0xfb,0xf8,0x4002b,0x49,0xfc,0x170,0x4002b,0x49,
0xfd,0x1c0,0x4002b,0x49,0xfe,0x128,0x4002b,0x49,
0xff,0x148,0x4002b,0x49,0x100,0x190,0x4002b,0x49,
0x101,0xb8,0x4002b,0x49,0x102,0x1d8,0x4002b,0x49,
0x103,0x1a0,0x4002b,0x49,0x104,0xe8,0x4002b,0x49,
0x105,0x88,0x4002b,0x49,0x106,0x138,0x4002b,0x49,
0x107,0xffffff,0x7002c,0x71,0x108,0x54,0x54,0x54,
0x61,0x4002b,0x49,0x109,0x2fa0,0x4002b,0x49,0x10a,
0x1fff,0x4002b,0x47,0x10b,0x1fff,0x4002b,0x47,0x10c,
0xfff,0x4002b,0x47,0x10d,0x2000,0x4002b,0x4f,0x10e,
0x2b8cbccc,0x40017,0x10f,0x49,0x3,0x6002c,0x10f,0x110,
0x6a,0x6a,0x6a,0x4002b,0x47,0x111,0xffffffff,0x6002c,
0xaa,0x112,0xac,0xac,0xac,0x4001c,0x23,0x71,
0x57,0x40018,0x113,0x71,0x4,0x5001e,0x1f,0x23,
0x113,0x79,0x40020,0x114,0x9,0x1f,0x3001d,0x24,
0x49,0x3001e,0x21,0x24,0x40020,0x115,0x2,0x21,
0x40020,0x116,0x1,0x67,0x40020,0x117,0x1,0x71,
0x40020,0x118,0x1,0x49,0x40020,0x119,0x1,0x55,
0x40020,0x11a,0x1,0x79,0x40020,0x11b,0x3,0x71,
0x40020,0x11c,0x3,0x49,0x40020,0x11d,0x3,0x55,
0x40020,0x11e,0x3,0x79,0x40020,0x11f,0x3,0x67,
0x20013,0x120,0x30021,0x121,0x120,0x40020,0x122,0x7,
0x67,0x40020,0x123,0x7,0x55,0x40020,0x124,0x7,
0x49,0x40020,0x125,0x7,0x4f,0x40020,0x126,0x7,
0x47,0x4001c,0x127,0x55,0x62,0x40020,0x128,0x7,
0x127,0x40020,0x129,0x7,0xaa,0x40020,0x12a,0x2,
0x49,0x40017,0x12b,0x5a,0x4,0x40017,0x12c,0x5a,
0x3,0x40017,0x12d,0x49,0x2,0x40017,0x12e,0x5a,
0x2,0x40017,0x12f,0x47,0x2,0x40020,0x130,0x9,
0x113,0x40020,0x131,0x9,0x71,0x4001c,0x132,0x49,
0x84,0x40020,0x133,0x7,0x132,0x4003b,0x114,0x20,
0x9,0x4003b,0x115,0x22,0x2,0x4003b,0x116,0x3,
0x1,0x4003b,0x117,0x4,0x1,0x4003b,0x117,0x5,
0x1,0x4003b,0x118,0x6,0x1,0x4003b,0x116,0x7,
0x1,0x4003b,0x116,0x8,0x1,0x4003b,0x116,0x9,
0x1,0x4003b,0x118,0xa,0x1,0x4003b,0x116,0xb,
0x1,0x4003b,0x116,0xc,0x1,0x4003b,0x116,0xd,
0x1,0x4003b,0x118,0xe,0x1,0x4003b,0x119,0xf,
0x1,0x4003b,0x11a,0x10,0x1,0x4003b,0x119,0x11,
0x1,0x4003b,0x11b,0x12,0x3,0x4003b,0x11b,0x13,
0x3,0x4003b,0x11b,0x14,0x3,0x4003b,0x11c,0x15,
0x3,0x4003b,0x11c,0x16,0x3,0x4003b,0x11d,0x17,
0x3,0x4003b,0x11e,0x18,0x3,0x4003b,0x11f,0x19,
0x3,0x4003b,0x11c,0x1a,0x3,0x4003b,0x11d,0x1b,
0x3,0x4003b,0x11f,0x1c,0x3,0x4003b,0x11f,0x1d,
0x3,0x4003b,0x11f,0x1e,0x3,0x4002b,0x49,0x134,
0xefffffff,0x4002b,0x49,0x135,0xfffffffb,0x4002b,0x49,0x136,
0x440000,0x4002b,0x49,0x137,0xffb3ffff,0x4002b,0x49,0x138,
0xf7ffffff,0x4002b,0x4f,0x139,0xf149f2ca,0x5002c,0x55,0x13a,
0x139,0x139,0x7002c,0x127,0x13b,0x95,0x96,0x97,
0x98,0x4002b,0x49,0x13c,0x4110,0x4002b,0x4f,0x13d,
0x3b000000,0x4002b,0x4f,0x13e,0x3b808081,0x7002c,0x71,0x13f,
0x13e,0x13e,0x13e,0x13e,0x4002b,0x4f,0x140,0x3d9e8391,
0x6002c,0x67,0x141,0x140,0x140,0x140,0x4002b,0x4f,
0x142,0x3f72a76f,0x6002c,0x67,0x143,0x142,0x142,0x142,
0x4002b,0x49,0x144,0x204,0x4002b,0x4f,0x145,0xbf000000,
0x4002b,0x4f,0x146,0x3b800000,0x4002b,0x4f,0x147,0x44d90fdb,
0x4002b,0x49,0x148,0x41f0,0x4002b,0x47,0x149,0xfffffff8,
0x5002c,0x55,0x14a,0xca,0xc6,0x4002b,0x49,0x14b,
0x800002,0x4002b,0x4f,0x14c,0x45000000,0x4002b,0x4f,0x14d,
0xc5000000,0x4002b,0x4f,0x14e,0xc7000000,0x50036,0x120,0x2,
0x0,0x121,0x200f8,0x14f,0x4003b,0x133,0x150,0x7,
0x4003b,0x128,0x151,0x7,0x4003b,0x122,0x152,0x7,
0x4003b,0x129,0x153,0x7,0x4003d,0x67,0x154,0x3,
0x4003d,0x71,0x155,0x4,0x4003d,0x71,0x156,0x5,
0x4003d,0x49,0x157,0x6,0x4003d,0x67,0x158,0x7,
0x4003d,0x67,0x159,0x8,0x4003d,0x67,0x15a,0x9,
0x4003d,0x49,0x15b,0xa,0x4003d,0x67,0x15c,0xb,
0x4003d,0x67,0x15d,0xc,0x4003d,0x67,0x15e,0xd,
0x4003d,0x49,0x15f,0xe,0x4003d,0x55,0x160,0xf,
0x4003d,0x79,0x161,0x10,0x4003d,0x55,0x162,0x11,
0x50051,0x49,0x163,0x161,0x3,0x500c7,0x49,0x164,
0x163,0x4b,0x500ab,0x5a,0x165,0x164,0x4c,0x300f7,
0x166,0x2,0x400fa,0x165,0x167,0x166,0x200f8,0x167,
0x50051,0x49,0x168,0x161,0x0,0x50080,0x49,0x169,
0x168,0x13c,0x60041,0x12a,0x16a,0x22,0x48,0x169,
0x4003d,0x49,0x16b,0x16a,0x4007c,0x4f,0x16c,0x16b,
0x7004f,0x55,0x16d,0x154,0x154,0x0,0x2,0x6000c,
0x4f,0x16e,0x1,0x42,0x16d,0x500ba,0x5a,0x16f,
0x16e,0x50,0x300f7,0x170,0x0,0x400fa,0x16f,0x171,
0x172,0x200f8,0x172,0x8004f,0x67,0x173,0x154,0x56,
0x3,0x1,0x4,0x200f9,0x170,0x200f8,0x171,0x50051,
0x4f,0x174,0x154,0x1,0x500b8,0x5a,0x175,0x174,
0x52,0x300f7,0x176,0x0,0x400fa,0x175,0x177,0x178,
0x200f8,0x178,0x200f9,0x176,0x200f8,0x177,0x50085,0x4f,
0x179,0x16e,0x16c,0x50088,0x4f,0x17a,0x179,0x174,
0x7000c,0x4f,0x17b,0x1,0x4f,0x53,0x17a,0x200f9,
0x176,0x200f8,0x176,0x700f5,0x4f,0x17c,0x17b,0x177,
0x53,0x178,0x50088,0x4f,0x17d,0x17c,0x16e,0x5008e,
0x55,0x17e,0x16d,0x17d,0x8004f,0x67,0x17f,0x154,
0x17e,0x3,0x1,0x4,0x200f9,0x170,0x200f8,0x170,
0x700f5,0x67,0x180,0x17f,0x176,0x173,0x172,0x60052,
0x67,0x181,0x16c,0x180,0x1,0x500c7,0x49,0x182,
0x163,0x134,0x60052,0x79,0x183,0x182,0x161,0x3,
0x200f9,0x166,0x200f8,0x166,0x700f5,0x67,0x184,0x154,
0x14f,0x181,0x170,0x700f5,0x79,0x185,0x161,0x14f,
0x183,0x170,0x50051,0x49,0x186,0x185,0x3,0x500c7,
0x49,0x187,0x186,0x58,0x500ab,0x5a,0x188,0x187,
0x4c,0x300f7,0x189,0x2,0x400fa,0x188,0x18a,0x189,
0x200f8,0x18a,0x50051,0x4f,0x18b,0x15c,0x0,0x50051,
0x4f,0x18c,0x15c,0x1,0x4009c,0x5a,0x18d,0x18b,
0x4009d,0x5a,0x18e,0x18b,0x500a6,0x5a,0x18f,0x18d,
0x18e,0x400a8,0x5a,0x190,0x18f,0x300f7,0x191,0x0,
0x400fa,0x190,0x192,0x191,0x200f8,0x192,0x4009c,0x5a,
0x193,0x18c,0x4009d,0x5a,0x194,0x18c,0x500a6,0x5a,
0x195,0x193,0x194,0x400a8,0x5a,0x196,0x195,0x200f9,
0x191,0x200f8,0x191,0x700f5,0x5a,0x197,0x5b,0x18a,
0x196,0x192,0x300f7,0x198,0x0,0x400fa,0x197,0x199,
0x198,0x200f8,0x199,0x500ba,0x5a,0x19a,0x18b,0x54,
0x200f9,0x198,0x200f8,0x198,0x700f5,0x5a,0x19b,0x5b,
0x191,0x19a,0x199,0x300f7,0x19c,0x0,0x400fa,0x19b,
0x19d,0x19c,0x200f8,0x19d,0x500be,0x5a,0x19e,0x18c,
0x5c,0x200f9,0x19c,0x200f8,0x19c,0x700f5,0x5a,0x19f,
0x5b,0x198,0x19e,0x19d,0x300f7,0x1a0,0x0,0x400fa,
0x19f,0x1a1,0x1a2,0x200f8,0x1a2,0x200f9,0x1a0,0x200f8,
0x1a1,0x50085,0x4f,0x1a3,0x18b,0x5d,0x50088,0x4f,
0x1a4,0x1a3,0x18c,0x6000c,0x4f,0x1a5,0x1,0x3,
0x1a4,0x8000c,0x4f,0x1a6,0x1,0x2b,0x1a5,0x54,
0x5e,0x200f9,0x1a0,0x200f8,0x1a0,0x700f5,0x4f,0x1a7,
0x1a6,0x1a1,0x54,0x1a2,0x50085,0x4f,0x1a8,0x1a7,
0x18c,0x50085,0x4f,0x1a9,0x1a8,0x13d,0x5008e,0x55,
0x1aa,0x162,0x1a9,0x50051,0x4f,0x1ab,0x15d,0x2,
0x500b4,0x5a,0x1ac,0x1ab,0x61,0x300f7,0x1ad,0x0,
0x400fa,0x1ac,0x1ae,0x1ad,0x200f8,0x1ae,0x7004f,0x55,
0x1af,0x184,0x184,0x0,0x1,0x50081,0x55,0x1b0,
0x1af,0x1aa,0x8004f,0x67,0x1b1,0x184,0x1b0,0x3,
0x4,0x2,0x500c7,0x49,0x1b2,0x186,0x135,0x60052,
0x79,0x1b3,0x1b2,0x185,0x3,0x200f9,0x1ad,0x200f8,
0x1ad,0x700f5,0x67,0x1b4,0x184,0x1a0,0x1b1,0x1ae,
0x700f5,0x79,0x1b5,0x185,0x1a0,0x1b3,0x1ae,0x50050,
0x12e,0x1b6,0x1ac,0x1ac,0x600a9,0x55,0x1b7,0x1b6,
0x56,0x1aa,0x300f7,0x1b8,0x0,0x400fa,0x19f,0x1b9,
0x1b8,0x200f8,0x1b9,0x500ba,0x5a,0x1ba,0x1a7,0x54,
0x200f9,0x1b8,0x200f8,0x1b8,0x700f5,0x5a,0x1bb,0x5b,
0x1ad,0x1ba,0x1b9,0x600a9,0x47,0x1bc,0x1bb,0x51,
0x48,0x4007c,0x49,0x1bd,0x1bc,0x50051,0x49,0x1be,
0x1b5,0x3,0x500c7,0x49,0x1bf,0x1be,0x138,0x60052,
0x79,0x1c0,0x1bf,0x1b5,0x3,0x200f9,0x189,0x200f8,
0x189,0x700f5,0x49,0x1c1,0x4a,0x166,0x1bd,0x1b8,
0x700f5,0x67,0x1c2,0x184,0x166,0x1b4,0x1b8,0x700f5,
0x55,0x1c3,0x162,0x166,0x1b7,0x1b8,0x700f5,0x79,
0x1c4,0x185,0x166,0x1c0,0x1b8,0x50051,0x49,0x1c5,
0x1c4,0x3,0x500c7,0x49,0x1c6,0x1c5,0x63,0x500ab,
0x5a,0x1c7,0x1c6,0x4c,0x300f7,0x1c8,0x2,0x400fa,
0x1c7,0x1c9,0x1c8,0x200f8,0x1c9,0x50051,0x49,0x1ca,
0x1c4,0x0,0x50051,0x49,0x1cb,0x1c4,0x1,0x7000c,
0x49,0x1cc,0x1,0x26,0x1cb,0x4a,0x50084,0x49,
0x1cd,0x1cc,0x64,0x50080,0x49,0x1ce,0x1ca,0x1cd,
0x60041,0x12a,0x1cf,0x22,0x48,0x1ce,0x4003d,0x49,
0x1d0,0x1cf,0x50080,0x49,0x1d1,0x1ce,0x4a,0x60041,
0x12a,0x1d2,0x22,0x48,0x1d1,0x4003d,0x49,0x1d3,
0x1d2,0x50080,0x49,0x1d4,0x1ce,0x65,0x60041,0x12a,
0x1d5,0x22,0x48,0x1d4,0x4003d,0x49,0x1d6,0x1d5,
0x50080,0x49,0x1d7,0x1ce,0x57,0x60041,0x12a,0x1d8,
0x22,0x48,0x1d7,0x4003d,0x49,0x1d9,0x1d8,0x70050,
0x79,0x1da,0x1d0,0x1d3,0x1d6,0x1d9,0x4007c,0x71,
0x1db,0x1da,0x500b0,0x5a,0x1dc,0x1cb,0x65,0x300f7,
0x1dd,0x0,0x400fa,0x1dc,0x1de,0x1dd,0x200f8,0x1de,
0x50051,0x4f,0x1df,0x1db,0x3,0x500be,0x5a,0x1e0,
0x1df,0x54,0x200f9,0x1dd,0x200f8,0x1dd,0x700f5,0x5a,
0x1e1,0x5b,0x1c9,0x1e0,0x1de,0x300f7,0x1e2,0x0,
0x400fa,0x1e1,0x1e3,0x1e2,0x200f8,0x1e3,0x4009c,0x12b,
0x1e4,0x1db,0x4009d,0x12b,0x1e5,0x1db,0x500a6,0x12b,
0x1e6,0x1e4,0x1e5,0x400a8,0x12b,0x1e7,0x1e6,0x4009b,
0x5a,0x1e8,0x1e7,0x200f9,0x1e2,0x200f8,0x1e2,0x700f5,
0x5a,0x1e9,0x5b,0x1dd,0x1e8,0x1e3,0x300f7,0x1ea,
0x0,0x400fa,0x1e9,0x1eb,0x1ea,0x200f8,0x1eb,0x50051,
0x4f,0x1ec,0x1c3,0x1,0x4009c,0x5a,0x1ed,0x1ec,
0x4009d,0x5a,0x1ee,0x1ec,0x500a6,0x5a,0x1ef,0x1ed,
0x1ee,0x400a8,0x5a,0x1f0,0x1ef,0x200f9,0x1ea,0x200f8,
0x1ea,0x700f5,0x5a,0x1f1,0x5b,0x1e2,0x1f0,0x1eb,
0x300f7,0x1f2,0x0,0x400fa,0x1f1,0x1f3,0x1f2,0x200f8,
0x1f3,0x50051,0x4f,0x1f4,0x1c3,0x1,0x500ba,0x5a,
0x1f5,0x1f4,0x54,0x200f9,0x1f2,0x200f8,0x1f2,0x700f5,
0x5a,0x1f6,0x5b,0x1ea,0x1f5,0x1f3,0x300f7,0x1f7,
0x0,0x400fa,0x1f6,0x1f8,0x1f9,0x200f8,0x1f9,0x200f9,
0x1f7,0x200f8,0x1f8,0x8004f,0x67,0x1fa,0x1db,0x1db,
0x0,0x1,0x2,0x50085,0x67,0x1fb,0x1fa,0x68,
0x50051,0x4f,0x1fc,0x1c3,0x1,0x60050,0x67,0x1fd,
0x1fc,0x1fc,0x1fc,0x50088,0x67,0x1fe,0x1fb,0x1fd,
0x200f9,0x1f7,0x200f8,0x1f7,0x700f5,0x67,0x1ff,0x1fe,
0x1f8,0x69,0x1f9,0x50051,0x49,0x200,0x1c4,0x2,
0x300f7,0x201,0x0,0x400fa,0x1f6,0x202,0x201,0x200f8,
0x202,0x50080,0x49,0x203,0x200,0x6a,0x60041,0x12a,
0x204,0x22,0x48,0x203,0x4003d,0x49,0x205,0x204,
0x500c7,0x49,0x206,0x205,0x4a,0x500ab,0x5a,0x207,
0x206,0x4c,0x200f9,0x201,0x200f8,0x201,0x700f5,0x5a,
0x208,0x5b,0x1f7,0x207,0x202,0x300f7,0x209,0x0,
0x400fa,0x208,0x20a,0x209,0x200f8,0x20a,0x50080,0x49,
0x20b,0x200,0x6b,0x60041,0x12a,0x20c,0x22,0x48,
0x20b,0x4003d,0x49,0x20d,0x20c,0x50080,0x49,0x20e,
0x200,0x6c,0x60041,0x12a,0x20f,0x22,0x48,0x20e,
0x4003d,0x49,0x210,0x20f,0x50080,0x49,0x211,0x20d,
0x62,0x60041,0x12a,0x212,0x22,0x48,0x211,0x4003d,
0x49,0x213,0x212,0x500c7,0x49,0x214,0x213,0x6d,
0x50080,0x49,0x215,0x210,0x214,0x60041,0x12a,0x216,
0x22,0x48,0x215,0x4003d,0x49,0x217,0x216,0x50080,
0x49,0x218,0x20d,0x6e,0x60041,0x12a,0x219,0x22,
0x48,0x218,0x4003d,0x49,0x21a,0x219,0x500c7,0x49,
0x21b,0x21a,0x6d,0x50080,0x49,0x21c,0x210,0x21b,
0x60041,0x12a,0x21d,0x22,0x48,0x21c,0x4003d,0x49,
0x21e,0x21d,0x500c7,0x49,0x21f,0x217,0x6d,0x40070,
0x4f,0x220,0x21f,0x500c2,0x49,0x221,0x217,0x64,
0x500c7,0x49,0x222,0x221,0x6d,0x40070,0x4f,0x223,
0x222,0x500c2,0x49,0x224,0x217,0x6b,0x500c7,0x49,
0x225,0x224,0x6d,0x40070,0x4f,0x226,0x225,0x500c2,
0x49,0x227,0x217,0x70,0x40070,0x4f,0x228,0x227,
0x70050,0x71,0x229,0x220,0x223,0x226,0x228,0x50085,
0x71,0x22a,0x229,0x13f,0x500c7,0x49,0x22b,0x21e,
0x6d,0x40070,0x4f,0x22c,0x22b,0x500c2,0x49,0x22d,
0x21e,0x64,0x500c7,0x49,0x22e,0x22d,0x6d,0x40070,
0x4f,0x22f,0x22e,0x500c2,0x49,0x230,0x21e,0x6b,
0x500c7,0x49,0x231,0x230,0x6d,0x40070,0x4f,0x232,
0x231,0x500c2,0x49,0x233,0x21e,0x70,0x40070,0x4f,
0x234,0x233,0x70050,0x71,0x235,0x22c,0x22f,0x232,
0x234,0x50085,0x71,0x236,0x235,0x13f,0x50080,0x49,
0x237,0x200,0x6a,0x60041,0x12a,0x238,0x22,0x48,
0x237,0x4003d,0x49,0x239,0x238,0x500c7,0x49,0x23a,
0x239,0x65,0x500ab,0x5a,0x23b,0x23a,0x4c,0x300f7,
0x23c,0x0,0x400fa,0x23b,0x23d,0x23c,0x200f8,0x23d,
0x8004f,0x67,0x23e,0x22a,0x22a,0x0,0x1,0x2,
0x500bc,0x12c,0x23f,0x23e,0x73,0x50085,0x67,0x240,
0x23e,0x141,0x50081,0x67,0x241,0x23e,0x75,0x50085,
0x67,0x242,0x241,0x143,0x7000c,0x67,0x243,0x1,
0x1a,0x242,0x77,0x600a9,0x67,0x244,0x23f,0x240,
0x243,0x9004f,0x71,0x245,0x22a,0x244,0x4,0x5,
0x6,0x3,0x8004f,0x67,0x246,0x236,0x236,0x0,
0x1,0x2,0x500bc,0x12c,0x247,0x246,0x73,0x50085,
0x67,0x248,0x246,0x141,0x50081,0x67,0x249,0x246,
0x75,0x50085,0x67,0x24a,0x249,0x143,0x7000c,0x67,
0x24b,0x1,0x1a,0x24a,0x77,0x600a9,0x67,0x24c,
0x247,0x248,0x24b,0x9004f,0x71,0x24d,0x236,0x24c,
0x4,0x5,0x6,0x3,0x200f9,0x23c,0x200f8,0x23c,
0x700f5,0x71,0x24e,0x22a,0x20a,0x245,0x23d,0x700f5,
0x71,0x24f,0x236,0x20a,0x24d,0x23d,0x50080,0x49,
0x250,0x20d,0x78,0x60041,0x12a,0x251,0x22,0x48,
0x250,0x4003d,0x49,0x252,0x251,0x500ab,0x5a,0x253,
0x252,0x4c,0x600a9,0x49,0x254,0x253,0x4a,0x4c,
0x200f9,0x209,0x200f8,0x209,0x700f5,0x71,0x255,0x155,
0x201,0x24e,0x23c,0x700f5,0x71,0x256,0x156,0x201,
0x24f,0x23c,0x700f5,0x49,0x257,0x157,0x201,0x254,
0x23c,0x600a9,0x47,0x258,0x1f6,0x51,0x48,0x4007c,
0x49,0x259,0x258,0x200f9,0x1c8,0x200f8,0x1c8,0x700f5,
0x49,0x25a,0x1c1,0x189,0x259,0x209,0x700f5,0x71,
0x25b,0x155,0x189,0x255,0x209,0x700f5,0x71,0x25c,
0x156,0x189,0x256,0x209,0x700f5,0x49,0x25d,0x157,
0x189,0x257,0x209,0x700f5,0x67,0x25e,0x1c2,0x189,
0x1ff,0x209,0x700f5,0x55,0x25f,0x1c3,0x189,0x56,
0x209,0x700f5,0x79,0x260,0x1c4,0x189,0x7a,0x209,
0x50051,0x49,0x261,0x260,0x3,0x500c7,0x49,0x262,
0x261,0x7b,0x500ab,0x5a,0x263,0x262,0x4c,0x300f7,
0x264,0x2,0x400fa,0x263,0x265,0x264,0x200f8,0x265,
0x50051,0x49,0x266,0x260,0x0,0x50051,0x49,0x267,
0x260,0x1,0x500c7,0x49,0x268,0x261,0x7c,0x500ab,
0x5a,0x269,0x268,0x4c,0x50080,0x49,0x26a,0x266,
0x4a,0x60041,0x12a,0x26b,0x22,0x48,0x26a,0x4003d,
0x49,0x26c,0x26b,0x50080,0x49,0x26d,0x266,0x62,
0x60041,0x12a,0x26e,0x22,0x48,0x26d,0x4003d,0x49,
0x26f,0x26e,0x60041,0x12a,0x270,0x22,0x48,0x26c,
0x4003d,0x49,0x271,0x270,0x50080,0x49,0x272,0x26c,
0x4a,0x60041,0x12a,0x273,0x22,0x48,0x272,0x4003d,
0x49,0x274,0x273,0x500aa,0x5a,0x275,0x274,0x4c,
0x300f7,0x276,0x0,0x400fa,0x275,0x277,0x276,0x200f8,
0x277,0x500b2,0x5a,0x278,0x271,0x26f,0x200f9,0x276,
0x200f8,0x276,0x700f5,0x5a,0x279,0x5b,0x265,0x278,
0x277,0x300f7,0x27a,0x0,0x400fa,0x279,0x27b,0x27a,
0x200f8,0x27b,0x500b0,0x5a,0x27c,0x267,0x271,0x200f9,
0x27a,0x200f8,0x27a,0x700f5,0x5a,0x27d,0x5b,0x276,
0x27c,0x27b,0x300f7,0x27e,0x0,0x400fa,0x27d,0x27f,
0x27e,0x200f8,0x27f,0x50080,0x49,0x280,0x266,0x6a,
0x60041,0x12a,0x281,0x22,0x48,0x280,0x4003d,0x49,
0x282,0x281,0x500c7,0x49,0x283,0x282,0x62,0x500ab,
0x5a,0x284,0x283,0x4c,0x300f7,0x285,0x0,0x400fa,
0x284,0x286,0x287,0x200f8,0x287,0x60041,0x12a,0x288,
0x22,0x48,0x266,0x4003d,0x49,0x289,0x288,0x50080,
0x49,0x28a,0x289,0x267,0x60041,0x12a,0x28b,0x22,
0x48,0x28a,0x4003d,0x49,0x28c,0x28b,0x200f9,0x285,
0x200f8,0x286,0x200f9,0x285,0x200f8,0x285,0x700f5,0x49,
0x28d,0x267,0x286,0x28c,0x287,0x50080,0x49,0x28e,
0x266,0x6e,0x60041,0x12a,0x28f,0x22,0x48,0x28e,
0x4003d,0x49,0x290,0x28f,0x500b0,0x5a,0x291,0x28d,
0x290,0x200f9,0x27e,0x200f8,0x27e,0x700f5,0x49,0x292,
0x4c,0x27a,0x28d,0x285,0x700f5,0x5a,0x293,0x27d,
0x27a,0x291,0x285,0x500c7,0x49,0x294,0x261,0x7d,
0x500ab,0x5a,0x295,0x294,0x4c,0x600a9,0x5a,0x296,
0x295,0x293,0x5b,0x300f7,0x297,0x0,0x400fa,0x296,
0x298,0x297,0x200f8,0x298,0x50080,0x49,0x299,0x266,
0x64,0x60041,0x12a,0x29a,0x22,0x48,0x299,0x4003d,
0x49,0x29b,0x29a,0x50084,0x49,0x29c,0x292,0x62,
0x50080,0x49,0x29d,0x29b,0x29c,0x50080,0x49,0x29e,
0x29d,0x57,0x60041,0x12a,0x29f,0x22,0x48,0x29e,
0x4003d,0x49,0x2a0,0x29f,0x500c7,0x49,0x2a1,0x2a0,
0x7e,0x500ab,0x5a,0x2a2,0x2a1,0x4c,0x500c7,0x49,
0x2a3,0x261,0x137,0x600a9,0x49,0x2a4,0x2a2,0x136,
0x80,0x500c5,0x49,0x2a5,0x2a3,0x2a4,0x60052,0x79,
0x2a6,0x2a5,0x260,0x3,0x400a8,0x5a,0x2a7,0x2a2,
0x300f7,0x2a8,0x0,0x400fa,0x2a7,0x2a9,0x2a8,0x200f8,
0x2a9,0x500c7,0x49,0x2aa,0x2a5,0x81,0x500ab,0x5a,
0x2ab,0x2aa,0x4c,0x200f9,0x2a8,0x200f8,0x2a8,0x700f5,
0x5a,0x2ac,0x5b,0x298,0x2ab,0x2a9,0x600a9,0x5a,
0x2ad,0x2ac,0x5b,0x293,0x200f9,0x297,0x200f8,0x297,
0x700f5,0x5a,0x2ae,0x269,0x27e,0x2a2,0x2a8,0x700f5,
0x5a,0x2af,0x293,0x27e,0x2ad,0x2a8,0x700f5,0x79,
0x2b0,0x260,0x27e,0x2a6,0x2a8,0x50051,0x49,0x2b1,
0x2b0,0x3,0x500c7,0x49,0x2b2,0x2b1,0x80,0x500ab,
0x5a,0x2b3,0x2b2,0x4c,0x300f7,0x2b4,0x0,0x400fa,
0x2b3,0x2b5,0x2b6,0x200f8,0x2b6,0x500c7,0x49,0x2b7,
0x2b1,0x7f,0x500ab,0x5a,0x2b8,0x2b7,0x4c,0x300f7,
0x2b9,0x0,0x400fa,0x2b8,0x2ba,0x2b9,0x200f8,0x2ba,
0x50051,0x49,0x2bb,0x2b0,0x2,0x300f7,0x2bc,0x0,
0x400fa,0x2af,0x2bd,0x2bc,0x200f8,0x2bd,0x50051,0x4f,
0x2be,0x25f,0x1,0x4009c,0x5a,0x2bf,0x2be,0x4009d,
0x5a,0x2c0,0x2be,0x500a6,0x5a,0x2c1,0x2bf,0x2c0,
0x400a8,0x5a,0x2c2,0x2c1,0x200f9,0x2bc,0x200f8,0x2bc,
0x700f5,0x5a,0x2c3,0x5b,0x2ba,0x2c2,0x2bd,0x300f7,
0x2c4,0x0,0x400fa,0x2c3,0x2c5,0x2c4,0x200f8,0x2c5,
0x50051,0x4f,0x2c6,0x25f,0x1,0x500ba,0x5a,0x2c7,
0x2c6,0x54,0x200f9,0x2c4,0x200f8,0x2c4,0x700f5,0x5a,
0x2c8,0x5b,0x2bc,0x2c7,0x2c5,0x300f7,0x2c9,0x0,
0x400fa,0x2c8,0x2ca,0x2c9,0x200f8,0x2ca,0x50080,0x49,
0x2cb,0x266,0x64,0x60041,0x12a,0x2cc,0x22,0x48,
0x2cb,0x4003d,0x49,0x2cd,0x2cc,0x50084,0x49,0x2ce,
0x292,0x62,0x50080,0x49,0x2cf,0x2cd,0x2ce,0x60041,
0x12a,0x2d0,0x22,0x48,0x2cf,0x4003d,0x49,0x2d1,
0x2d0,0x50080,0x49,0x2d2,0x2cf,0x4a,0x60041,0x12a,
0x2d3,0x22,0x48,0x2d2,0x4003d,0x49,0x2d4,0x2d3,
0x50080,0x49,0x2d5,0x266,0x82,0x60041,0x12a,0x2d6,
0x22,0x48,0x2d5,0x4003d,0x49,0x2d7,0x2d6,0x500c7,
0x49,0x2d8,0x2b1,0x81,0x500ab,0x5a,0x2d9,0x2d8,
0x4c,0x50080,0x49,0x2da,0x2cf,0x57,0x60041,0x12a,
0x2db,0x22,0x48,0x2da,0x4003d,0x49,0x2dc,0x2db,
0x500c7,0x49,0x2dd,0x2dc,0x65,0x500ab,0x5a,0x2de,
0x2dd,0x4c,0x300f7,0x2df,0x0,0x400fa,0x2ae,0x2e0,
0x2df,0x200f8,0x2e0,0x4003d,0x49,0x2e1,0x2db,0x500c7,
0x49,0x2e2,0x2e1,0x62,0x500ab,0x5a,0x2e3,0x2e2,
0x4c,0x200f9,0x2df,0x200f8,0x2df,0x700f5,0x5a,0x2e4,
0x5b,0x2ca,0x2e3,0x2e0,0x300f7,0x2e5,0x0,0x400fa,
0x2e4,0x2e6,0x2e5,0x200f8,0x2e6,0x7000c,0x49,0x2e7,
0x1,0x26,0x2bb,0x57,0x200f9,0x2e5,0x200f8,0x2e5,
0x700f5,0x49,0x2e8,0x2bb,0x2df,0x2e7,0x2e6,0x300f7,
0x2e9,0x0,0x400fa,0x2ae,0x2ea,0x2e9,0x200f8,0x2ea,
0x500ae,0x5a,0x2eb,0x2d4,0x57,0x200f9,0x2e9,0x200f8,
0x2e9,0x700f5,0x5a,0x2ec,0x5b,0x2e5,0x2eb,0x2ea,
0x300f7,0x2ed,0x0,0x400fa,0x2ec,0x2ee,0x2ed,0x200f8,
0x2ee,0x50082,0x49,0x2ef,0x2d4,0x4a,0x7000c,0x49,
0x2f0,0x1,0x26,0x2e8,0x2ef,0x200f9,0x2ed,0x200f8,
0x2ed,0x700f5,0x49,0x2f1,0x2e8,0x2e9,0x2f0,0x2ee,
0x500b2,0x5a,0x2f2,0x2d1,0x2d7,0x300f7,0x2f3,0x0,
0x400fa,0x2f2,0x2f4,0x2f3,0x200f8,0x2f4,0x50082,0x49,
0x2f5,0x2d7,0x2d1,0x500b2,0x5a,0x2f6,0x2d4,0x2f5,
0x200f9,0x2f3,0x200f8,0x2f3,0x700f5,0x5a,0x2f7,0x5b,
0x2ed,0x2f6,0x2f4,0x300f7,0x2f8,0x0,0x400fa,0x2f7,
0x2f9,0x2f8,0x200f8,0x2f9,0x300f7,0x2fa,0x0,0x400fa,
0x2e4,0x2fb,0x2fc,0x200f8,0x2fc,0x500b0,0x5a,0x2fd,
0x2f1,0x2d4,0x200f9,0x2fa,0x200f8,0x2fb,0x500aa,0x5a,
0x2fe,0x2d4,0x4a,0x200f9,0x2fa,0x200f8,0x2fa,0x700f5,
0x5a,0x2ff,0x2fe,0x2fb,0x2fd,0x2fc,0x200f9,0x2f8,
0x200f8,0x2f8,0x700f5,0x5a,0x300,0x5b,0x2f3,0x2ff,
0x2fa,0x300f7,0x301,0x0,0x400fa,0x300,0x302,0x301,
0x200f8,0x302,0x300f7,0x303,0x0,0x400fa,0x2ae,0x304,
0x303,0x200f8,0x304,0x500a4,0x5a,0x305,0x2d9,0x2de,
0x300f7,0x306,0x0,0x400fa,0x305,0x307,0x306,0x200f8,
0x307,0x300f7,0x308,0x0,0x400fa,0x2de,0x309,0x30a,
0x200f8,0x30a,0x400a8,0x5a,0x30b,0x2e4,0x300f7,0x30c,
0x0,0x400fa,0x30b,0x30d,0x30c,0x200f8,0x30d,0x500ae,
0x5a,0x30e,0x2d4,0x57,0x200f9,0x30c,0x200f8,0x30c,
0x700f5,0x5a,0x30f,0x88,0x30a,0x30e,0x30d,0x200f9,
0x308,0x200f8,0x309,0x500aa,0x5a,0x310,0x2d4,0x65,
0x200f9,0x308,0x200f8,0x308,0x700f5,0x5a,0x311,0x310,
0x309,0x30f,0x30c,0x200f9,0x306,0x200f8,0x306,0x700f5,
0x5a,0x312,0x5b,0x304,0x311,0x308,0x200f9,0x303,
0x200f8,0x303,0x700f5,0x5a,0x313,0x88,0x302,0x312,
0x306,0x200f9,0x301,0x200f8,0x301,0x700f5,0x5a,0x314,
0x5b,0x2f8,0x313,0x303,0x300f7,0x315,0x0,0x400fa,
0x2e4,0x316,0x315,0x200f8,0x316,0x300f7,0x317,0x0,
0x400fa,0x314,0x318,0x317,0x200f8,0x318,0x50080,0x49,
0x319,0x266,0x6b,0x60041,0x12a,0x31a,0x22,0x48,
0x319,0x4003d,0x49,0x31b,0x31a,0x50084,0x49,0x31c,
0x292,0x70,0x50080,0x49,0x31d,0x31b,0x31c,0x50080,
0x49,0x31e,0x31d,0x90,0x60041,0x12a,0x31f,0x22,
0x48,0x31e,0x4003d,0x49,0x320,0x31f,0x500ab,0x5a,
0x321,0x320,0x4c,0x200f9,0x317,0x200f8,0x317,0x700f5,
0x5a,0x322,0x5b,0x316,0x321,0x318,0x200f9,0x315,
0x200f8,0x315,0x700f5,0x5a,0x323,0x314,0x301,0x322,
0x317,0x600a9,0x5a,0x324,0x323,0x2ae,0x5b,0x300f7,
0x325,0x0,0x400fa,0x324,0x326,0x325,0x200f8,0x326,
0x50080,0x49,0x327,0x2cf,0x65,0x60041,0x12a,0x328,
0x22,0x48,0x327,0x4003d,0x49,0x329,0x328,0x50080,
0x49,0x32a,0x266,0x91,0x60041,0x12a,0x32b,0x22,
0x48,0x32a,0x4003d,0x49,0x32c,0x32b,0x500b0,0x5a,
0x32d,0x329,0x32c,0x300f7,0x32e,0x0,0x400fa,0x32d,
0x32f,0x32e,0x200f8,0x32f,0x50080,0x49,0x330,0x266,
0x92,0x60041,0x12a,0x331,0x22,0x48,0x330,0x4003d,
0x49,0x332,0x331,0x50080,0x49,0x333,0x332,0x329,
0x60041,0x12a,0x334,0x22,0x48,0x333,0x4003d,0x49,
0x335,0x334,0x500ab,0x5a,0x336,0x335,0x4c,0x200f9,
0x32e,0x200f8,0x32e,0x700f5,0x5a,0x337,0x5b,0x326,
0x336,0x32f,0x200f9,0x325,0x200f8,0x325,0x700f5,0x5a,
0x338,0x323,0x315,0x337,0x32e,0x300f7,0x339,0x0,
0x400fa,0x338,0x33a,0x339,0x200f8,0x33a,0x50080,0x49,
0x33b,0x266,0x87,0x60041,0x12a,0x33c,0x22,0x48,
0x33b,0x4003d,0x49,0x33d,0x33c,0x600a9,0x49,0x33e,
0x2e4,0x4c,0x2f1,0x50080,0x49,0x33f,0x2d1,0x33e,
0x50084,0x49,0x340,0x33f,0x62,0x50080,0x49,0x341,
0x33d,0x340,0x60041,0x12a,0x342,0x22,0x48,0x341,
0x4003d,0x49,0x343,0x342,0x50080,0x49,0x344,0x266,
0x78,0x60041,0x12a,0x345,0x22,0x48,0x344,0x4003d,
0x49,0x346,0x345,0x500b0,0x5a,0x347,0x343,0x346,
0x300f7,0x348,0x0,0x400fa,0x347,0x349,0x348,0x200f8,
0x349,0x50080,0x49,0x34a,0x266,0x65,0x60041,0x12a,
0x34b,0x22,0x48,0x34a,0x4003d,0x49,0x34c,0x34b,
0x50084,0x49,0x34d,0x343,0x64,0x50080,0x49,0x34e,
0x34c,0x34d,0x60041,0x12a,0x34f,0x22,0x48,0x34e,
0x4003d,0x49,0x350,0x34f,0x50080,0x49,0x351,0x34e,
0x4a,0x60041,0x12a,0x352,0x22,0x48,0x351,0x4003d,
0x49,0x353,0x352,0x50080,0x49,0x354,0x34e,0x65,
0x60041,0x12a,0x355,0x22,0x48,0x354,0x4003d,0x49,
0x356,0x355,0x50080,0x49,0x357,0x34e,0x57,0x60041,
0x12a,0x358,0x22,0x48,0x357,0x4003d,0x49,0x359,
0x358,0x70050,0x79,0x35a,0x350,0x353,0x356,0x359,
0x4007c,0x71,0x35b,0x35a,0x50080,0x49,0x35c,0x34e,
0x62,0x60041,0x12a,0x35d,0x22,0x48,0x35c,0x4003d,
0x49,0x35e,0x35d,0x50080,0x49,0x35f,0x34e,0x6e,
0x60041,0x12a,0x360,0x22,0x48,0x35f,0x4003d,0x49,
0x361,0x360,0x50050,0x12d,0x362,0x35e,0x361,0x4007c,
0x55,0x363,0x362,0x50051,0x4f,0x364,0x35b,0x3,
0x500be,0x5a,0x365,0x364,0x54,0x300f7,0x366,0x0,
0x400fa,0x365,0x367,0x366,0x200f8,0x367,0x400a8,0x5a,
0x368,0x2ae,0x300f7,0x369,0x0,0x400fa,0x368,0x36a,
0x369,0x200f8,0x36a,0x50051,0x4f,0x36b,0x35b,0x2,
0x500ba,0x5a,0x36c,0x36b,0x54,0x200f9,0x369,0x200f8,
0x369,0x700f5,0x5a,0x36d,0x88,0x367,0x36c,0x36a,
0x200f9,0x366,0x200f8,0x366,0x700f5,0x5a,0x36e,0x5b,
0x349,0x36d,0x369,0x300f7,0x36f,0x0,0x400fa,0x36e,
0x370,0x36f,0x200f8,0x370,0x4009c,0x12b,0x371,0x35b,
0x4009d,0x12b,0x372,0x35b,0x500a6,0x12b,0x373,0x371,
0x372,0x400a8,0x12b,0x374,0x373,0x4009b,0x5a,0x375,
0x374,0x200f9,0x36f,0x200f8,0x36f,0x700f5,0x5a,0x376,
0x5b,0x366,0x375,0x370,0x300f7,0x377,0x0,0x400fa,
0x376,0x378,0x377,0x200f8,0x378,0x4009c,0x12e,0x379,
0x363,0x4009d,0x12e,0x37a,0x363,0x500a6,0x12e,0x37b,
0x379,0x37a,0x400a8,0x12e,0x37c,0x37b,0x4009b,0x5a,
0x37d,0x37c,0x200f9,0x377,0x200f8,0x377,0x700f5,0x5a,
0x37e,0x5b,0x36f,0x37d,0x378,0x300f7,0x37f,0x0,
0x400fa,0x37e,0x380,0x37f,0x200f8,0x380,0x50051,0x4f,
0x381,0x25f,0x1,0x50051,0x4f,0x382,0x35b,0x0,
0x50051,0x4f,0x383,0x35b,0x1,0x4007f,0x4f,0x384,
0x383,0x50051,0x4f,0x385,0x35b,0x2,0x4007f,0x4f,
0x386,0x385,0x60050,0x67,0x387,0x382,0x384,0x386,
0x60050,0x67,0x388,0x381,0x381,0x381,0x50088,0x67,
0x389,0x387,0x388,0x5008e,0x55,0x38a,0x363,0x385,
0x60052,0x55,0x38b,0x385,0x25f,0x0,0x300f7,0x38c,
0x0,0x400fa,0x2ae,0x38d,0x38c,0x200f8,0x38d,0x50080,
0x49,0x38e,0x266,0x6b,0x60041,0x12a,0x38f,0x22,
0x48,0x38e,0x4003d,0x49,0x390,0x38f,0x50084,0x49,
0x391,0x292,0x70,0x50080,0x49,0x392,0x390,0x391,
0x50080,0x49,0x393,0x392,0x90,0x60041,0x12a,0x394,
0x22,0x48,0x393,0x4003d,0x49,0x395,0x394,0x500ab,
0x5a,0x396,0x395,0x4c,0x300f7,0x397,0x0,0x400fa,
0x396,0x398,0x397,0x200f8,0x398,0x300f7,0x399,0x0,
0x400fa,0x2e4,0x39a,0x39b,0x200f8,0x39b,0x4003d,0x49,
0x39c,0x33c,0x50080,0x49,0x39d,0x2d1,0x2f1,0x50084,
0x49,0x39e,0x39d,0x62,0x50080,0x49,0x39f,0x39c,
0x39e,0x50080,0x49,0x3a0,0x39f,0x4a,0x60041,0x12a,
0x3a1,0x22,0x48,0x3a0,0x4003d,0x49,0x3a2,0x3a1,
0x40070,0x4f,0x3a3,0x3a2,0x50080,0x49,0x3a4,0x39f,
0x65,0x60041,0x12a,0x3a5,0x22,0x48,0x3a4,0x4003d,
0x49,0x3a6,0x3a5,0x40070,0x4f,0x3a7,0x3a6,0x50050,
0x55,0x3a8,0x3a3,0x3a7,0x50080,0x49,0x3a9,0x392,
0x99,0x60041,0x12a,0x3aa,0x22,0x48,0x3a9,0x4003d,
0x49,0x3ab,0x3aa,0x4007c,0x47,0x3ac,0x3ab,0x4006f,
0x4f,0x3ad,0x3ac,0x50080,0x49,0x3ae,0x392,0x9a,
0x60041,0x12a,0x3af,0x22,0x48,0x3ae,0x4003d,0x49,
0x3b0,0x3af,0x4007c,0x47,0x3b1,0x3b0,0x4006f,0x4f,
0x3b2,0x3b1,0x50050,0x55,0x3b3,0x3ad,0x3b2,0x50081,
0x55,0x3b4,0x3a8,0x3b3,0x200f9,0x399,0x200f8,0x39a,
0x50080,0x49,0x3b5,0x392,0x87,0x60041,0x12a,0x3b6,
0x22,0x48,0x3b5,0x4003d,0x49,0x3b7,0x3b6,0x50080,
0x49,0x3b8,0x3b7,0x4a,0x40070,0x4f,0x3b9,0x3b8,
0x500b4,0x5a,0x3ba,0x3b9,0x93,0x600a9,0x4f,0x3bb,
0x3ba,0x61,0x94,0x50085,0x4f,0x3bc,0x3b9,0x3bb,
0x50088,0x4f,0x3bd,0x3bc,0x381,0x3003e,0x151,0x13b,
0x50041,0x123,0x3be,0x151,0x2f1,0x4003d,0x55,0x3bf,
0x3be,0x5008e,0x55,0x3c0,0x3bf,0x3bd,0x60041,0x125,
0x3c1,0x151,0x2f1,0x48,0x4003d,0x4f,0x3c2,0x3c1,
0x500ba,0x5a,0x3c3,0x3c2,0x54,0x600a9,0x4f,0x3c4,
0x3c3,0x3b9,0x54,0x60041,0x125,0x3c5,0x151,0x2f1,
0x51,0x4003d,0x4f,0x3c6,0x3c5,0x500b8,0x5a,0x3c7,
0x3c6,0x54,0x600a9,0x4f,0x3c8,0x3c7,0x3b9,0x54,
0x50050,0x55,0x3c9,0x3c4,0x3c8,0x200f9,0x399,0x200f8,
0x399,0x700f5,0x55,0x3ca,0x3c9,0x39a,0x3b4,0x39b,
0x700f5,0x55,0x3cb,0x3c0,0x39a,0x38b,0x39b,0x200f9,
0x397,0x200f8,0x397,0x700f5,0x55,0x3cc,0x38a,0x38d,
0x3ca,0x399,0x700f5,0x55,0x3cd,0x38b,0x38d,0x3cb,
0x399,0x200f9,0x38c,0x200f8,0x38c,0x700f5,0x55,0x3ce,
0x38a,0x380,0x3cc,0x397,0x700f5,0x55,0x3cf,0x38b,
0x380,0x3cd,0x397,0x200f9,0x37f,0x200f8,0x37f,0x700f5,
0x55,0x3d0,0x160,0x377,0x3ce,0x38c,0x700f5,0x67,
0x3d1,0x25e,0x377,0x389,0x38c,0x700f5,0x55,0x3d2,
0x25f,0x377,0x3cf,0x38c,0x600a9,0x49,0x3d3,0x37e,
0x4c,0x15b,0x600a9,0x49,0x3d4,0x37e,0x4c,0x15f,
0x200f9,0x348,0x200f8,0x348,0x700f5,0x49,0x3d5,0x15b,
0x33a,0x3d3,0x37f,0x700f5,0x49,0x3d6,0x15f,0x33a,
0x3d4,0x37f,0x700f5,0x55,0x3d7,0x160,0x33a,0x3d0,
0x37f,0x700f5,0x67,0x3d8,0x25e,0x33a,0x3d1,0x37f,
0x700f5,0x55,0x3d9,0x25f,0x33a,0x3d2,0x37f,0x700f5,
0x5a,0x3da,0x347,0x33a,0x37e,0x37f,0x200f9,0x339,
0x200f8,0x339,0x700f5,0x49,0x3db,0x15b,0x325,0x3d5,
0x348,0x700f5,0x49,0x3dc,0x15f,0x325,0x3d6,0x348,
0x700f5,0x55,0x3dd,0x160,0x325,0x3d7,0x348,0x700f5,
0x67,0x3de,0x25e,0x325,0x3d8,0x348,0x700f5,0x55,
0x3df,0x25f,0x325,0x3d9,0x348,0x700f5,0x5a,0x3e0,
0x338,0x325,0x3da,0x348,0x200f9,0x2c9,0x200f8,0x2c9,
0x700f5,0x49,0x3e1,0x15b,0x2c4,0x3db,0x339,0x700f5,
0x49,0x3e2,0x15f,0x2c4,0x3dc,0x339,0x700f5,0x55,
0x3e3,0x160,0x2c4,0x3dd,0x339,0x700f5,0x67,0x3e4,
0x25e,0x2c4,0x3de,0x339,0x700f5,0x55,0x3e5,0x25f,
0x2c4,0x3df,0x339,0x700f5,0x5a,0x3e6,0x2c8,0x2c4,
0x3e0,0x339,0x400a8,0x5a,0x3e7,0x3e6,0x300f7,0x3e8,
0x0,0x400fa,0x3e7,0x3e9,0x3e8,0x200f8,0x3e9,0x60052,
0x55,0x3ea,0x61,0x3e5,0x0,0x200f9,0x3e8,0x200f8,
0x3e8,0x700f5,0x55,0x3eb,0x3e5,0x2c9,0x3ea,0x3e9,
0x50050,0x12e,0x3ec,0x3e7,0x3e7,0x600a9,0x55,0x3ed,
0x3ec,0x56,0x3e3,0x60050,0x12c,0x3ee,0x3e7,0x3e7,
0x3e7,0x600a9,0x67,0x3ef,0x3ee,0x86,0x3e4,0x200f9,
0x2b9,0x200f8,0x2b9,0x700f5,0x49,0x3f0,0x15b,0x2b6,
0x3e1,0x3e8,0x700f5,0x49,0x3f1,0x15f,0x2b6,0x3e2,
0x3e8,0x700f5,0x55,0x3f2,0x160,0x2b6,0x3ed,0x3e8,
0x700f5,0x55,0x3f3,0x25f,0x2b6,0x3eb,0x3e8,0x700f5,
0x67,0x3f4,0x25e,0x2b6,0x3ef,0x3e8,0x700f5,0x5a,
0x3f5,0x2af,0x2b6,0x3e6,0x3e8,0x200f9,0x2b4,0x200f8,
0x2b5,0x50051,0x49,0x3f6,0x2b0,0x2,0x500c7,0x49,
0x3f7,0x2b1,0x7d,0x500ab,0x5a,0x3f8,0x3f7,0x4c,
0x300f7,0x3f9,0x0,0x400fa,0x3f8,0x3fa,0x3f9,0x200f8,
0x3fa,0x7000c,0x49,0x3fb,0x1,0x26,0x3f6,0x57,
0x200f9,0x3f9,0x200f8,0x3f9,0x700f5,0x49,0x3fc,0x3f6,
0x2b5,0x3fb,0x3fa,0x300f7,0x3fd,0x0,0x400fa,0x2af,
0x3fe,0x3fd,0x200f8,0x3fe,0x500b0,0x5a,0x3ff,0x3fc,
0x62,0x200f9,0x3fd,0x200f8,0x3fd,0x700f5,0x5a,0x400,
0x5b,0x3f9,0x3ff,0x3fe,0x300f7,0x401,0x0,0x400fa,
0x400,0x402,0x401,0x200f8,0x402,0x50051,0x4f,0x403,
0x25f,0x1,0x4009c,0x5a,0x404,0x403,0x4009d,0x5a,
0x405,0x403,0x500a6,0x5a,0x406,0x404,0x405,0x400a8,
0x5a,0x407,0x406,0x200f9,0x401,0x200f8,0x401,0x700f5,
0x5a,0x408,0x5b,0x3fd,0x407,0x402,0x300f7,0x409,
0x0,0x400fa,0x408,0x40a,0x409,0x200f8,0x40a,0x50051,
0x4f,0x40b,0x25f,0x1,0x500ba,0x5a,0x40c,0x40b,
0x54,0x200f9,0x409,0x200f8,0x409,0x700f5,0x5a,0x40d,
0x5b,0x401,0x40c,0x40a,0x300f7,0x40e,0x0,0x400fa,
0x40d,0x40f,0x40e,0x200f8,0x40f,0x50080,0x49,0x410,
0x266,0x64,0x60041,0x12a,0x411,0x22,0x48,0x410,
0x4003d,0x49,0x412,0x411,0x50084,0x49,0x413,0x292,
0x62,0x50080,0x49,0x414,0x412,0x413,0x60041,0x12a,
0x415,0x22,0x48,0x414,0x4003d,0x49,0x416,0x415,
0x50080,0x49,0x417,0x414,0x4a,0x60041,0x12a,0x418,
0x22,0x48,0x417,0x4003d,0x49,0x419,0x418,0x50080,
0x49,0x41a,0x266,0x82,0x60041,0x12a,0x41b,0x22,
0x48,0x41a,0x4003d,0x49,0x41c,0x41b,0x50080,0x49,
0x41d,0x266,0x83,0x60041,0x12a,0x41e,0x22,0x48,
0x41d,0x4003d,0x49,0x41f,0x41e,0x50084,0x49,0x420,
0x292,0x144,0x50080,0x49,0x421,0x41f,0x420,0x60041,
0x12a,0x422,0x22,0x48,0x421,0x4003d,0x49,0x423,
0x422,0x500b2,0x5a,0x424,0x416,0x41c,0x300f7,0x425,
0x0,0x400fa,0x424,0x426,0x425,0x200f8,0x426,0x50082,
0x49,0x427,0x41c,0x416,0x500b2,0x5a,0x428,0x419,
0x427,0x200f9,0x425,0x200f8,0x425,0x700f5,0x5a,0x429,
0x5b,0x40f,0x428,0x426,0x300f7,0x42a,0x0,0x400fa,
0x429,0x42b,0x42a,0x200f8,0x42b,0x500ae,0x5a,0x42c,
0x419,0x57,0x200f9,0x42a,0x200f8,0x42a,0x700f5,0x5a,
0x42d,0x5b,0x425,0x42c,0x42b,0x300f7,0x42e,0x0,
0x400fa,0x42d,0x42f,0x42e,0x200f8,0x42f,0x500b2,0x5a,
0x430,0x419,0x84,0x200f9,0x42e,0x200f8,0x42e,0x700f5,
0x5a,0x431,0x5b,0x42a,0x430,0x42f,0x300f7,0x432,
0x0,0x400fa,0x431,0x433,0x432,0x200f8,0x433,0x50080,
0x49,0x434,0x421,0x4a,0x60041,0x12a,0x435,0x22,
0x48,0x434,0x4003d,0x49,0x436,0x435,0x500aa,0x5a,
0x437,0x436,0x4c,0x200f9,0x432,0x200f8,0x432,0x700f5,
0x5a,0x438,0x5b,0x42e,0x437,0x433,0x300f7,0x439,
0x0,0x400fa,0x438,0x43a,0x439,0x200f8,0x43a,0x500ae,
0x5a,0x43b,0x423,0x57,0x200f9,0x439,0x200f8,0x439,
0x700f5,0x5a,0x43c,0x5b,0x432,0x43b,0x43a,0x300f7,
0x43d,0x0,0x400fa,0x43c,0x43e,0x43d,0x200f8,0x43e,
0x500b2,0x5a,0x43f,0x423,0x85,0x200f9,0x43d,0x200f8,
0x43d,0x700f5,0x5a,0x440,0x5b,0x439,0x43f,0x43e,
0x300f7,0x441,0x0,0x400fa,0x440,0x442,0x441,0x200f8,
0x442,0x200f9,0x443,0x200f8,0x443,0x700f5,0x4f,0x444,
0x54,0x442,0x445,0x446,0x700f5,0x67,0x447,0x86,
0x442,0x448,0x446,0x700f5,0x67,0x449,0x86,0x442,
0x44a,0x446,0x700f5,0x49,0x44b,0x4c,0x442,0x44c,
0x446,0x700f5,0x67,0x44d,0x86,0x442,0x44e,0x446,
0x500b0,0x5a,0x44f,0x44b,0x419,0x400f6,0x450,0x446,
0x0,0x400fa,0x44f,0x451,0x450,0x200f8,0x451,0x50080,
0x49,0x452,0x266,0x87,0x60041,0x12a,0x453,0x22,
0x48,0x452,0x4003d,0x49,0x454,0x453,0x50080,0x49,
0x455,0x416,0x44b,0x50084,0x49,0x456,0x455,0x62,
0x50080,0x49,0x457,0x454,0x456,0x60041,0x12a,0x458,
0x22,0x48,0x457,0x4003d,0x49,0x459,0x458,0x50080,
0x49,0x45a,0x266,0x78,0x60041,0x12a,0x45b,0x22,
0x48,0x45a,0x4003d,0x49,0x45c,0x45b,0x500ae,0x5a,
0x45d,0x459,0x45c,0x300f7,0x45e,0x0,0x400fa,0x45d,
0x45f,0x45e,0x200f8,0x45f,0x200f9,0x450,0x200f8,0x45e,
0x50080,0x49,0x460,0x266,0x65,0x60041,0x12a,0x461,
0x22,0x48,0x460,0x4003d,0x49,0x462,0x461,0x50084,
0x49,0x463,0x459,0x64,0x50080,0x49,0x464,0x462,
0x463,0x60041,0x12a,0x465,0x22,0x48,0x464,0x4003d,
0x49,0x466,0x465,0x50080,0x49,0x467,0x464,0x4a,
0x60041,0x12a,0x468,0x22,0x48,0x467,0x4003d,0x49,
0x469,0x468,0x50080,0x49,0x46a,0x464,0x65,0x60041,
0x12a,0x46b,0x22,0x48,0x46a,0x4003d,0x49,0x46c,
0x46b,0x50080,0x49,0x46d,0x464,0x57,0x60041,0x12a,
0x46e,0x22,0x48,0x46d,0x4003d,0x49,0x46f,0x46e,
0x70050,0x79,0x470,0x466,0x469,0x46c,0x46f,0x4007c,
0x71,0x471,0x470,0x50051,0x4f,0x472,0x471,0x3,
0x500bf,0x5a,0x473,0x472,0x54,0x300f7,0x474,0x0,
0x400fa,0x473,0x475,0x474,0x200f8,0x475,0x4009c,0x12b,
0x476,0x471,0x4009d,0x12b,0x477,0x471,0x500a6,0x12b,
0x478,0x476,0x477,0x400a8,0x12b,0x479,0x478,0x4009b,
0x5a,0x47a,0x479,0x400a8,0x5a,0x47b,0x47a,0x200f9,
0x474,0x200f8,0x474,0x700f5,0x5a,0x47c,0x88,0x45e,
0x47b,0x475,0x300f7,0x47d,0x0,0x400fa,0x47c,0x47e,
0x47d,0x200f8,0x47e,0x200f9,0x450,0x200f8,0x47d,0x500aa,
0x5a,0x47f,0x44b,0x4c,0x300f7,0x480,0x0,0x400fa,
0x47f,0x481,0x482,0x200f8,0x482,0x500ae,0x5a,0x483,
0x44b,0x65,0x300f7,0x484,0x0,0x400fa,0x483,0x485,
0x484,0x200f8,0x485,0x50083,0x67,0x486,0x449,0x447,
0x8004f,0x67,0x487,0x471,0x471,0x0,0x1,0x2,
0x50083,0x67,0x488,0x487,0x447,0x7000c,0x67,0x489,
0x1,0x44,0x486,0x488,0x50094,0x4f,0x48a,0x489,
0x489,0x500ba,0x5a,0x48b,0x48a,0x444,0x600a9,0x4f,
0x48c,0x48b,0x48a,0x444,0x60050,0x12c,0x48d,0x48b,
0x48b,0x48b,0x600a9,0x67,0x48e,0x48d,0x489,0x44d,
0x200f9,0x484,0x200f8,0x484,0x700f5,0x4f,0x48f,0x444,
0x482,0x48c,0x485,0x700f5,0x67,0x490,0x44d,0x482,
0x48e,0x485,0x200f9,0x480,0x200f8,0x481,0x8004f,0x67,
0x491,0x471,0x471,0x0,0x1,0x2,0x200f9,0x480,
0x200f8,0x480,0x700f5,0x4f,0x445,0x444,0x481,0x48f,
0x484,0x700f5,0x67,0x448,0x491,0x481,0x447,0x484,
0x700f5,0x67,0x44e,0x44d,0x481,0x490,0x484,0x8004f,
0x67,0x44a,0x471,0x471,0x0,0x1,0x2,0x200f9,
0x446,0x200f8,0x446,0x50080,0x49,0x44c,0x44b,0x4a,
0x200f9,0x443,0x200f8,0x450,0x900f5,0x5a,0x492,0x440,
0x443,0x5b,0x45f,0x5b,0x47e,0x200f9,0x441,0x200f8,
0x441,0x700f5,0x67,0x493,0x86,0x43d,0x447,0x450,
0x700f5,0x67,0x494,0x86,0x43d,0x44d,0x450,0x700f5,
0x4f,0x495,0x54,0x43d,0x444,0x450,0x700f5,0x5a,
0x496,0x440,0x43d,0x492,0x450,0x300f7,0x497,0x0,
0x400fa,0x496,0x498,0x497,0x200f8,0x498,0x500ba,0x5a,
0x499,0x495,0x54,0x200f9,0x497,0x200f8,0x497,0x700f5,
0x5a,0x49a,0x5b,0x441,0x499,0x498,0x300f7,0x49b,
0x0,0x400fa,0x49a,0x49c,0x49b,0x200f8,0x49c,0x4009c,
0x5a,0x49d,0x495,0x4009d,0x5a,0x49e,0x495,0x500a6,
0x5a,0x49f,0x49d,0x49e,0x400a8,0x5a,0x4a0,0x49f,
0x200f9,0x49b,0x200f8,0x49b,0x700f5,0x5a,0x4a1,0x5b,
0x497,0x4a0,0x49c,0x300f7,0x4a2,0x0,0x400fa,0x4a1,
0x4a3,0x4a2,0x200f8,0x4a3,0x200f9,0x4a4,0x200f8,0x4a4,
0x700f5,0x55,0x4a5,0x13a,0x4a3,0x4a6,0x4a7,0x700f5,
0x55,0x4a8,0x8a,0x4a3,0x4a9,0x4a7,0x700f5,0x49,
0x4aa,0x4c,0x4a3,0x4ab,0x4a7,0x500b0,0x5a,0x4ac,
0x4aa,0x423,0x400f6,0x4ad,0x4a7,0x0,0x400fa,0x4ac,
0x4ae,0x4ad,0x200f8,0x4ae,0x50080,0x49,0x4af,0x421,
0x62,0x50084,0x49,0x4b0,0x4aa,0x62,0x50080,0x49,
0x4b1,0x4af,0x4b0,0x60041,0x12a,0x4b2,0x22,0x48,
0x4b1,0x4003d,0x49,0x4b3,0x4b2,0x50080,0x49,0x4b4,
0x4b1,0x4a,0x60041,0x12a,0x4b5,0x22,0x48,0x4b4,
0x4003d,0x49,0x4b6,0x4b5,0x50050,0x12d,0x4b7,0x4b3,
0x4b6,0x4007c,0x55,0x4b8,0x4b7,0x4009c,0x12e,0x4b9,
0x4b8,0x4009d,0x12e,0x4ba,0x4b8,0x500a6,0x12e,0x4bb,
0x4b9,0x4ba,0x400a8,0x12e,0x4bc,0x4bb,0x4009b,0x5a,
0x4bd,0x4bc,0x400a8,0x5a,0x4be,0x4bd,0x300f7,0x4bf,
0x0,0x400fa,0x4be,0x4c0,0x4bf,0x200f8,0x4c0,0x200f9,
0x4ad,0x200f8,0x4bf,0x7000c,0x55,0x4a9,0x1,0x4f,
0x4a8,0x4b8,0x7000c,0x55,0x4a6,0x1,0x50,0x4a5,
0x4b8,0x200f9,0x4a7,0x200f8,0x4a7,0x50080,0x49,0x4ab,
0x4aa,0x4a,0x200f9,0x4a4,0x200f8,0x4ad,0x700f5,0x5a,
0x4c1,0x4a1,0x4a4,0x5b,0x4c0,0x200f9,0x4a2,0x200f8,
0x4a2,0x700f5,0x55,0x4c2,0x13a,0x49b,0x4a5,0x4ad,
0x700f5,0x55,0x4c3,0x8a,0x49b,0x4a8,0x4ad,0x700f5,
0x5a,0x4c4,0x4a1,0x49b,0x4c1,0x4ad,0x300f7,0x4c5,
0x0,0x400fa,0x4c4,0x4c6,0x4c5,0x200f8,0x4c6,0x50080,
0x49,0x4c7,0x266,0x6a,0x60041,0x12a,0x4c8,0x22,
0x48,0x4c7,0x4003d,0x49,0x4c9,0x4c8,0x500c7,0x49,
0x4ca,0x4c9,0x62,0x500ab,0x5a,0x4cb,0x4ca,0x4c,
0x300f7,0x4cc,0x0,0x400fa,0x4cb,0x4cd,0x4ce,0x200f8,
0x4ce,0x200f9,0x4cc,0x200f8,0x4cd,0x60041,0x12a,0x4cf,
0x22,0x48,0x266,0x4003d,0x49,0x4d0,0x4cf,0x50080,
0x49,0x4d1,0x4d0,0x267,0x60041,0x12a,0x4d2,0x22,
0x48,0x4d1,0x4003d,0x49,0x4d3,0x4d2,0x200f9,0x4cc,
0x200f8,0x4cc,0x700f5,0x49,0x4d4,0x4d3,0x4cd,0x292,
0x4ce,0x50080,0x49,0x4d5,0x266,0x8b,0x60041,0x12a,
0x4d6,0x22,0x48,0x4d5,0x4003d,0x49,0x4d7,0x4d6,
0x50084,0x49,0x4d8,0x4d4,0x62,0x50080,0x49,0x4d9,
0x4d7,0x4d8,0x60041,0x12a,0x4da,0x22,0x48,0x4d9,
0x4003d,0x49,0x4db,0x4da,0x50080,0x49,0x4dc,0x4d9,
0x4a,0x60041,0x12a,0x4dd,0x22,0x48,0x4dc,0x4003d,
0x49,0x4de,0x4dd,0x50080,0x49,0x4df,0x4d9,0x65,
0x60041,0x12a,0x4e0,0x22,0x48,0x4df,0x4003d,0x49,
0x4e1,0x4e0,0x60050,0x10f,0x4e2,0x4db,0x4de,0x4e1,
0x4007c,0x67,0x4e3,0x4e2,0x50080,0x49,0x4e4,0x266,
0x57,0x60041,0x12a,0x4e5,0x22,0x48,0x4e4,0x4003d,
0x49,0x4e6,0x4e5,0x50084,0x49,0x4e7,0x267,0x62,
0x50080,0x49,0x4e8,0x4e6,0x4e7,0x50080,0x49,0x4e9,
0x4e8,0x57,0x60041,0x12a,0x4ea,0x22,0x48,0x4e9,
0x4003d,0x49,0x4eb,0x4ea,0x500c7,0x49,0x4ec,0x4eb,
0x8c,0x500ab,0x5a,0x4ed,0x4ec,0x4c,0x600a9,0x4f,
0x4ee,0x4ed,0x8d,0x54,0x6000c,0x55,0x4ef,0x1,
0x8,0x4c3,0x50050,0x55,0x4f0,0x61,0x4ee,0x50083,
0x55,0x4f1,0x4ef,0x4f0,0x7000c,0x55,0x4f2,0x1,
0x50,0x4f1,0x56,0x6000c,0x55,0x4f3,0x1,0x9,
0x4c2,0x50081,0x55,0x4f4,0x4f3,0x4f0,0x50080,0x49,
0x4f5,0x266,0x7e,0x60041,0x12a,0x4f6,0x22,0x48,
0x4f5,0x4003d,0x49,0x4f7,0x4f6,0x40070,0x4f,0x4f8,
0x4f7,0x50080,0x49,0x4f9,0x266,0x8e,0x60041,0x12a,
0x4fa,0x22,0x48,0x4f9,0x4003d,0x49,0x4fb,0x4fa,
0x40070,0x4f,0x4fc,0x4fb,0x50050,0x55,0x4fd,0x4f8,
0x4fc,0x7000c,0x55,0x4fe,0x1,0x4f,0x4f4,0x4fd,
0x500ba,0x12e,0x4ff,0x4fe,0x4f2,0x4009b,0x5a,0x500,
0x4ff,0x300f7,0x501,0x0,0x400fa,0x500,0x502,0x501,
0x200f8,0x502,0x4009c,0x12c,0x503,0x4e3,0x4009d,0x12c,
0x504,0x4e3,0x500a6,0x12c,0x505,0x503,0x504,0x400a8,
0x12c,0x506,0x505,0x4009b,0x5a,0x507,0x506,0x200f9,
0x501,0x200f8,0x501,0x700f5,0x5a,0x508,0x5b,0x4cc,
0x507,0x502,0x300f7,0x509,0x0,0x400fa,0x508,0x50a,
0x509,0x200f8,0x50a,0x50051,0x4f,0x50b,0x4e3,0x2,
0x500ba,0x5a,0x50c,0x50b,0x54,0x200f9,0x509,0x200f8,
0x509,0x700f5,0x5a,0x50d,0x5b,0x501,0x50c,0x50a,
0x300f7,0x50e,0x0,0x400fa,0x50d,0x50f,0x50e,0x200f8,
0x50f,0x200f9,0x510,0x200f8,0x510,0x700f5,0x49,0x511,
0x4c,0x50f,0x512,0x513,0x700f5,0x55,0x514,0x56,
0x50f,0x515,0x513,0x700f5,0x67,0x516,0x86,0x50f,
0x517,0x513,0x500b0,0x5a,0x518,0x511,0x62,0x400f6,
0x519,0x513,0x0,0x400fa,0x518,0x51a,0x519,0x200f8,
0x51a,0x500ab,0x5a,0x51b,0x511,0x4a,0x300f7,0x51c,
0x0,0x400fa,0x51b,0x51d,0x51c,0x200f8,0x51d,0x500aa,
0x5a,0x51e,0x511,0x65,0x200f9,0x51c,0x200f8,0x51c,
0x700f5,0x5a,0x51f,0x88,0x51a,0x51e,0x51d,0x300f7,
0x520,0x0,0x400fa,0x51f,0x521,0x522,0x200f8,0x522,
0x50051,0x4f,0x523,0x4f2,0x0,0x200f9,0x520,0x200f8,
0x521,0x50051,0x4f,0x524,0x4fe,0x0,0x200f9,0x520,
0x200f8,0x520,0x700f5,0x4f,0x525,0x524,0x521,0x523,
0x522,0x500ae,0x5a,0x526,0x511,0x65,0x300f7,0x527,
0x0,0x400fa,0x526,0x528,0x529,0x200f8,0x529,0x50051,
0x4f,0x52a,0x4f2,0x1,0x200f9,0x527,0x200f8,0x528,
0x50051,0x4f,0x52b,0x4fe,0x1,0x200f9,0x527,0x200f8,
0x527,0x700f5,0x4f,0x52c,0x52b,0x528,0x52a,0x529,
0x50050,0x55,0x52d,0x525,0x52c,0x7004f,0x55,0x52e,
0x4e3,0x4e3,0x0,0x1,0x50083,0x55,0x52f,0x52d,
0x52e,0x50051,0x4f,0x530,0x4e3,0x2,0x50050,0x55,
0x531,0x530,0x530,0x50088,0x55,0x532,0x52f,0x531,
0x50051,0x4f,0x533,0x532,0x0,0x50051,0x4f,0x534,
0x532,0x1,0x60050,0x67,0x535,0x533,0x534,0x61,
0x50094,0x4f,0x536,0x494,0x535,0x50094,0x4f,0x537,
0x494,0x493,0x50088,0x4f,0x538,0x537,0x536,0x500b7,
0x5a,0x539,0x536,0x54,0x300f7,0x53a,0x0,0x400fa,
0x539,0x53b,0x53a,0x200f8,0x53b,0x4009c,0x5a,0x53c,
0x538,0x4009d,0x5a,0x53d,0x538,0x500a6,0x5a,0x53e,
0x53c,0x53d,0x200f9,0x53a,0x200f8,0x53a,0x700f5,0x5a,
0x53f,0x88,0x527,0x53e,0x53b,0x400a8,0x5a,0x540,
0x53f,0x300f7,0x541,0x0,0x400fa,0x540,0x542,0x541,
0x200f8,0x542,0x500bc,0x5a,0x543,0x538,0x54,0x200f9,
0x541,0x200f8,0x541,0x700f5,0x5a,0x544,0x88,0x53a,
0x543,0x542,0x300f7,0x545,0x0,0x400fa,0x544,0x546,
0x545,0x200f8,0x546,0x200f9,0x519,0x200f8,0x545,0x500aa,
0x5a,0x547,0x511,0x3fc,0x300f7,0x548,0x0,0x400fa,
0x547,0x549,0x548,0x200f8,0x549,0x5008e,0x67,0x54a,
0x535,0x538,0x200f9,0x548,0x200f8,0x548,0x700f5,0x67,
0x517,0x516,0x545,0x54a,0x549,0x50050,0x12e,0x54b,
0x547,0x547,0x600a9,0x55,0x515,0x54b,0x52d,0x514,
0x200f9,0x513,0x200f8,0x513,0x50080,0x49,0x512,0x511,
0x4a,0x200f9,0x510,0x200f8,0x519,0x700f5,0x5a,0x54c,
0x50d,0x510,0x5b,0x546,0x200f9,0x50e,0x200f8,0x50e,
0x700f5,0x55,0x54d,0x56,0x509,0x514,0x519,0x700f5,
0x67,0x54e,0x86,0x509,0x516,0x519,0x700f5,0x5a,
0x54f,0x50d,0x509,0x54c,0x519,0x300f7,0x550,0x0,
0x400fa,0x54f,0x551,0x550,0x200f8,0x551,0x50051,0x4f,
0x552,0x54e,0x0,0x50051,0x4f,0x553,0x54e,0x1,
0x4007f,0x4f,0x554,0x553,0x50051,0x4f,0x555,0x54e,
0x2,0x4007f,0x4f,0x556,0x555,0x60050,0x67,0x557,
0x552,0x554,0x556,0x50051,0x4f,0x558,0x25f,0x1,
0x60050,0x67,0x559,0x558,0x558,0x558,0x50088,0x67,
0x55a,0x557,0x559,0x5008e,0x55,0x55b,0x54d,0x555,
0x60052,0x55,0x55c,0x555,0x25f,0x0,0x200f9,0x550,
0x200f8,0x550,0x700f5,0x55,0x55d,0x160,0x50e,0x55b,
0x551,0x700f5,0x67,0x55e,0x25e,0x50e,0x55a,0x551,
0x700f5,0x55,0x55f,0x25f,0x50e,0x55c,0x551,0x600a9,
0x49,0x560,0x54f,0x4c,0x15b,0x600a9,0x49,0x561,
0x54f,0x4c,0x15f,0x200f9,0x4c5,0x200f8,0x4c5,0x700f5,
0x49,0x562,0x15b,0x4a2,0x560,0x550,0x700f5,0x49,
0x563,0x15f,0x4a2,0x561,0x550,0x700f5,0x55,0x564,
0x160,0x4a2,0x55d,0x550,0x700f5,0x67,0x565,0x25e,
0x4a2,0x55e,0x550,0x700f5,0x55,0x566,0x25f,0x4a2,
0x55f,0x550,0x700f5,0x5a,0x567,0x4c4,0x4a2,0x54f,
0x550,0x200f9,0x40e,0x200f8,0x40e,0x700f5,0x49,0x568,
0x15b,0x409,0x562,0x4c5,0x700f5,0x49,0x569,0x15f,
0x409,0x563,0x4c5,0x700f5,0x55,0x56a,0x160,0x409,
0x564,0x4c5,0x700f5,0x67,0x56b,0x25e,0x409,0x565,
0x4c5,0x700f5,0x55,0x56c,0x25f,0x409,0x566,0x4c5,
0x700f5,0x5a,0x56d,0x40d,0x409,0x567,0x4c5,0x400a8,
0x5a,0x56e,0x56d,0x300f7,0x56f,0x0,0x400fa,0x56e,
0x570,0x56f,0x200f8,0x570,0x60052,0x55,0x571,0x61,
0x56c,0x0,0x200f9,0x56f,0x200f8,0x56f,0x700f5,0x55,
0x572,0x56c,0x40e,0x571,0x570,0x50050,0x12e,0x573,
0x56e,0x56e,0x600a9,0x55,0x574,0x573,0x56,0x56a,
0x60050,0x12c,0x575,0x56e,0x56e,0x56e,0x600a9,0x67,
0x576,0x575,0x86,0x56b,0x200f9,0x2b4,0x200f8,0x2b4,
0x700f5,0x49,0x577,0x568,0x56f,0x3f0,0x2b9,0x700f5,
0x49,0x578,0x569,0x56f,0x3f1,0x2b9,0x700f5,0x55,
0x579,0x574,0x56f,0x3f2,0x2b9,0x700f5,0x55,0x57a,
0x572,0x56f,0x3f3,0x2b9,0x700f5,0x67,0x57b,0x576,
0x56f,0x3f4,0x2b9,0x700f5,0x5a,0x57c,0x56d,0x56f,
0x3f5,0x2b9,0x600a9,0x47,0x57d,0x57c,0x51,0x48,
0x4007c,0x49,0x57e,0x57d,0x300f7,0x57f,0x0,0x400fa,
0x2ae,0x580,0x581,0x200f8,0x581,0x50080,0x49,0x582,
0x266,0x57,0x60041,0x12a,0x583,0x22,0x48,0x582,
0x4003d,0x49,0x584,0x583,0x600a9,0x49,0x585,0x57c,
0x267,0x4c,0x50084,0x49,0x586,0x585,0x62,0x50080,
0x49,0x587,0x584,0x586,0x50080,0x49,0x588,0x266,
0x7e,0x60041,0x12a,0x589,0x22,0x48,0x588,0x4003d,
0x49,0x58a,0x589,0x50080,0x49,0x58b,0x266,0x6c,
0x60041,0x12a,0x58c,0x22,0x48,0x58b,0x4003d,0x49,
0x58d,0x58c,0x50080,0x49,0x58e,0x266,0x6a,0x60041,
0x12a,0x58f,0x22,0x48,0x58e,0x4003d,0x49,0x590,
0x58f,0x500c7,0x49,0x591,0x590,0x57,0x500c4,0x49,
0x592,0x591,0x9f,0x500c5,0x49,0x593,0x9e,0x592,
0x70050,0x79,0x594,0x587,0x58a,0x58d,0x593,0x200f9,
0x57f,0x200f8,0x580,0x300f7,0x595,0x0,0x400fa,0x57c,
0x596,0x595,0x200f8,0x596,0x50080,0x49,0x597,0x266,
0x6b,0x60041,0x12a,0x598,0x22,0x48,0x597,0x4003d,
0x49,0x599,0x598,0x50084,0x49,0x59a,0x292,0x70,
0x50080,0x49,0x59b,0x599,0x59a,0x50080,0x49,0x59c,
0x266,0x64,0x60041,0x12a,0x59d,0x22,0x48,0x59c,
0x4003d,0x49,0x59e,0x59d,0x50084,0x49,0x59f,0x292,
0x62,0x50080,0x49,0x5a0,0x59e,0x59f,0x50080,0x49,
0x5a1,0x5a0,0x57,0x60041,0x12a,0x5a2,0x22,0x48,
0x5a1,0x4003d,0x49,0x5a3,0x5a2,0x500c7,0x49,0x5a4,
0x5a3,0x65,0x50080,0x49,0x5a5,0x59b,0x90,0x60041,
0x12a,0x5a6,0x22,0x48,0x5a5,0x4003d,0x49,0x5a7,
0x5a6,0x500ab,0x5a,0x5a8,0x5a7,0x4c,0x300f7,0x5a9,
0x0,0x400fa,0x5a8,0x5aa,0x5a9,0x200f8,0x5aa,0x500aa,
0x5a,0x5ab,0x5a4,0x4c,0x200f9,0x5a9,0x200f8,0x5a9,
0x700f5,0x5a,0x5ac,0x5b,0x596,0x5ab,0x5aa,0x300f7,
0x5ad,0x0,0x400fa,0x5ac,0x5ae,0x5ad,0x200f8,0x5ae,
0x50080,0x49,0x5af,0x266,0x9b,0x60041,0x12a,0x5b0,
0x22,0x48,0x5af,0x4003d,0x49,0x5b1,0x5b0,0x50080,
0x49,0x5b2,0x266,0x6c,0x60041,0x12a,0x5b3,0x22,
0x48,0x5b2,0x4003d,0x49,0x5b4,0x5b3,0x50080,0x49,
0x5b5,0x266,0x6a,0x60041,0x12a,0x5b6,0x22,0x48,
0x5b5,0x4003d,0x49,0x5b7,0x5b6,0x500c7,0x49,0x5b8,
0x5b7,0x65,0x500ab,0x5a,0x5b9,0x5b8,0x4c,0x600a9,
0x49,0x5ba,0x5b9,0x65,0x4c,0x40053,0x49,0x5bb,
0x14b,0x40053,0x49,0x5bc,0x9c,0x600a9,0x49,0x5bd,
0x5b9,0x14b,0x9c,0x4003d,0x49,0x5be,0x59d,0x50080,
0x49,0x5bf,0x5be,0x59f,0x50080,0x49,0x5c0,0x5bf,
0x57,0x60041,0x12a,0x5c1,0x22,0x48,0x5c0,0x4003d,
0x49,0x5c2,0x5c1,0x500c7,0x49,0x5c3,0x5c2,0x62,
0x500ab,0x5a,0x5c4,0x5c3,0x4c,0x600a9,0x49,0x5c5,
0x5c4,0x62,0x4c,0x500c5,0x49,0x5c6,0x5bd,0x5c5,
0x4003d,0x49,0x5c7,0x59d,0x50080,0x49,0x5c8,0x5c7,
0x59f,0x50080,0x49,0x5c9,0x5c8,0x57,0x60041,0x12a,
0x5ca,0x22,0x48,0x5c9,0x4003d,0x49,0x5cb,0x5ca,
0x500c7,0x49,0x5cc,0x5cb,0x6b,0x500ab,0x5a,0x5cd,
0x5cc,0x4c,0x600a9,0x49,0x5ce,0x5cd,0x9d,0x4c,
0x500c5,0x49,0x5cf,0x5c6,0x5ce,0x70050,0x79,0x5d0,
0x59b,0x5b1,0x5b4,0x5cf,0x200f9,0x5ad,0x200f8,0x5ad,
0x700f5,0x79,0x5d1,0x7a,0x5a9,0x5d0,0x5ae,0x50080,
0x49,0x5d2,0x266,0x6c,0x60041,0x12a,0x5d3,0x22,
0x48,0x5d2,0x4003d,0x49,0x5d4,0x5d3,0x50080,0x49,
0x5d5,0x59b,0x62,0x60041,0x12a,0x5d6,0x22,0x48,
0x5d5,0x4003d,0x49,0x5d7,0x5d6,0x500c7,0x49,0x5d8,
0x5d7,0x6d,0x50080,0x49,0x5d9,0x5d4,0x5d8,0x60041,
0x12a,0x5da,0x22,0x48,0x5d9,0x4003d,0x49,0x5db,
0x5da,0x4003d,0x49,0x5dc,0x5d3,0x50080,0x49,0x5dd,
0x59b,0x6e,0x60041,0x12a,0x5de,0x22,0x48,0x5dd,
0x4003d,0x49,0x5df,0x5de,0x500c7,0x49,0x5e0,0x5df,
0x6d,0x50080,0x49,0x5e1,0x5dc,0x5e0,0x60041,0x12a,
0x5e2,0x22,0x48,0x5e1,0x4003d,0x49,0x5e3,0x5e2,
0x500c7,0x49,0x5e4,0x5db,0x6d,0x40070,0x4f,0x5e5,
0x5e4,0x500c2,0x49,0x5e6,0x5db,0x64,0x500c7,0x49,
0x5e7,0x5e6,0x6d,0x40070,0x4f,0x5e8,0x5e7,0x500c2,
0x49,0x5e9,0x5db,0x6b,0x500c7,0x49,0x5ea,0x5e9,
0x6d,0x40070,0x4f,0x5eb,0x5ea,0x500c2,0x49,0x5ec,
0x5db,0x70,0x40070,0x4f,0x5ed,0x5ec,0x70050,0x71,
0x5ee,0x5e5,0x5e8,0x5eb,0x5ed,0x50085,0x71,0x5ef,
0x5ee,0x13f,0x500c7,0x49,0x5f0,0x5e3,0x6d,0x40070,
0x4f,0x5f1,0x5f0,0x500c2,0x49,0x5f2,0x5e3,0x64,
0x500c7,0x49,0x5f3,0x5f2,0x6d,0x40070,0x4f,0x5f4,
0x5f3,0x500c2,0x49,0x5f5,0x5e3,0x6b,0x500c7,0x49,
0x5f6,0x5f5,0x6d,0x40070,0x4f,0x5f7,0x5f6,0x500c2,
0x49,0x5f8,0x5e3,0x70,0x40070,0x4f,0x5f9,0x5f8,
0x70050,0x71,0x5fa,0x5f1,0x5f4,0x5f7,0x5f9,0x50085,
0x71,0x5fb,0x5fa,0x13f,0x50080,0x49,0x5fc,0x266,
0x6a,0x60041,0x12a,0x5fd,0x22,0x48,0x5fc,0x4003d,
0x49,0x5fe,0x5fd,0x500c7,0x49,0x5ff,0x5fe,0x65,
0x500ab,0x5a,0x600,0x5ff,0x4c,0x300f7,0x601,0x0,
0x400fa,0x600,0x602,0x601,0x200f8,0x602,0x8004f,0x67,
0x603,0x5ef,0x5ef,0x0,0x1,0x2,0x500bc,0x12c,
0x604,0x603,0x73,0x50085,0x67,0x605,0x603,0x141,
0x50081,0x67,0x606,0x603,0x75,0x50085,0x67,0x607,
0x606,0x143,0x7000c,0x67,0x608,0x1,0x1a,0x607,
0x77,0x600a9,0x67,0x609,0x604,0x605,0x608,0x9004f,
0x71,0x60a,0x5ef,0x609,0x4,0x5,0x6,0x3,
0x8004f,0x67,0x60b,0x5fb,0x5fb,0x0,0x1,0x2,
0x500bc,0x12c,0x60c,0x60b,0x73,0x50085,0x67,0x60d,
0x60b,0x141,0x50081,0x67,0x60e,0x60b,0x75,0x50085,
0x67,0x60f,0x60e,0x143,0x7000c,0x67,0x610,0x1,
0x1a,0x60f,0x77,0x600a9,0x67,0x611,0x60c,0x60d,
0x610,0x9004f,0x71,0x612,0x5fb,0x611,0x4,0x5,
0x6,0x3,0x200f9,0x601,0x200f8,0x601,0x700f5,0x71,
0x613,0x5ef,0x5ad,0x60a,0x602,0x700f5,0x71,0x614,
0x5fb,0x5ad,0x612,0x602,0x50080,0x49,0x615,0x59b,
0x78,0x60041,0x12a,0x616,0x22,0x48,0x615,0x4003d,
0x49,0x617,0x616,0x500ab,0x5a,0x618,0x617,0x4c,
0x600a9,0x49,0x619,0x618,0x4a,0x4c,0x200f9,0x595,
0x200f8,0x595,0x700f5,0x71,0x61a,0x25b,0x580,0x613,
0x601,0x700f5,0x71,0x61b,0x25c,0x580,0x614,0x601,
0x700f5,0x49,0x61c,0x25d,0x580,0x619,0x601,0x700f5,
0x79,0x61d,0x7a,0x580,0x5d1,0x601,0x200f9,0x57f,
0x200f8,0x57f,0x700f5,0x71,0x61e,0x61a,0x595,0x25b,
0x581,0x700f5,0x71,0x61f,0x61b,0x595,0x25c,0x581,
0x700f5,0x49,0x620,0x61c,0x595,0x25d,0x581,0x700f5,
0x79,0x621,0x61d,0x595,0x594,0x581,0x200f9,0x264,
0x200f8,0x264,0x700f5,0x49,0x622,0x25a,0x1c8,0x57e,
0x57f,0x700f5,0x71,0x623,0x25b,0x1c8,0x61e,0x57f,
0x700f5,0x71,0x624,0x25c,0x1c8,0x61f,0x57f,0x700f5,
0x49,0x625,0x25d,0x1c8,0x620,0x57f,0x700f5,0x49,
0x626,0x15b,0x1c8,0x577,0x57f,0x700f5,0x49,0x627,
0x15f,0x1c8,0x578,0x57f,0x700f5,0x55,0x628,0x160,
0x1c8,0x579,0x57f,0x700f5,0x55,0x629,0x25f,0x1c8,
0x57a,0x57f,0x700f5,0x67,0x62a,0x25e,0x1c8,0x57b,
0x57f,0x700f5,0x79,0x62b,0x260,0x1c8,0x621,0x57f,
0x50051,0x49,0x62c,0x62b,0x3,0x500c7,0x49,0x62d,
0x62c,0x85,0x500ab,0x5a,0x62e,0x62d,0x4c,0x300f7,
0x62f,0x2,0x400fa,0x62e,0x630,0x62f,0x200f8,0x630,
0x50051,0x49,0x631,0x62b,0x0,0x60041,0x12a,0x632,
0x22,0x48,0x631,0x4003d,0x49,0x633,0x632,0x50080,
0x49,0x634,0x631,0x4a,0x60041,0x12a,0x635,0x22,
0x48,0x634,0x4003d,0x49,0x636,0x635,0x50080,0x49,
0x637,0x631,0x65,0x60041,0x12a,0x638,0x22,0x48,
0x637,0x4003d,0x49,0x639,0x638,0x60050,0x10f,0x63a,
0x633,0x636,0x639,0x4007c,0x67,0x63b,0x63a,0x500c7,
0x49,0x63c,0x62c,0xa0,0x500ab,0x5a,0x63d,0x63c,
0x4c,0x600a9,0x4f,0x63e,0x63d,0x53,0xa1,0x50083,
0x67,0x63f,0x62a,0x63b,0x60050,0x67,0x640,0x63e,
0x63e,0x63e,0x5008c,0x67,0x641,0x63f,0x640,0x40053,
0x4f,0x642,0x14c,0x40053,0x4f,0x643,0xa2,0x600a9,
0x4f,0x644,0x63d,0x14c,0xa2,0x60050,0x67,0x645,
0x644,0x644,0x644,0x500be,0x12c,0x646,0x641,0x645,
0x50083,0x67,0x647,0x641,0x640,0x600a9,0x67,0x648,
0x646,0x647,0x641,0x40053,0x4f,0x649,0x14d,0x40053,
0x4f,0x64a,0x14e,0x600a9,0x4f,0x64b,0x63d,0x14d,
0x14e,0x60050,0x67,0x64c,0x64b,0x64b,0x64b,0x500b8,
0x12c,0x64d,0x648,0x64c,0x50081,0x67,0x64e,0x648,
0x640,0x600a9,0x67,0x64f,0x64d,0x64e,0x648,0x200f9,
0x650,0x200f8,0x650,0x700f5,0x49,0x651,0x4c,0x630,
0x652,0x653,0x500b0,0x5a,0x654,0x651,0x57,0x400f6,
0x655,0x653,0x0,0x400fa,0x654,0x653,0x655,0x200f8,
0x653,0x50051,0x4f,0x656,0x64f,0x0,0x50080,0x49,
0x657,0x631,0x57,0x50080,0x49,0x658,0x657,0x651,
0x60041,0x12a,0x659,0x22,0x48,0x658,0x4003d,0x49,
0x65a,0x659,0x4007c,0x47,0x65b,0x65a,0x4006f,0x4f,
0x65c,0x65b,0x50085,0x4f,0x25,0x656,0x65c,0x50051,
0x4f,0x65d,0x64f,0x1,0x50080,0x49,0x65e,0x631,
0x78,0x50080,0x49,0x65f,0x65e,0x651,0x60041,0x12a,
0x660,0x22,0x48,0x65f,0x4003d,0x49,0x661,0x660,
0x4007c,0x47,0x662,0x661,0x4006f,0x4f,0x663,0x662,
0x50085,0x4f,0x26,0x65d,0x663,0x50081,0x4f,0x27,
0x25,0x26,0x50051,0x4f,0x664,0x64f,0x2,0x50080,
0x49,0x665,0x631,0x87,0x50080,0x49,0x666,0x665,
0x651,0x60041,0x12a,0x667,0x22,0x48,0x666,0x4003d,
0x49,0x668,0x667,0x4007c,0x47,0x669,0x668,0x4006f,
0x4f,0x66a,0x669,0x50085,0x4f,0x28,0x664,0x66a,
0x50081,0x4f,0x29,0x27,0x28,0x50088,0x4f,0x2a,
0x29,0xa2,0x50041,0x125,0x66b,0x152,0x651,0x3003e,
0x66b,0x2a,0x50080,0x49,0x652,0x651,0x4a,0x200f9,
0x650,0x200f8,0x655,0x300f7,0x66c,0x0,0x400fa,0x63d,
0x66d,0x66e,0x200f8,0x66e,0x50041,0x125,0x66f,0x152,
0x60,0x4003d,0x4f,0x670,0x66f,0x200f9,0x66c,0x200f8,
0x66d,0x4003d,0x67,0x671,0x152,0x6000c,0x4f,0x672,
0x1,0x42,0x671,0x200f9,0x66c,0x200f8,0x66c,0x700f5,
0x4f,0x673,0x672,0x66d,0x670,0x66e,0x500be,0x5a,
0x674,0x673,0x5d,0x300f7,0x675,0x0,0x400fa,0x674,
0x676,0x675,0x200f8,0x676,0x50051,0x49,0x677,0x62b,
0x2,0x500ab,0x5a,0x678,0x677,0x4c,0x300f7,0x679,
0x0,0x400fa,0x678,0x67a,0x679,0x200f8,0x67a,0x500b8,
0x5a,0x67b,0x673,0xa3,0x200f9,0x679,0x200f8,0x679,
0x700f5,0x5a,0x67c,0x88,0x676,0x67b,0x67a,0x200f9,
0x675,0x200f8,0x675,0x700f5,0x5a,0x67d,0x5b,0x66c,
0x67c,0x679,0x600a9,0x49,0x67e,0x67d,0x4a,0x4c,
0x8000c,0x4f,0x67f,0x1,0x2b,0x673,0x54,0xa4,
0x300f7,0x680,0x0,0x400fa,0x63d,0x681,0x682,0x200f8,
0x682,0x4003d,0x67,0x683,0x152,0x50051,0x4f,0x684,
0x683,0x0,0x50051,0x4f,0x685,0x683,0x1,0x60050,
0x67,0x686,0x684,0x685,0x67f,0x200f9,0x680,0x200f8,
0x681,0x4003d,0x67,0x687,0x152,0x200f9,0x680,0x200f8,
0x680,0x700f5,0x67,0x688,0x687,0x681,0x686,0x682,
0x600a9,0x4f,0x689,0x63d,0x673,0x67f,0x50085,0x4f,
0x68a,0x689,0x146,0x5008e,0x55,0x68b,0x629,0x68a,
0x50080,0x49,0x68c,0x631,0x83,0x50051,0x49,0x68d,
0x62b,0x1,0x50084,0x49,0x68e,0x68d,0x6b,0x4006d,
0x49,0x68f,0x67f,0x500c2,0x49,0x690,0x68f,0x64,
0x50080,0x49,0x691,0x68e,0x690,0x50084,0x49,0x692,
0x691,0x62,0x50080,0x49,0x693,0x68c,0x692,0x60041,
0x12a,0x694,0x22,0x48,0x693,0x4003d,0x49,0x695,
0x694,0x50080,0x49,0x696,0x693,0x4a,0x60041,0x12a,
0x697,0x22,0x48,0x696,0x4003d,0x49,0x698,0x697,
0x50080,0x49,0x699,0x693,0x65,0x60041,0x12a,0x69a,
0x22,0x48,0x699,0x4003d,0x49,0x69b,0x69a,0x50080,
0x49,0x69c,0x693,0x57,0x60041,0x12a,0x69d,0x22,
0x48,0x69c,0x4003d,0x49,0x69e,0x69d,0x70050,0x79,
0x69f,0x695,0x698,0x69b,0x69e,0x4007c,0x71,0x6a0,
0x69f,0x500c7,0x49,0x6a1,0x62c,0x4e,0x500ab,0x5a,
0x6a2,0x6a1,0x4c,0x300f7,0x6a3,0x0,0x400fa,0x6a2,
0x6a4,0x6a3,0x200f8,0x6a4,0x4003d,0x49,0x6a5,0x638,
0x4007c,0x4f,0x6a6,0x6a5,0x4006e,0x47,0x6a7,0x6a6,
0x4007c,0x49,0x6a8,0x6a7,0x50051,0x4f,0x6a9,0x154,
0x2,0x4006d,0x49,0x6aa,0x6a9,0x50080,0x49,0x6ab,
0x6a8,0x6aa,0x500c7,0x49,0x6ac,0x6ab,0xa5,0x40070,
0x4f,0x6ad,0x6ac,0x50083,0x4f,0x6ae,0x53,0x6ad,
0x500be,0x5a,0x6af,0x6ae,0x5d,0x300f7,0x6b0,0x0,
0x400fa,0x6af,0x6b1,0x6b0,0x200f8,0x6b1,0x50051,0x49,
0x6b2,0x62b,0x2,0x500ab,0x5a,0x6b3,0x6b2,0x4c,
0x300f7,0x6b4,0x0,0x400fa,0x6b3,0x6b5,0x6b4,0x200f8,
0x6b5,0x500b8,0x5a,0x6b6,0x6ae,0xa3,0x200f9,0x6b4,
0x200f8,0x6b4,0x700f5,0x5a,0x6b7,0x88,0x6b1,0x6b6,
0x6b5,0x200f9,0x6b0,0x200f8,0x6b0,0x700f5,0x5a,0x6b8,
0x5b,0x6a4,0x6b7,0x6b4,0x600a9,0x49,0x6b9,0x6b8,
0x4a,0x4c,0x7004f,0x55,0x6ba,0x154,0x154,0x0,
0x1,0x50088,0x4f,0x6bb,0x53,0x6ae,0x5008e,0x55,
0x6bc,0x6ba,0x6bb,0x50081,0x55,0x6bd,0xa8,0x6bc,
0x50085,0x55,0x6be,0x162,0x97,0x50081,0x55,0x6bf,
0x6bd,0x6be,0x7000c,0x4f,0x6c0,0x1,0x4f,0x6ae,
0xa4,0x4006d,0x49,0x6c1,0x6c0,0x500c2,0x49,0x6c2,
0x6c1,0x64,0x50080,0x49,0x6c3,0x68e,0x6c2,0x50084,
0x49,0x6c4,0x6c3,0x62,0x50080,0x49,0x6c5,0x68c,
0x6c4,0x60041,0x12a,0x6c6,0x22,0x48,0x6c5,0x4003d,
0x49,0x6c7,0x6c6,0x50080,0x49,0x6c8,0x6c5,0x4a,
0x60041,0x12a,0x6c9,0x22,0x48,0x6c8,0x4003d,0x49,
0x6ca,0x6c9,0x50080,0x49,0x6cb,0x6c5,0x65,0x60041,
0x12a,0x6cc,0x22,0x48,0x6cb,0x4003d,0x49,0x6cd,
0x6cc,0x50080,0x49,0x6ce,0x6c5,0x57,0x60041,0x12a,
0x6cf,0x22,0x48,0x6ce,0x4003d,0x49,0x6d0,0x6cf,
0x70050,0x79,0x6d1,0x6c7,0x6ca,0x6cd,0x6d0,0x4007c,
0x71,0x6d2,0x6d1,0x50051,0x4f,0x6d3,0x6bf,0x0,
0x50051,0x4f,0x6d4,0x6bf,0x1,0x60050,0x67,0x6d5,
0x6d3,0x6d4,0x54,0x500c7,0x49,0x6d6,0x62c,0x135,
0x60052,0x79,0x6d7,0x6d6,0x62b,0x3,0x200f9,0x6a3,
0x200f8,0x6a3,0x700f5,0x49,0x6d8,0x67e,0x680,0x6b9,
0x6b0,0x700f5,0x67,0x6d9,0x688,0x680,0x6d5,0x6b0,
0x700f5,0x71,0x6da,0x6a0,0x680,0x6d2,0x6b0,0x700f5,
0x55,0x6db,0x628,0x680,0x6bf,0x6b0,0x700f5,0x79,
0x6dc,0x62b,0x680,0x6d7,0x6b0,0x50050,0x12e,0x6dd,
0x6a2,0x6a2,0x600a9,0x55,0x6de,0x6dd,0x56,0x68b,
0x200f9,0x62f,0x200f8,0x62f,0x700f5,0x49,0x6df,0x622,
0x264,0x6d8,0x6a3,0x700f5,0x67,0x6e0,0x62a,0x264,
0x6d9,0x6a3,0x700f5,0x71,0x6e1,0x623,0x264,0x6da,
0x6a3,0x700f5,0x71,0x6e2,0x624,0x264,0x6da,0x6a3,
0x700f5,0x55,0x6e3,0x628,0x264,0x6db,0x6a3,0x700f5,
0x55,0x6e4,0x629,0x264,0x6de,0x6a3,0x700f5,0x79,
0x6e5,0x62b,0x264,0x6dc,0x6a3,0x50051,0x49,0x6e6,
0x6e5,0x3,0x500c7,0x49,0x6e7,0x6e6,0xa9,0x500ab,
0x5a,0x6e8,0x6e7,0x4c,0x300f7,0x6e9,0x2,0x400fa,
0x6e8,0x6ea,0x6e9,0x200f8,0x6ea,0x50051,0x49,0x6eb,
0x6e5,0x0,0x60041,0x12a,0x6ec,0x22,0x48,0x6eb,
0x4003d,0x49,0x6ed,0x6ec,0x4007c,0x47,0x6ee,0x6ed,
0x50080,0x49,0x6ef,0x6eb,0x4a,0x60041,0x12a,0x6f0,
0x22,0x48,0x6ef,0x4003d,0x49,0x6f1,0x6f0,0x4007c,
0x47,0x6f2,0x6f1,0x50080,0x49,0x6f3,0x6eb,0x65,
0x60041,0x12a,0x6f4,0x22,0x48,0x6f3,0x4003d,0x49,
0x6f5,0x6f4,0x4007c,0x47,0x6f6,0x6f5,0x3003e,0x153,
0xab,0x200f9,0x6f7,0x200f8,0x6f7,0x700f5,0x49,0x6f8,
0x4c,0x6ea,0x6f9,0x6fa,0x500b0,0x5a,0x6fb,0x6f8,
0x57,0x400f6,0x6fc,0x6fa,0x0,0x400fa,0x6fb,0x6fa,
0x6fc,0x200f8,0x6fa,0x50080,0x49,0x6fd,0x6eb,0x57,
0x50080,0x49,0x6fe,0x6fd,0x6f8,0x60041,0x12a,0x6ff,
0x22,0x48,0x6fe,0x4003d,0x49,0x700,0x6ff,0x4007c,
0x47,0x701,0x700,0x50080,0x49,0x702,0x6eb,0x78,
0x50080,0x49,0x703,0x702,0x6f8,0x60041,0x12a,0x704,
0x22,0x48,0x703,0x4003d,0x49,0x705,0x704,0x4007c,
0x47,0x706,0x705,0x50080,0x49,0x707,0x6eb,0x87,
0x50080,0x49,0x708,0x707,0x6f8,0x60041,0x12a,0x709,
0x22,0x48,0x708,0x4003d,0x49,0x70a,0x709,0x4007c,
0x47,0x70b,0x70a,0x50084,0x47,0x70c,0x6ee,0x701,
0x500c3,0x47,0x70d,0x70c,0xac,0x50084,0x47,0x70e,
0x6f2,0x706,0x500c3,0x47,0x70f,0x70e,0xac,0x50080,
0x47,0x710,0x70d,0x70f,0x50084,0x47,0x711,0x6f6,
0x70b,0x500c3,0x47,0x712,0x711,0xac,0x50080,0x47,
0x713,0x710,0x712,0x50051,0x4f,0x714,0x6e0,0x0,
0x4006e,0x47,0x715,0x714,0x500c3,0x47,0x716,0x701,
0x8f,0x50084,0x47,0x717,0x715,0x716,0x50051,0x4f,
0x718,0x6e0,0x2,0x4006e,0x47,0x719,0x718,0x500c3,
0x47,0x71a,0x70b,0x8f,0x50084,0x47,0x71b,0x719,
0x71a,0x50080,0x47,0x71c,0x717,0x71b,0x50080,0x47,
0x71d,0x713,0x71c,0x500c4,0x47,0x71e,0x71d,0xae,
0x500c3,0x47,0x71f,0x71e,0xae,0x50041,0x126,0x720,
0x153,0x6f8,0x3003e,0x720,0x71f,0x50080,0x49,0x6f9,
0x6f8,0x4a,0x200f9,0x6f7,0x200f8,0x6fc,0x500c7,0x49,
0x721,0x6e6,0xaf,0x500ab,0x5a,0x722,0x721,0x4c,
0x300f7,0x723,0x0,0x400fa,0x722,0x724,0x725,0x200f8,
0x725,0x50041,0x126,0x726,0x153,0x60,0x4003d,0x47,
0x727,0x726,0x4006f,0x4f,0x728,0x727,0x200f9,0x723,
0x200f8,0x724,0x4003d,0xaa,0x729,0x153,0x4006f,0x67,
0x72a,0x729,0x6000c,0x4f,0x72b,0x1,0x42,0x72a,
0x200f9,0x723,0x200f8,0x723,0x700f5,0x4f,0x72c,0x72b,
0x724,0x728,0x725,0x500ba,0x5a,0x72d,0x72c,0x5d,
0x300f7,0x72e,0x0,0x400fa,0x72d,0x72f,0x72e,0x200f8,
0x72f,0x50051,0x49,0x730,0x6e5,0x1,0x500ab,0x5a,
0x731,0x730,0x4c,0x300f7,0x732,0x0,0x400fa,0x731,
0x733,0x732,0x200f8,0x733,0x500b8,0x5a,0x734,0x72c,
0x5f,0x200f9,0x732,0x200f8,0x732,0x700f5,0x5a,0x735,
0x88,0x72f,0x734,0x733,0x200f9,0x72e,0x200f8,0x72e,
0x700f5,0x5a,0x736,0x5b,0x723,0x735,0x732,0x600a9,
0x49,0x737,0x736,0x4a,0x4c,0x300f7,0x738,0x0,
0x400fa,0x722,0x739,0x73a,0x200f8,0x73a,0x4003d,0xaa,
0x73b,0x153,0x50041,0x126,0x73c,0x153,0x60,0x4003d,
0x47,0x73d,0x73c,0x7000c,0x47,0x73e,0x1,0x27,
0x73d,0xb0,0x4006f,0x4f,0x73f,0x73e,0x50051,0x47,
0x740,0x73b,0x0,0x50051,0x47,0x741,0x73b,0x1,
0x4006f,0x4f,0x742,0x740,0x4006f,0x4f,0x743,0x741,
0x60050,0x67,0x744,0x742,0x743,0x73f,0x200f9,0x738,
0x200f8,0x739,0x4003d,0xaa,0x745,0x153,0x4006f,0x67,
0x746,0x745,0x200f9,0x738,0x200f8,0x738,0x700f5,0x67,
0x747,0x746,0x739,0x744,0x73a,0x7000c,0x4f,0x748,
0x1,0x4f,0x72c,0xb1,0x50085,0x4f,0x749,0x748,
0x146,0x5008e,0x55,0x74a,0x6e4,0x749,0x200f9,0x6e9,
0x200f8,0x6e9,0x700f5,0x49,0x74b,0x6df,0x62f,0x737,
0x738,0x700f5,0x67,0x74c,0x6e0,0x62f,0x747,0x738,
0x700f5,0x55,0x74d,0x6e4,0x62f,0x74a,0x738,0x500aa,
0x5a,0x74e,0x626,0x65,0x300f7,0x74f,0x0,0x400fa,
0x74e,0x750,0x74f,0x200f8,0x750,0x300f7,0x751,0x0,
0x300fb,0x4c,0x752,0x200f8,0x752,0x50051,0x4f,0x753,
0x15e,0x2,0x500b6,0x5a,0x754,0x753,0x54,0x300f7,
0x755,0x0,0x400fa,0x754,0x756,0x755,0x200f8,0x756,
0x5008e,0x67,0x757,0x158,0xa2,0x6000c,0x67,0x758,
0x1,0x2,0x757,0x4006e,0xaa,0x759,0x758,0x50051,
0x4f,0x75a,0x74c,0x0,0x6000c,0x4f,0x75b,0x1,
0x6,0x75a,0x4006e,0x47,0x75c,0x75b,0x4006f,0x4f,
0x75d,0x75c,0x6000c,0x4f,0x75e,0x1,0x4,0x75a,
0x50081,0x4f,0x75f,0x75e,0x94,0x6000c,0x4f,0x760,
0x1,0x8,0x75f,0x50085,0x4f,0x761,0x75d,0x760,
0x4006e,0x47,0x762,0x761,0x4007c,0x49,0x763,0x762,
0x500c4,0x49,0x764,0x763,0x6b,0x4007c,0x47,0x765,
0x764,0x500c3,0x47,0x766,0x765,0xae,0x50051,0x4f,
0x767,0x74c,0x1,0x6000c,0x4f,0x768,0x1,0x6,
0x767,0x4006e,0x47,0x769,0x768,0x4006f,0x4f,0x76a,
0x769,0x6000c,0x4f,0x76b,0x1,0x4,0x767,0x50081,
0x4f,0x76c,0x76b,0x94,0x6000c,0x4f,0x76d,0x1,
0x8,0x76c,0x50085,0x4f,0x76e,0x76a,0x76d,0x4006e,
0x47,0x76f,0x76e,0x4007c,0x49,0x770,0x76f,0x500c4,
0x49,0x771,0x770,0x6b,0x4007c,0x47,0x772,0x771,
0x500c3,0x47,0x773,0x772,0xae,0x50051,0x4f,0x774,
0x74c,0x2,0x6000c,0x4f,0x775,0x1,0x6,0x774,
0x4006e,0x47,0x776,0x775,0x4006f,0x4f,0x777,0x776,
0x6000c,0x4f,0x778,0x1,0x4,0x774,0x50081,0x4f,
0x779,0x778,0x94,0x6000c,0x4f,0x77a,0x1,0x8,
0x779,0x50085,0x4f,0x77b,0x777,0x77a,0x4006e,0x47,
0x77c,0x77b,0x4007c,0x49,0x77d,0x77c,0x500c4,0x49,
0x77e,0x77d,0x6b,0x4007c,0x47,0x77f,0x77e,0x500c3,
0x47,0x780,0x77f,0xae,0x60050,0xaa,0x781,0x766,
0x773,0x780,0x50084,0xaa,0x782,0x759,0x781,0x500c3,
0xaa,0x783,0x782,0x112,0x50051,0x47,0x784,0x783,
0x0,0x50051,0x47,0x785,0x783,0x1,0x50080,0x47,
0x786,0x784,0x785,0x50051,0x47,0x787,0x783,0x2,
0x50080,0x47,0x788,0x786,0x787,0x4007c,0x49,0x789,
0x788,0x500c4,0x49,0x78a,0x789,0x6b,0x4007c,0x47,
0x78b,0x78a,0x500c3,0x47,0x78c,0x78b,0xae,0x4006f,
0x4f,0x78d,0x78c,0x5008e,0x67,0x78e,0x159,0xa2,
0x6000c,0x67,0x78f,0x1,0x2,0x78e,0x4006e,0xaa,
0x790,0x78f,0x50084,0xaa,0x791,0x790,0x781,0x500c3,
0xaa,0x792,0x791,0x112,0x50051,0x47,0x793,0x792,
0x0,0x50051,0x47,0x794,0x792,0x1,0x50080,0x47,
0x795,0x793,0x794,0x50051,0x47,0x796,0x792,0x2,
0x50080,0x47,0x797,0x795,0x796,0x4007c,0x49,0x798,
0x797,0x500c4,0x49,0x799,0x798,0x6b,0x4007c,0x47,
0x79a,0x799,0x500c3,0x47,0x79b,0x79a,0xae,0x4006f,
0x4f,0x79c,0x79b,0x5008e,0x67,0x79d,0x15a,0xa2,
0x6000c,0x67,0x79e,0x1,0x2,0x79d,0x4006e,0xaa,
0x79f,0x79e,0x50084,0xaa,0x7a0,0x79f,0x781,0x500c3,
0xaa,0x7a1,0x7a0,0x112,0x50051,0x47,0x7a2,0x7a1,
0x0,0x50051,0x47,0x7a3,0x7a1,0x1,0x50080,0x47,
0x7a4,0x7a2,0x7a3,0x50051,0x47,0x7a5,0x7a1,0x2,
0x50080,0x47,0x7a6,0x7a4,0x7a5,0x4007c,0x49,0x7a7,
0x7a6,0x500c4,0x49,0x7a8,0x7a7,0x6b,0x4007c,0x47,
0x7a9,0x7a8,0x500c3,0x47,0x7aa,0x7a9,0xae,0x4006f,
0x4f,0x7ab,0x7aa,0x60050,0x67,0x7ac,0x78d,0x79c,
0x7ab,0x200f9,0x751,0x200f8,0x755,0x50094,0x4f,0x7ad,
0x158,0x74c,0x50094,0x4f,0x7ae,0x159,0x74c,0x50094,
0x4f,0x7af,0x15a,0x74c,0x60050,0x67,0x7b0,0x7ad,
0x7ae,0x7af,0x200f9,0x751,0x200f8,0x751,0x700f5,0x67,
0x7b1,0x7ac,0x756,0x7b0,0x755,0x300f7,0x7b2,0x0,
0x400fa,0x754,0x7b3,0x7b4,0x200f8,0x7b4,0x50081,0x67,
0x7b5,0x7b1,0x15c,0x200f9,0x7b2,0x200f8,0x7b3,0x50051,
0x4f,0x7b6,0x7b1,0x0,0x4006e,0x47,0x7b7,0x7b6,
0x50051,0x4f,0x7b8,0x15c,0x0,0x6000c,0x4f,0x7b9,
0x1,0x6,0x7b8,0x4006e,0x47,0x7ba,0x7b9,0x4006f,
0x4f,0x7bb,0x7ba,0x6000c,0x4f,0x7bc,0x1,0x4,
0x7b8,0x50081,0x4f,0x7bd,0x7bc,0x94,0x6000c,0x4f,
0x7be,0x1,0x8,0x7bd,0x50085,0x4f,0x7bf,0x7bb,
0x7be,0x4006e,0x47,0x7c0,0x7bf,0x50080,0x47,0x7c1,
0x7b7,0x7c0,0x4007c,0x49,0x7c2,0x7c1,0x500c4,0x49,
0x7c3,0x7c2,0x6b,0x4007c,0x47,0x7c4,0x7c3,0x500c3,
0x47,0x7c5,0x7c4,0xae,0x4006f,0x4f,0x7c6,0x7c5,
0x50051,0x4f,0x7c7,0x7b1,0x1,0x4006e,0x47,0x7c8,
0x7c7,0x50051,0x4f,0x7c9,0x15c,0x1,0x6000c,0x4f,
0x7ca,0x1,0x6,0x7c9,0x4006e,0x47,0x7cb,0x7ca,
0x4006f,0x4f,0x7cc,0x7cb,0x6000c,0x4f,0x7cd,0x1,
0x4,0x7c9,0x50081,0x4f,0x7ce,0x7cd,0x94,0x6000c,
0x4f,0x7cf,0x1,0x8,0x7ce,0x50085,0x4f,0x7d0,
0x7cc,0x7cf,0x4006e,0x47,0x7d1,0x7d0,0x50080,0x47,
0x7d2,0x7c8,0x7d1,0x4007c,0x49,0x7d3,0x7d2,0x500c4,
0x49,0x7d4,0x7d3,0x6b,0x4007c,0x47,0x7d5,0x7d4,
0x500c3,0x47,0x7d6,0x7d5,0xae,0x4006f,0x4f,0x7d7,
0x7d6,0x50051,0x4f,0x7d8,0x7b1,0x2,0x4006e,0x47,
0x7d9,0x7d8,0x50051,0x4f,0x7da,0x15c,0x2,0x6000c,
0x4f,0x7db,0x1,0x6,0x7da,0x4006e,0x47,0x7dc,
0x7db,0x4006f,0x4f,0x7dd,0x7dc,0x6000c,0x4f,0x7de,
0x1,0x4,0x7da,0x50081,0x4f,0x7df,0x7de,0x94,
0x6000c,0x4f,0x7e0,0x1,0x8,0x7df,0x50085,0x4f,
0x7e1,0x7dd,0x7e0,0x4006e,0x47,0x7e2,0x7e1,0x50080,
0x47,0x7e3,0x7d9,0x7e2,0x4007c,0x49,0x7e4,0x7e3,
0x500c4,0x49,0x7e5,0x7e4,0x6b,0x4007c,0x47,0x7e6,
0x7e5,0x500c3,0x47,0x7e7,0x7e6,0xae,0x4006f,0x4f,
0x7e8,0x7e7,0x60050,0x67,0x7e9,0x7c6,0x7d7,0x7e8,
0x200f9,0x7b2,0x200f8,0x7b2,0x700f5,0x67,0x7ea,0x7e9,
0x7b3,0x7b5,0x7b4,0x300f7,0x7eb,0x0,0x300fb,0x4c,
0x7ec,0x200f8,0x7ec,0x300f7,0x7ed,0x0,0x400fa,0x754,
0x7ee,0x7ed,0x200f8,0x7ee,0x5008e,0x67,0x7ef,0x158,
0xa2,0x6000c,0x67,0x7f0,0x1,0x2,0x7ef,0x4006e,
0xaa,0x7f1,0x7f0,0x50051,0x4f,0x7f2,0x15d,0x0,
0x6000c,0x4f,0x7f3,0x1,0x6,0x7f2,0x4006e,0x47,
0x7f4,0x7f3,0x4006f,0x4f,0x7f5,0x7f4,0x6000c,0x4f,
0x7f6,0x1,0x4,0x7f2,0x50081,0x4f,0x7f7,0x7f6,
0x94,0x6000c,0x4f,0x7f8,0x1,0x8,0x7f7,0x50085,
0x4f,0x7f9,0x7f5,0x7f8,0x4006e,0x47,0x7fa,0x7f9,
0x4007c,0x49,0x7fb,0x7fa,0x500c4,0x49,0x7fc,0x7fb,
0x6b,0x4007c,0x47,0x7fd,0x7fc,0x500c3,0x47,0x7fe,
0x7fd,0xae,0x50051,0x4f,0x7ff,0x15d,0x1,0x6000c,
0x4f,0x800,0x1,0x6,0x7ff,0x4006e,0x47,0x801,
0x800,0x4006f,0x4f,0x802,0x801,0x6000c,0x4f,0x803,
0x1,0x4,0x7ff,0x50081,0x4f,0x804,0x803,0x94,
0x6000c,0x4f,0x805,0x1,0x8,0x804,0x50085,0x4f,
0x806,0x802,0x805,0x4006e,0x47,0x807,0x806,0x4007c,
0x49,0x808,0x807,0x500c4,0x49,0x809,0x808,0x6b,
0x4007c,0x47,0x80a,0x809,0x500c3,0x47,0x80b,0x80a,
0xae,0x50051,0x4f,0x80c,0x15d,0x2,0x6000c,0x4f,
0x80d,0x1,0x6,0x80c,0x4006e,0x47,0x80e,0x80d,
0x4006f,0x4f,0x80f,0x80e,0x6000c,0x4f,0x810,0x1,
0x4,0x80c,0x50081,0x4f,0x811,0x810,0x94,0x6000c,
0x4f,0x812,0x1,0x8,0x811,0x50085,0x4f,0x813,
0x80f,0x812,0x4006e,0x47,0x814,0x813,0x4007c,0x49,
0x815,0x814,0x500c4,0x49,0x816,0x815,0x6b,0x4007c,
0x47,0x817,0x816,0x500c3,0x47,0x818,0x817,0xae,
0x60050,0xaa,0x819,0x7fe,0x80b,0x818,0x50084,0xaa,
0x81a,0x7f1,0x819,0x500c3,0xaa,0x81b,0x81a,0x112,
0x50051,0x47,0x81c,0x81b,0x0,0x50051,0x47,0x81d,
0x81b,0x1,0x50080,0x47,0x81e,0x81c,0x81d,0x50051,
0x47,0x81f,0x81b,0x2,0x50080,0x47,0x820,0x81e,
0x81f,0x4007c,0x49,0x821,0x820,0x500c4,0x49,0x822,
0x821,0x6b,0x4007c,0x47,0x823,0x822,0x500c3,0x47,
0x824,0x823,0xae,0x4006f,0x4f,0x825,0x824,0x5008e,
0x67,0x826,0x159,0xa2,0x6000c,0x67,0x827,0x1,
0x2,0x826,0x4006e,0xaa,0x828,0x827,0x50084,0xaa,
0x829,0x828,0x819,0x500c3,0xaa,0x82a,0x829,0x112,
0x50051,0x47,0x82b,0x82a,0x0,0x50051,0x47,0x82c,
0x82a,0x1,0x50080,0x47,0x82d,0x82b,0x82c,0x50051,
0x47,0x82e,0x82a,0x2,0x50080,0x47,0x82f,0x82d,
0x82e,0x4007c,0x49,0x830,0x82f,0x500c4,0x49,0x831,
0x830,0x6b,0x4007c,0x47,0x832,0x831,0x500c3,0x47,
0x833,0x832,0xae,0x4006f,0x4f,0x834,0x833,0x5008e,
0x67,0x835,0x15a,0xa2,0x6000c,0x67,0x836,0x1,
0x2,0x835,0x4006e,0xaa,0x837,0x836,0x50084,0xaa,
0x838,0x837,0x819,0x500c3,0xaa,0x839,0x838,0x112,
0x50051,0x47,0x83a,0x839,0x0,0x50051,0x47,0x83b,
0x839,0x1,0x50080,0x47,0x83c,0x83a,0x83b,0x50051,
0x47,0x83d,0x839,0x2,0x50080,0x47,0x83e,0x83c,
0x83d,0x4007c,0x49,0x83f,0x83e,0x500c4,0x49,0x840,
0x83f,0x6b,0x4007c,0x47,0x841,0x840,0x500c3,0x47,
0x842,0x841,0xae,0x4006f,0x4f,0x843,0x842,0x60050,
0x67,0x844,0x825,0x834,0x843,0x200f9,0x7eb,0x200f8,
0x7ed,0x50094,0x4f,0x845,0x158,0x15d,0x50094,0x4f,
0x846,0x159,0x15d,0x50094,0x4f,0x847,0x15a,0x15d,
0x60050,0x67,0x848,0x845,0x846,0x847,0x200f9,0x7eb,
0x200f8,0x7eb,0x700f5,0x67,0x849,0x844,0x7ee,0x848,
0x7ed,0x50051,0x4f,0x84a,0x849,0x1,0x6000c,0x4f,
0x84b,0x1,0x4,0x84a,0x4007f,0x4f,0x84c,0x84b,
0x50051,0x4f,0x84d,0x849,0x0,0x6000c,0x4f,0x84e,
0x1,0x6,0x84d,0x4006e,0x47,0x84f,0x84e,0x4006f,
0x4f,0x850,0x84f,0x6000c,0x4f,0x851,0x1,0x4,
0x84d,0x50081,0x4f,0x852,0x851,0x94,0x6000c,0x4f,
0x853,0x1,0x8,0x852,0x50085,0x4f,0x854,0x850,
0x853,0x4006e,0x47,0x855,0x854,0x6000c,0x4f,0x856,
0x1,0x6,0x84c,0x4006e,0x47,0x857,0x856,0x4006f,
0x4f,0x858,0x857,0x6000c,0x4f,0x859,0x1,0x4,
0x84c,0x50081,0x4f,0x85a,0x859,0x94,0x6000c,0x4f,
0x85b,0x1,0x8,0x85a,0x50085,0x4f,0x85c,0x858,
0x85b,0x4006e,0x47,0x85d,0x85c,0x50051,0x4f,0x85e,
0x849,0x2,0x6000c,0x4f,0x85f,0x1,0x6,0x85e,
0x4006e,0x47,0x860,0x85f,0x4006f,0x4f,0x861,0x860,
0x6000c,0x4f,0x862,0x1,0x4,0x85e,0x50081,0x4f,
0x863,0x862,0x94,0x6000c,0x4f,0x864,0x1,0x8,
0x863,0x50085,0x4f,0x865,0x861,0x864,0x4006e,0x47,
0x866,0x865,0x60050,0xaa,0x867,0x855,0x85d,0x866,
0x50051,0x4f,0x868,0x15e,0x0,0x4006e,0x47,0x869,
0x868,0x60050,0xaa,0x86a,0x869,0x869,0x869,0x50084,
0xaa,0x86b,0x867,0x86a,0x500c3,0xaa,0x86c,0x86b,
0xc2,0x4006f,0x67,0x86d,0x86c,0x50081,0x67,0x86e,
0x7ea,0x86d,0x50085,0x67,0x86f,0x86e,0x68,0x50051,
0x4f,0x870,0x15e,0x1,0x60050,0x67,0x871,0x870,
0x870,0x870,0x50088,0x67,0x872,0x86f,0x871,0x200f9,
0x74f,0x200f8,0x74f,0x700f5,0x67,0x873,0x74c,0x6e9,
0x872,0x7eb,0x60041,0x131,0x874,0x20,0x48,0x48,
0x4003d,0x71,0x875,0x874,0x60041,0x131,0x876,0x20,
0x48,0x51,0x4003d,0x71,0x877,0x876,0x60041,0x131,
0x878,0x20,0x48,0x60,0x4003d,0x71,0x879,0x878,
0x70050,0x113,0x87a,0x875,0x877,0x879,0x108,0x50051,
0x4f,0x87b,0x873,0x0,0x50051,0x4f,0x87c,0x873,
0x1,0x50051,0x4f,0x87d,0x873,0x2,0x70050,0x71,
0x87e,0x87b,0x87c,0x87d,0x61,0x50090,0x71,0x87f,
0x87e,0x87a,0x500c7,0x49,0x880,0x6e6,0x62,0x500ab,
0x5a,0x881,0x880,0x4c,0x300f7,0x882,0x0,0x400fa,
0x881,0x883,0x882,0x200f8,0x883,0x50090,0x71,0x884,
0xc3,0x87a,0x8004f,0x67,0x885,0x884,0x884,0x0,
0x1,0x2,0x6000c,0x4f,0x886,0x1,0x42,0x885,
0x50090,0x71,0x887,0xbc,0x87a,0x8004f,0x67,0x888,
0x887,0x887,0x0,0x1,0x2,0x6000c,0x4f,0x889,
0x1,0x42,0x888,0x300f7,0x88a,0x0,0x400fa,0x74e,
0x88b,0x88a,0x200f8,0x88b,0x50051,0x4f,0x88c,0x15e,
0x1,0x50088,0x4f,0x88d,0x886,0x88c,0x50088,0x4f,
0x88e,0x889,0x88c,0x200f9,0x88a,0x200f8,0x88a,0x700f5,
0x4f,0x88f,0x889,0x883,0x88e,0x88b,0x700f5,0x4f,
0x890,0x886,0x883,0x88d,0x88b,0x50050,0x55,0x891,
0x890,0x88f,0x50085,0x55,0x892,0x74d,0x891,0x7004f,
0x55,0x893,0x87f,0x87f,0x0,0x1,0x50081,0x55,
0x894,0x893,0x892,0x9004f,0x71,0x895,0x87f,0x894,
0x4,0x5,0x2,0x3,0x200f9,0x882,0x200f8,0x882,
0x700f5,0x71,0x896,0x87f,0x74f,0x895,0x88a,0x50041,
0x130,0x897,0x20,0x51,0x4003d,0x113,0x898,0x897,
0x50090,0x71,0x899,0x896,0x898,0x500c7,0x49,0x89a,
0x6e6,0x9d,0x500ab,0x5a,0x89b,0x89a,0x4c,0x300f7,
0x89c,0x0,0x400fa,0x89b,0x89d,0x89c,0x200f8,0x89d,
0x50051,0x4f,0x89e,0x899,0x3,0x50085,0x4f,0x89f,
0x89e,0xc4,0x50051,0x4f,0x8a0,0x899,0x2,0x50083,
0x4f,0x8a1,0x8a0,0x89f,0x60052,0x71,0x8a2,0x8a1,
0x899,0x2,0x200f9,0x89c,0x200f8,0x89c,0x700f5,0x71,
0x8a3,0x899,0x882,0x8a2,0x89d,0x500c7,0x49,0x8a4,
0x6e6,0x9e,0x500ab,0x5a,0x8a5,0x8a4,0x4c,0x300f7,
0x8a6,0x0,0x400fa,0x8a5,0x8a7,0x8a6,0x200f8,0x8a7,
0x50051,0x4f,0x8a8,0x74d,0x0,0x500b4,0x5a,0x8a9,
0x8a8,0x54,0x600a9,0x4f,0x8aa,0x8a9,0x61,0x8a8,
0x50051,0x4f,0x8ab,0x6e3,0x0,0x50051,0x4f,0x8ac,
0x6e3,0x1,0x60050,0x67,0x8ad,0x8ab,0x8ac,0x8aa,
0x200f9,0x8a6,0x200f8,0x8a6,0x700f5,0x67,0x8ae,0x873,
0x89c,0x8ad,0x8a7,0x500aa,0x5a,0x8af,0x626,0x4a,
0x300f7,0x8b0,0x0,0x400fa,0x8af,0x8b1,0x8b0,0x200f8,
0x8b1,0x50051,0x4f,0x8b2,0x158,0x0,0x50051,0x4f,
0x8b3,0x158,0x1,0x50051,0x4f,0x8b4,0x158,0x2,
0x70050,0x71,0x8b5,0x8b2,0x8b3,0x8b4,0x61,0x50090,
0x71,0x8b6,0x8b5,0x87a,0x8004f,0x67,0x8b7,0x8b6,
0x8b6,0x0,0x1,0x2,0x50051,0x4f,0x8b8,0x159,
0x0,0x50051,0x4f,0x8b9,0x159,0x1,0x50051,0x4f,
0x8ba,0x159,0x2,0x70050,0x71,0x8bb,0x8b8,0x8b9,
0x8ba,0x61,0x50090,0x71,0x8bc,0x8bb,0x87a,0x8004f,
0x67,0x8bd,0x8bc,0x8bc,0x0,0x1,0x2,0x50051,
0x4f,0x8be,0x15a,0x0,0x50051,0x4f,0x8bf,0x15a,
0x1,0x50051,0x4f,0x8c0,0x15a,0x2,0x70050,0x71,
0x8c1,0x8be,0x8bf,0x8c0,0x61,0x50090,0x71,0x8c2,
0x8c1,0x87a,0x8004f,0x67,0x8c3,0x8c2,0x8c2,0x0,
0x1,0x2,0x50051,0x4f,0x8c4,0x8b6,0x0,0x50051,
0x4f,0x8c5,0x8bc,0x1,0x50051,0x4f,0x8c6,0x8c2,
0x2,0x50085,0x4f,0x2b,0x8c5,0x8c6,0x50051,0x4f,
0x8c7,0x8bc,0x2,0x50051,0x4f,0x8c8,0x8c2,0x1,
0x50085,0x4f,0x2c,0x8c7,0x8c8,0x50083,0x4f,0x2d,
0x2b,0x2c,0x50085,0x4f,0x2e,0x8c4,0x2d,0x50051,
0x4f,0x8c9,0x8b6,0x1,0x50051,0x4f,0x8ca,0x8bc,
0x0,0x50085,0x4f,0x2f,0x8ca,0x8c6,0x50051,0x4f,
0x8cb,0x8c2,0x0,0x50085,0x4f,0x30,0x8c7,0x8cb,
0x50083,0x4f,0x31,0x2f,0x30,0x50085,0x4f,0x32,
0x8c9,0x31,0x50083,0x4f,0x33,0x2e,0x32,0x50051,
0x4f,0x8cc,0x8b6,0x2,0x50085,0x4f,0x34,0x8ca,
0x8c8,0x50085,0x4f,0x35,0x8c5,0x8cb,0x50083,0x4f,
0x36,0x34,0x35,0x50085,0x4f,0x37,0x8cc,0x36,
0x50081,0x4f,0x38,0x33,0x37,0x6000c,0x67,0x8cd,
0x1,0x4,0x8b7,0x6000c,0x67,0x8ce,0x1,0x4,
0x8bd,0x7000c,0x67,0x8cf,0x1,0x50,0x8cd,0x8ce,
0x6000c,0x67,0x8d0,0x1,0x4,0x8c3,0x7000c,0x67,
0x8d1,0x1,0x50,0x8cf,0x8d0,0x50051,0x4f,0x8d2,
0x8d1,0x0,0x50051,0x4f,0x8d3,0x8d1,0x1,0x7000c,
0x4f,0x8d4,0x1,0x50,0x8d2,0x8d3,0x50051,0x4f,
0x8d5,0x8d1,0x2,0x7000c,0x4f,0x8d6,0x1,0x50,
0x8d5,0x61,0x7000c,0x4f,0x8d7,0x1,0x50,0x8d4,
0x8d6,0x50085,0x4f,0x8d8,0x8d7,0x8d7,0x50085,0x4f,
0x8d9,0x8d8,0x8d7,0x50085,0x4f,0x8da,0x8d9,0x10e,
0x500bc,0x5a,0x8db,0x38,0x8da,0x600a9,0x49,0x8dc,
0x8db,0x4a,0x4c,0x200f9,0x8b0,0x200f8,0x8b0,0x700f5,
0x49,0x8dd,0x4a,0x8a6,0x8dc,0x8b1,0x500ab,0x5a,
0x8de,0x627,0x4c,0x300f7,0x8df,0x0,0x400fa,0x8de,
0x8e0,0x8df,0x200f8,0x8e0,0x50051,0x4f,0x8e1,0x15c,
0x0,0x50051,0x4f,0x8e2,0x15c,0x1,0x50051,0x4f,
0x8e3,0x15c,0x2,0x70050,0x71,0x8e4,0x8e1,0x8e2,
0x8e3,0x61,0x50090,0x71,0x8e5,0x8e4,0x87a,0x8004f,
0x67,0x8e6,0x8e5,0x8e5,0x0,0x1,0x2,0x50051,
0x4f,0x8e7,0x15d,0x0,0x50051,0x4f,0x8e8,0x15d,
0x1,0x50051,0x4f,0x8e9,0x15d,0x2,0x70050,0x71,
0x8ea,0x8e7,0x8e8,0x8e9,0x61,0x50090,0x71,0x8eb,
0x8ea,0x87a,0x8004f,0x67,0x8ec,0x8eb,0x8eb,0x0,
0x1,0x2,0x50051,0x4f,0x8ed,0x15e,0x0,0x50051,
0x4f,0x8ee,0x15e,0x1,0x50051,0x4f,0x8ef,0x15e,
0x2,0x70050,0x71,0x8f0,0x8ed,0x8ee,0x8ef,0x61,
0x50090,0x71,0x8f1,0x8f0,0x87a,0x8004f,0x67,0x8f2,
0x8f1,0x8f1,0x0,0x1,0x2,0x50051,0x4f,0x8f3,
0x8e5,0x0,0x50051,0x4f,0x8f4,0x8eb,0x1,0x50051,
0x4f,0x8f5,0x8f1,0x2,0x50085,0x4f,0x39,0x8f4,
0x8f5,0x50051,0x4f,0x8f6,0x8eb,0x2,0x50051,0x4f,
0x8f7,0x8f1,0x1,0x50085,0x4f,0x3a,0x8f6,0x8f7,
0x50083,0x4f,0x3b,0x39,0x3a,0x50085,0x4f,0x3c,
0x8f3,0x3b,0x50051,0x4f,0x8f8,0x8e5,0x1,0x50051,
0x4f,0x8f9,0x8eb,0x0,0x50085,0x4f,0x3d,0x8f9,
0x8f5,0x50051,0x4f,0x8fa,0x8f1,0x0,0x50085,0x4f,
0x3e,0x8f6,0x8fa,0x50083,0x4f,0x3f,0x3d,0x3e,
0x50085,0x4f,0x40,0x8f8,0x3f,0x50083,0x4f,0x41,
0x3c,0x40,0x50051,0x4f,0x8fb,0x8e5,0x2,0x50085,
0x4f,0x42,0x8f9,0x8f7,0x50085,0x4f,0x43,0x8f4,
0x8fa,0x50083,0x4f,0x44,0x42,0x43,0x50085,0x4f,
0x45,0x8fb,0x44,0x50081,0x4f,0x46,0x41,0x45,
0x6000c,0x67,0x8fc,0x1,0x4,0x8e6,0x6000c,0x67,
0x8fd,0x1,0x4,0x8ec,0x7000c,0x67,0x8fe,0x1,
0x50,0x8fc,0x8fd,0x6000c,0x67,0x8ff,0x1,0x4,
0x8f2,0x7000c,0x67,0x900,0x1,0x50,0x8fe,0x8ff,
0x50051,0x4f,0x901,0x900,0x0,0x50051,0x4f,0x902,
0x900,0x1,0x7000c,0x4f,0x903,0x1,0x50,0x901,
0x902,0x50051,0x4f,0x904,0x900,0x2,0x7000c,0x4f,
0x905,0x1,0x50,0x904,0x61,0x7000c,0x4f,0x906,
0x1,0x50,0x903,0x905,0x50085,0x4f,0x907,0x906,
0x906,0x50085,0x4f,0x908,0x907,0x906,0x50085,0x4f,
0x909,0x908,0x10e,0x500bc,0x5a,0x90a,0x46,0x909,
0x600a9,0x49,0x90b,0x90a,0x4a,0x4c,0x500c7,0x49,
0x90c,0x8dd,0x90b,0x200f9,0x8df,0x200f8,0x8df,0x700f5,
0x49,0x90d,0x8dd,0x8b0,0x90c,0x8e0,0x500c7,0x49,
0x90e,0x90d,0x74b,0x500c7,0x49,0x90f,0x6e6,0x64,
0x500ab,0x5a,0x910,0x90f,0x4c,0x300f7,0x911,0x2,
0x400fa,0x910,0x912,0x911,0x200f8,0x912,0x50051,0x49,
0x913,0x6e5,0x0,0x50080,0x49,0x914,0x913,0x6a,
0x60041,0x12a,0x915,0x22,0x48,0x914,0x4003d,0x49,
0x916,0x915,0x500c7,0x49,0x917,0x916,0x8c,0x500ab,
0x5a,0x918,0x917,0x4c,0x300f7,0x919,0x0,0x400fa,
0x918,0x91a,0x919,0x200f8,0x91a,0x4003d,0x49,0x91b,
0x915,0x500c7,0x49,0x91c,0x91b,0x58,0x500ab,0x5a,
0x91d,0x91c,0x4c,0x500c7,0x49,0x91e,0x91b,0xb2,
0x500ab,0x5a,0x91f,0x91e,0x4c,0x300f7,0x920,0x0,
0x400fa,0x91d,0x921,0x922,0x200f8,0x922,0x600a9,0x4f,
0x923,0x91f,0xb4,0xb5,0x200f9,0x920,0x200f8,0x921,
0x200f9,0x920,0x200f8,0x920,0x700f5,0x4f,0x924,0xb3,
0x921,0x923,0x922,0x300f7,0x925,0x0,0x400fa,0x91d,
0x926,0x927,0x200f8,0x927,0x600a9,0x4f,0x928,0x91f,
0xb7,0xa6,0x200f9,0x925,0x200f8,0x926,0x200f9,0x925,
0x200f8,0x925,0x700f5,0x4f,0x929,0xb6,0x926,0x928,
0x927,0x200f9,0x92a,0x200f8,0x92a,0x700f5,0x67,0x92b,
0xc5,0x925,0x92c,0x92d,0x700f5,0x67,0x92e,0x86,
0x925,0x92f,0x92d,0x700f5,0x49,0x930,0x4c,0x925,
0x931,0x92d,0x500b0,0x5a,0x932,0x930,0x64,0x400f6,
0x933,0x92d,0x1,0x400fa,0x932,0x934,0x933,0x200f8,
0x934,0x50084,0x49,0x935,0x930,0xb9,0x50080,0x49,
0x936,0xb8,0x935,0x40070,0x4f,0x937,0x936,0x50089,
0x49,0x938,0x930,0x57,0x40070,0x4f,0x939,0x938,
0x50085,0x4f,0x93a,0xbb,0x939,0x50081,0x4f,0x93b,
0xba,0x93a,0x50085,0x4f,0x93c,0x929,0x93b,0x50081,
0x4f,0x93d,0x924,0x93c,0x50050,0x55,0x93e,0x937,
0x93d,0x300f7,0x93f,0x0,0x300fb,0x4c,0x940,0x200f8,
0x940,0x50080,0x49,0x941,0x913,0x65,0x60041,0x12a,
0x942,0x22,0x48,0x941,0x4003d,0x49,0x943,0x942,
0x50080,0x49,0x944,0x913,0x6e,0x60041,0x12a,0x945,
0x22,0x48,0x944,0x4003d,0x49,0x946,0x945,0x50080,
0x49,0x947,0x913,0x64,0x60041,0x12a,0x948,0x22,
0x48,0x947,0x4003d,0x49,0x949,0x948,0x500ab,0x5a,
0x94a,0x949,0x4c,0x600a9,0x47,0x94b,0x94a,0xae,
0x59,0x4007c,0x49,0x94c,0x94b,0x6000c,0x55,0x94d,
0x1,0x8,0x93e,0x4006e,0x12f,0x94e,0x94d,0x4003d,
0x49,0x94f,0x915,0x500c7,0x49,0x950,0x94f,0x4b,
0x500ab,0x5a,0x951,0x950,0x4c,0x300f7,0x952,0x0,
0x400fa,0x951,0x953,0x952,0x200f8,0x953,0x500c7,0x49,
0x954,0x943,0x65,0x500ab,0x5a,0x955,0x954,0x4c,
0x600a9,0x47,0x956,0x955,0xc7,0xc8,0x4007c,0x49,
0x957,0x956,0x50084,0x49,0x958,0x957,0x94c,0x50082,
0x49,0x959,0x958,0x4a,0x40070,0x4f,0x95a,0x959,
0x50080,0x49,0x95b,0x913,0x62,0x60041,0x12a,0x95c,
0x22,0x48,0x95b,0x4003d,0x49,0x95d,0x95c,0x4007c,
0x47,0x95e,0x95d,0x4006f,0x4f,0x95f,0x95e,0x50083,
0x4f,0x960,0x95a,0x95f,0x7000c,0x4f,0x961,0x1,
0x50,0xc9,0x960,0x8000c,0x4f,0x962,0x1,0x2b,
0xc6,0x54,0x961,0x50050,0x55,0x963,0x147,0x962,
0x6000c,0x55,0x964,0x1,0x8,0x963,0x4006e,0x12f,
0x965,0x964,0x200f9,0x952,0x200f8,0x952,0x700f5,0x12f,
0x966,0x94e,0x940,0x965,0x953,0x4003d,0x49,0x967,
0x915,0x500c7,0x49,0x968,0x967,0x84,0x500ab,0x5a,
0x969,0x968,0x4c,0x300f7,0x96a,0x0,0x400fa,0x969,
0x96b,0x96a,0x200f8,0x96b,0x6000c,0x55,0x96c,0x1,
0x8,0x14a,0x4006e,0x12f,0x96d,0x96c,0x200f9,0x96a,
0x200f8,0x96a,0x700f5,0x12f,0x96e,0x966,0x952,0x96d,
0x96b,0x50051,0x47,0x96f,0x96e,0x1,0x50051,0x47,
0x970,0x96e,0x0,0x4003d,0x49,0x971,0x915,0x500c7,
0x49,0x972,0x971,0x6b,0x500ab,0x5a,0x973,0x972,
0x4c,0x300f7,0x974,0x0,0x400fa,0x973,0x975,0x974,
0x200f8,0x975,0x500af,0x5a,0x976,0x96f,0x48,0x300f7,
0x977,0x0,0x400fa,0x976,0x978,0x977,0x200f8,0x978,
0x500af,0x5a,0x979,0x96f,0xcb,0x200f9,0x977,0x200f8,
0x977,0x700f5,0x5a,0x97a,0x88,0x975,0x979,0x978,
0x200f9,0x974,0x200f8,0x974,0x700f5,0x5a,0x97b,0x5b,
0x96a,0x97a,0x977,0x300f7,0x97c,0x0,0x400fa,0x97b,
0x97d,0x97c,0x200f8,0x97d,0x200f9,0x93f,0x200f8,0x97c,
0x50080,0x49,0x97e,0x913,0x6c,0x60041,0x12a,0x97f,
0x22,0x48,0x97e,0x4003d,0x49,0x980,0x97f,0x500ab,
0x5a,0x981,0x980,0x4c,0x300f7,0x982,0x0,0x400fa,
0x981,0x983,0x982,0x200f8,0x983,0x500af,0x5a,0x984,
0x970,0x48,0x300f7,0x985,0x0,0x400fa,0x984,0x986,
0x985,0x200f8,0x986,0x500af,0x5a,0x987,0x970,0xcd,
0x200f9,0x985,0x200f8,0x985,0x700f5,0x5a,0x988,0x88,
0x983,0x987,0x986,0x200f9,0x982,0x200f8,0x982,0x700f5,
0x5a,0x989,0x5b,0x97c,0x988,0x985,0x300f7,0x98a,
0x0,0x400fa,0x989,0x98b,0x98a,0x200f8,0x98b,0x4003d,
0x49,0x98c,0x97f,0x50080,0x49,0x98d,0x913,0x98c,
0x50080,0x49,0x98e,0x6a,0x98d,0x60041,0x12a,0x98f,
0x22,0x48,0x98e,0x4003d,0x49,0x990,0x98f,0x50080,
0x49,0x991,0x913,0x8e,0x60041,0x12a,0x992,0x22,
0x48,0x991,0x4003d,0x49,0x993,0x992,0x50082,0x49,
0x994,0x6a,0x993,0x500c7,0x49,0x995,0x990,0x6d,
0x500c2,0x49,0x996,0x990,0x64,0x500c7,0x49,0x997,
0x996,0x6d,0x500c2,0x49,0x998,0x990,0x6b,0x500c7,
0x49,0x999,0x998,0x6d,0x60050,0x10f,0x99a,0x995,
0x997,0x999,0x60050,0x10f,0x99b,0x994,0x994,0x994,
0x50084,0x10f,0x99c,0x99a,0x99b,0x50086,0x10f,0x99d,
0x99c,0x110,0x500c2,0x49,0x99e,0x990,0x70,0x40070,
0x4f,0x99f,0x99e,0x50051,0x49,0x9a0,0x99d,0x0,
0x50051,0x49,0x9a1,0x99d,0x1,0x50051,0x49,0x9a2,
0x99d,0x2,0x40070,0x4f,0x9a3,0x9a0,0x40070,0x4f,
0x9a4,0x9a1,0x40070,0x4f,0x9a5,0x9a2,0x70050,0x71,
0x9a6,0x9a3,0x9a4,0x9a5,0x99f,0x50085,0x71,0x9a7,
0x9a6,0x13f,0x500c7,0x49,0x9a8,0x6e6,0x65,0x500ab,
0x5a,0x9a9,0x9a8,0x4c,0x300f7,0x9aa,0x0,0x400fa,
0x9a9,0x9ab,0x9aa,0x200f8,0x9ab,0x8004f,0x67,0x9ac,
0x9a7,0x9a7,0x0,0x1,0x2,0x500bc,0x12c,0x9ad,
0x9ac,0x73,0x50085,0x67,0x9ae,0x9ac,0x141,0x50081,
0x67,0x9af,0x9ac,0x75,0x50085,0x67,0x9b0,0x9af,
0x143,0x7000c,0x67,0x9b1,0x1,0x1a,0x9b0,0x77,
0x600a9,0x67,0x9b2,0x9ad,0x9ae,0x9b1,0x9004f,0x71,
0x9b3,0x9a7,0x9b2,0x4,0x5,0x6,0x3,0x200f9,
0x9aa,0x200f8,0x9aa,0x700f5,0x71,0x9b4,0x9a7,0x98b,
0x9b3,0x9ab,0x200f9,0x93f,0x200f8,0x98a,0x50080,0x49,
0x9b5,0x913,0x87,0x60041,0x12a,0x9b6,0x22,0x48,
0x9b5,0x4003d,0x49,0x9b7,0x9b6,0x4007c,0x47,0x9b8,
0x9b7,0x500ad,0x5a,0x9b9,0x9b8,0x51,0x300f7,0x9ba,
0x0,0x400fa,0x9b9,0x9bb,0x9ba,0x200f8,0x9bb,0x50050,
0x12f,0x9bc,0x9b8,0x9b8,0x5008a,0x12f,0x9bd,0x96e,
0x9bc,0x50080,0x12f,0x9be,0x9bd,0x9bc,0x5008a,0x12f,
0x9bf,0x9be,0x9bc,0x50082,0x12f,0x9c0,0x96e,0x9bf,
0x200f9,0x9ba,0x200f8,0x9ba,0x700f5,0x12f,0x9c1,0x96e,
0x98a,0x9c0,0x9bb,0x50080,0x49,0x9c2,0x913,0x57,
0x60041,0x12a,0x9c3,0x22,0x48,0x9c2,0x4003d,0x49,
0x9c4,0x9c3,0x4007c,0x47,0x9c5,0x9c4,0x50080,0x49,
0x9c6,0x913,0x62,0x60041,0x12a,0x9c7,0x22,0x48,
0x9c6,0x4003d,0x49,0x9c8,0x9c7,0x4007c,0x47,0x9c9,
0x9c8,0x50050,0x12f,0x9ca,0x9c5,0x9c9,0x50080,0x49,
0x9cb,0x913,0x82,0x60041,0x12a,0x9cc,0x22,0x48,
0x9cb,0x4003d,0x49,0x9cd,0x9cc,0x500c7,0x49,0x9ce,
0x9cd,0x4a,0x500ab,0x5a,0x9cf,0x9ce,0x4c,0x300f7,
0x9d0,0x0,0x400fa,0x9cf,0x9d1,0x9d0,0x200f8,0x9d1,
0x50051,0x47,0x9d2,0x9c1,0x1,0x500af,0x5a,0x9d3,
0x9d2,0x48,0x200f9,0x9d0,0x200f8,0x9d0,0x700f5,0x5a,
0x9d4,0x5b,0x9ba,0x9d3,0x9d1,0x300f7,0x9d5,0x0,
0x400fa,0x9d4,0x9d6,0x9d5,0x200f8,0x9d6,0x50051,0x47,
0x9d7,0x9c1,0x1,0x500b1,0x5a,0x9d8,0x9d7,0xcb,
0x200f9,0x9d5,0x200f8,0x9d5,0x700f5,0x5a,0x9d9,0x5b,
0x9d0,0x9d8,0x9d6,0x300f7,0x9da,0x0,0x400fa,0x9d9,
0x9db,0x9da,0x200f8,0x9db,0x50080,0x49,0x9dc,0x913,
0x13c,0x50051,0x47,0x9dd,0x9c1,0x1,0x4007c,0x49,
0x9de,0x9dd,0x50080,0x49,0x9df,0x9dc,0x9de,0x60041,
0x12a,0x9e0,0x22,0x48,0x9df,0x4003d,0x49,0x9e1,
0x9e0,0x4007c,0x47,0x9e2,0x9e1,0x60052,0x12f,0x9e3,
0x9e2,0x9ca,0x0,0x200f9,0x9da,0x200f8,0x9da,0x700f5,
0x12f,0x9e4,0x9ca,0x9d5,0x9e3,0x9db,0x500c7,0x49,
0x9e5,0x9cd,0x65,0x500ab,0x5a,0x9e6,0x9e5,0x4c,
0x300f7,0x9e7,0x0,0x400fa,0x9e6,0x9e8,0x9e7,0x200f8,
0x9e8,0x50080,0x49,0x9e9,0x913,0x148,0x50051,0x47,
0x9ea,0x9c1,0x1,0x8000c,0x47,0x9eb,0x1,0x2d,
0x9ea,0x48,0xce,0x4007c,0x49,0x9ec,0x9eb,0x50080,
0x49,0x9ed,0x9e9,0x9ec,0x60041,0x12a,0x9ee,0x22,
0x48,0x9ed,0x4003d,0x49,0x9ef,0x9ee,0x4007c,0x47,
0x9f0,0x9ef,0x60052,0x12f,0x9f1,0x9f0,0x9e4,0x1,
0x200f9,0x9e7,0x200f8,0x9e7,0x700f5,0x12f,0x9f2,0x9e4,
0x9da,0x9f1,0x9e8,0x50080,0x49,0x9f3,0x913,0x83,
0x60041,0x12a,0x9f4,0x22,0x48,0x9f3,0x4003d,0x49,
0x9f5,0x9f4,0x500ab,0x5a,0x9f6,0x9f5,0x4c,0x300f7,
0x9f7,0x0,0x400fa,0x9f6,0x9f8,0x9f7,0x200f8,0x9f8,
0x50051,0x47,0x9f9,0x9c1,0x0,0x4003d,0x49,0x9fa,
0x9c3,0x4007c,0x47,0x9fb,0x9fa,0x500c7,0x47,0x9fc,
0x9fb,0x8f,0x50080,0x47,0x9fd,0x9f9,0x9fc,0x50051,
0x47,0x9fe,0x9f2,0x1,0x300f7,0x9ff,0x0,0x300fb,
0x4c,0xa00,0x200f8,0xa00,0x500af,0x5a,0xa01,0x9fd,
0x48,0x300f7,0xa02,0x0,0x400fa,0xa01,0xa03,0xa04,
0x200f8,0xa04,0x50082,0x47,0xa05,0x8f,0x9fd,0x50087,
0x47,0xa06,0xa05,0x149,0x200f9,0xa02,0x200f8,0xa03,
0x50087,0x47,0xa07,0x9fd,0x59,0x200f9,0xa02,0x200f8,
0xa02,0x700f5,0x47,0xa08,0xa07,0xa03,0xa06,0xa04,
0x500af,0x5a,0xa09,0xa08,0x51,0x300f7,0xa0a,0x0,
0x400fa,0xa09,0xa0b,0xa0a,0x200f8,0xa0b,0x500b3,0x5a,
0xa0c,0xa08,0xc8,0x200f9,0xa0a,0x200f8,0xa0a,0x700f5,
0x5a,0xa0d,0x5b,0xa02,0xa0c,0xa0b,0x300f7,0xa0e,
0x0,0x400fa,0xa0d,0xa0f,0xa0e,0x200f8,0xa0f,0x50082,
0x47,0xa10,0xa08,0x51,0x4007c,0x49,0xa11,0xa10,
0x50080,0x49,0xa12,0x109,0xa11,0x50084,0x49,0xa13,
0xa12,0x65,0x500c7,0x49,0xa14,0xa13,0xbd,0x50080,
0x49,0xa15,0x913,0x4d,0x500c2,0x49,0xa16,0xa14,
0x65,0x50080,0x49,0xa17,0xa15,0xa16,0x60041,0x12a,
0xa18,0x22,0x48,0xa17,0x4003d,0x49,0xa19,0xa18,
0x500c7,0x49,0xa1a,0xa13,0x57,0x50084,0x49,0xa1b,
0xa1a,0x64,0x500c7,0x49,0xa1c,0xa1b,0x6f,0x500c2,
0x49,0xa1d,0xa19,0xa1c,0x500c7,0x49,0xa1e,0xa1d,
0x6d,0x50080,0x49,0xa1f,0xa13,0x4a,0x500c7,0x49,
0xa20,0xa1f,0xbd,0x500c2,0x49,0xa21,0xa20,0x65,
0x50080,0x49,0xa22,0xa15,0xa21,0x60041,0x12a,0xa23,
0x22,0x48,0xa22,0x4003d,0x49,0xa24,0xa23,0x500c7,
0x49,0xa25,0xa1f,0x57,0x50084,0x49,0xa26,0xa25,
0x64,0x500c7,0x49,0xa27,0xa26,0x6f,0x500c2,0x49,
0xa28,0xa24,0xa27,0x500c7,0x49,0xa29,0xa28,0x6d,
0x500c4,0x49,0xa2a,0xa29,0x64,0x500c5,0x49,0xa2b,
0xa1e,0xa2a,0x500c7,0x49,0xa2c,0xa2b,0x4e,0x500ab,
0x5a,0xa2d,0xa2c,0x4c,0x300f7,0xa2e,0x0,0x400fa,
0xa2d,0xa2f,0xa30,0x200f8,0xa30,0x200f9,0xa2e,0x200f8,
0xa2f,0x500c7,0x49,0xa31,0xa2b,0x10a,0x4007c,0x47,
0xa32,0xa31,0x200f9,0xa2e,0x200f8,0xa2e,0x700f5,0x47,
0xa33,0xa32,0xa2f,0x9fe,0xa30,0x200f9,0x9ff,0x200f8,
0xa0e,0x200f9,0xa34,0x200f8,0xa34,0x700f5,0x47,0xa35,
0x111,0xa0e,0xa36,0xa37,0x700f5,0x47,0xa38,0x111,
0xa0e,0xa39,0xa37,0x700f5,0x47,0xa3a,0x48,0xa0e,
0xa3b,0xa37,0x500b1,0x5a,0xa3c,0xa3a,0xc8,0x400f6,
0xa3d,0xa37,0x0,0x400fa,0xa3c,0xa3e,0xa3d,0x200f8,
0xa3e,0x4007c,0x49,0xa3f,0xa3a,0x50080,0x49,0xa40,
0x109,0xa3f,0x50084,0x49,0xa41,0xa40,0x65,0x500c7,
0x49,0xa42,0xa41,0xbd,0x50080,0x49,0xa43,0x913,
0x4d,0x500c2,0x49,0xa44,0xa42,0x65,0x50080,0x49,
0xa45,0xa43,0xa44,0x60041,0x12a,0xa46,0x22,0x48,
0xa45,0x4003d,0x49,0xa47,0xa46,0x500c7,0x49,0xa48,
0xa41,0x57,0x50084,0x49,0xa49,0xa48,0x64,0x500c7,
0x49,0xa4a,0xa49,0x6f,0x500c2,0x49,0xa4b,0xa47,
0xa4a,0x500c7,0x49,0xa4c,0xa4b,0x6d,0x50080,0x49,
0xa4d,0xa41,0x4a,0x500c7,0x49,0xa4e,0xa4d,0xbd,
0x500c2,0x49,0xa4f,0xa4e,0x65,0x50080,0x49,0xa50,
0xa43,0xa4f,0x60041,0x12a,0xa51,0x22,0x48,0xa50,
0x4003d,0x49,0xa52,0xa51,0x500c7,0x49,0xa53,0xa4d,
0x57,0x50084,0x49,0xa54,0xa53,0x64,0x500c7,0x49,
0xa55,0xa54,0x6f,0x500c2,0x49,0xa56,0xa52,0xa55,
0x500c7,0x49,0xa57,0xa56,0x6d,0x500c4,0x49,0xa58,
0xa57,0x64,0x500c5,0x49,0xa59,0xa4c,0xa58,0x50041,
0x124,0xa5a,0x150,0xa3a,0x3003e,0xa5a,0xa59,0x4003d,
0x49,0xa5b,0xa5a,0x500c7,0x49,0xa5c,0xa5b,0x4e,
0x500ab,0x5a,0xa5d,0xa5c,0x4c,0x300f7,0xa5e,0x0,
0x400fa,0xa5d,0xa5f,0xa5e,0x200f8,0xa5f,0x500b1,0x5a,
0xa60,0xa38,0x48,0x600a9,0x47,0xa61,0xa60,0xa3a,
0xa38,0x200f9,0xa5e,0x200f8,0xa5e,0x700f5,0x47,0xa39,
0xa38,0xa3e,0xa61,0xa5f,0x600a9,0x47,0xa36,0xa5d,
0xa3a,0xa35,0x200f9,0xa37,0x200f8,0xa37,0x50080,0x47,
0xa3b,0xa3a,0x51,0x200f9,0xa34,0x200f8,0xa3d,0x500b3,
0x5a,0xa62,0xa08,0x48,0x600a9,0x47,0xa63,0xa62,
0x48,0xad,0x50041,0x124,0xa64,0x150,0xa63,0x4003d,
0x49,0xa65,0xa64,0x500c7,0x49,0xa66,0xa65,0x4e,
0x500aa,0x5a,0xa67,0xa66,0x4c,0x300f7,0xa68,0x0,
0x400fa,0xa67,0xa69,0xa68,0x200f8,0xa69,0x200f9,0x9ff,
0x200f8,0xa68,0x500af,0x5a,0xa6a,0xa38,0x48,0x300f7,
0xa6b,0x0,0x400fa,0xa6a,0xa6c,0xa6b,0x200f8,0xa6c,
0x500ab,0x5a,0xa6d,0xa35,0xa38,0x200f9,0xa6b,0x200f8,
0xa6b,0x700f5,0x5a,0xa6e,0x5b,0xa68,0xa6d,0xa6c,
0x300f7,0xa6f,0x0,0x400fa,0xa6e,0xa70,0xa6f,0x200f8,
0xa70,0x50041,0x124,0xa71,0x150,0xa35,0x4003d,0x49,
0xa72,0xa71,0x500c7,0x49,0xa73,0xa72,0x10a,0x4007c,
0x47,0xa74,0xa73,0x50041,0x124,0xa75,0x150,0xa38,
0x4003d,0x49,0xa76,0xa75,0x500c7,0x49,0xa77,0xa76,
0x10a,0x4007c,0x47,0xa78,0xa77,0x50082,0x47,0xa79,
0xa74,0xa78,0x500c7,0x47,0xa7a,0xa79,0x10b,0x500ad,
0x5a,0xa7b,0xa7a,0x10c,0x300f7,0xa7c,0x0,0x400fa,
0xa7b,0xa7d,0xa7c,0x200f8,0xa7d,0x50082,0x47,0xa7e,
0xa7a,0x10d,0x200f9,0xa7c,0x200f8,0xa7c,0x700f5,0x47,
0xa7f,0xa7a,0xa70,0xa7e,0xa7d,0x50082,0x47,0xa80,
0xa35,0xa38,0x200f9,0xa6f,0x200f8,0xa6f,0x700f5,0x47,
0xa81,0x51,0xa6b,0xa80,0xa7c,0x700f5,0x47,0xa82,
0x48,0xa6b,0xa7f,0xa7c,0x300f7,0xa83,0x0,0x400fa,
0xa62,0xa84,0xa85,0x200f8,0xa85,0x50082,0x47,0xa86,
0xa08,0xc8,0x200f9,0xa83,0x200f8,0xa84,0x50080,0x47,
0xa87,0xa08,0x51,0x7000c,0x47,0xa88,0x1,0x27,
0xa87,0x48,0x200f9,0xa83,0x200f8,0xa83,0x700f5,0x47,
0xa89,0xa88,0xa84,0xa86,0xa85,0x4003d,0x49,0xa8a,
0xa64,0x500c7,0x49,0xa8b,0xa8a,0x10a,0x4007c,0x47,
0xa8c,0xa8b,0x50084,0x47,0xa8d,0xa82,0xa89,0x50087,
0x47,0xa8e,0xa8d,0xa81,0x50080,0x47,0xa8f,0xa8c,
0xa8e,0x500c7,0x47,0xa90,0xa8f,0x10b,0x200f9,0x9ff,
0x200f8,0x9ff,0x900f5,0x47,0xa91,0xa33,0xa2e,0x9fe,
0xa69,0xa90,0xa83,0x60052,0x12f,0xa92,0xa91,0x9f2,
0x1,0x200f9,0x9f7,0x200f8,0x9f7,0x700f5,0x12f,0xa93,
0x9f2,0x9e7,0xa92,0x9ff,0x50080,0x12f,0xa94,0x9c1,
0xa93,0x4003d,0x49,0xa95,0x915,0x500c7,0x49,0xa96,
0xa95,0xcf,0x500ab,0x5a,0xa97,0xa96,0x4c,0x300f7,
0xa98,0x0,0x400fa,0xa97,0xa99,0xa98,0x200f8,0xa99,
0x50051,0x47,0xa9a,0xa94,0x1,0x500c7,0x49,0xa9b,
0x943,0x65,0x500ab,0x5a,0xa9c,0xa9b,0x4c,0x600a9,
0x47,0xa9d,0xa9c,0xc7,0xc8,0x4007c,0x49,0xa9e,
0xa9d,0x50084,0x49,0xa9f,0xa9e,0x94c,0x4007c,0x47,
0xaa0,0xa9f,0x50082,0x47,0xaa1,0xaa0,0x51,0x8000c,
0x47,0xaa2,0x1,0x2d,0xa9a,0x48,0xaa1,0x60052,
0x12f,0xaa3,0xaa2,0xa94,0x1,0x200f9,0xa98,0x200f8,
0xa98,0x700f5,0x12f,0xaa4,0xa94,0x9f7,0xaa3,0xa99,
0x4003d,0x49,0xaa5,0x915,0x500c7,0x49,0xaa6,0xaa5,
0x65,0x500ab,0x5a,0xaa7,0xaa6,0x4c,0x300f7,0xaa8,
0x0,0x400fa,0xaa7,0xaa9,0xaa8,0x200f8,0xaa9,0x50051,
0x47,0xaaa,0xaa4,0x0,0x500af,0x5a,0xaab,0xaaa,
0x48,0x300f7,0xaac,0x0,0x400fa,0xaab,0xaad,0xaac,
0x200f8,0xaad,0x500c7,0x49,0xaae,0x943,0x4a,0x500ab,
0x5a,0xaaf,0xaae,0x4c,0x600a9,0x47,0xab0,0xaaf,
0xc7,0xc8,0x4007c,0x49,0xab1,0xab0,0x50084,0x49,
0xab2,0xab1,0x94c,0x4007c,0x47,0xab3,0xab2,0x500af,
0x5a,0xab4,0xaaa,0xab3,0x200f9,0xaac,0x200f8,0xaac,
0x700f5,0x5a,0xab5,0x88,0xaa9,0xab4,0xaad,0x200f9,
0xaa8,0x200f8,0xaa8,0x700f5,0x5a,0xab6,0x5b,0xa98,
0xab5,0xaac,0x300f7,0xab7,0x0,0x400fa,0xab6,0xab8,
0xab7,0x200f8,0xab8,0x200f9,0x93f,0x200f8,0xab7,0x4003d,
0x49,0xab9,0x915,0x500c2,0x49,0xaba,0xab9,0x64,
0x500c7,0x49,0xabb,0xaba,0xbd,0x500aa,0x5a,0xabc,
0xabb,0xd0,0x300f7,0xabd,0x0,0x400fa,0xabc,0xabe,
0xabd,0x200f8,0xabe,0x50051,0x47,0xabf,0xaa4,0x1,
0x500af,0x5a,0xac0,0xabf,0x48,0x300f7,0xac1,0x0,
0x400fa,0xac0,0xac2,0xac1,0x200f8,0xac2,0x500c7,0x49,
0xac3,0x943,0x65,0x500ab,0x5a,0xac4,0xac3,0x4c,
0x600a9,0x47,0xac5,0xac4,0xc7,0xc8,0x4007c,0x49,
0xac6,0xac5,0x50084,0x49,0xac7,0xac6,0x94c,0x4007c,
0x47,0xac8,0xac7,0x500af,0x5a,0xac9,0xabf,0xac8,
0x200f9,0xac1,0x200f8,0xac1,0x700f5,0x5a,0xaca,0x88,
0xabe,0xac9,0xac2,0x200f9,0xabd,0x200f8,0xabd,0x700f5,
0x5a,0xacb,0x5b,0xab7,0xaca,0xac1,0x300f7,0xacc,
0x0,0x400fa,0xacb,0xacd,0xacc,0x200f8,0xacd,0x200f9,
0x93f,0x200f8,0xacc,0x500ab,0x5a,0xace,0xabb,0x4c,
0x300f7,0xacf,0x0,0x400fa,0xace,0xad0,0xacf,0x200f8,
0xad0,0x4007c,0x47,0xad1,0xabb,0x500b1,0x5a,0xad2,
0x96f,0xad1,0x200f9,0xacf,0x200f8,0xacf,0x700f5,0x5a,
0xad3,0x5b,0xacc,0xad2,0xad0,0x300f7,0xad4,0x0,
0x400fa,0xad3,0xad5,0xad4,0x200f8,0xad5,0x500af,0x5a,
0xad6,0x970,0x48,0x300f7,0xad7,0x0,0x400fa,0xad6,
0xad8,0xad7,0x200f8,0xad8,0x500af,0x5a,0xad9,0x970,
0xcd,0x200f9,0xad7,0x200f8,0xad7,0x700f5,0x5a,0xada,
0x88,0xad5,0xad9,0xad8,0x200f9,0xad4,0x200f8,0xad4,
0x700f5,0x5a,0xadb,0x5b,0xacf,0xada,0xad7,0x300f7,
0xadc,0x0,0x400fa,0xadb,0xadd,0xadc,0x200f8,0xadd,
0x50051,0x47,0xade,0xaa4,0x0,0x500af,0x5a,0xadf,
0xade,0x48,0x300f7,0xae0,0x0,0x400fa,0xadf,0xae1,
0xae0,0x200f8,0xae1,0x500c7,0x49,0xae2,0x943,0x4a,
0x500ab,0x5a,0xae3,0xae2,0x4c,0x600a9,0x47,0xae4,
0xae3,0xc7,0xc8,0x4007c,0x49,0xae5,0xae4,0x50084,
0x49,0xae6,0xae5,0x94c,0x4007c,0x47,0xae7,0xae6,
0x500af,0x5a,0xae8,0xade,0xae7,0x200f9,0xae0,0x200f8,
0xae0,0x700f5,0x5a,0xae9,0x88,0xadd,0xae8,0xae1,
0x200f9,0xadc,0x200f8,0xadc,0x700f5,0x5a,0xaea,0x5b,
0xad4,0xae9,0xae0,0x300f7,0xaeb,0x0,0x400fa,0xaea,
0xaec,0xaeb,0x200f8,0xaec,0x4003d,0x49,0xaed,0x915,
0x500c7,0x49,0xaee,0xaed,0x4a,0x500ab,0x5a,0xaef,
0xaee,0x4c,0x300f7,0xaf0,0x0,0x400fa,0xaef,0xaf1,
0xaf0,0x200f8,0xaf1,0x200f9,0x93f,0x200f8,0xaf0,0x50080,
0x49,0xaf2,0x913,0x6b,0x60041,0x12a,0xaf3,0x22,
0x48,0xaf2,0x4003d,0x49,0xaf4,0xaf3,0x50080,0x49,
0xaf5,0x913,0x8e,0x60041,0x12a,0xaf6,0x22,0x48,
0xaf5,0x4003d,0x49,0xaf7,0xaf6,0x50082,0x49,0xaf8,
0x6a,0xaf7,0x500c7,0x49,0xaf9,0xaf4,0x6d,0x500c2,
0x49,0xafa,0xaf4,0x64,0x500c7,0x49,0xafb,0xafa,
0x6d,0x500c2,0x49,0xafc,0xaf4,0x6b,0x500c7,0x49,
0xafd,0xafc,0x6d,0x60050,0x10f,0xafe,0xaf9,0xafb,
0xafd,0x60050,0x10f,0xaff,0xaf8,0xaf8,0xaf8,0x50084,
0x10f,0xb00,0xafe,0xaff,0x50086,0x10f,0xb01,0xb00,
0x110,0x500c2,0x49,0xb02,0xaf4,0x70,0x40070,0x4f,
0xb03,0xb02,0x50051,0x49,0xb04,0xb01,0x0,0x50051,
0x49,0xb05,0xb01,0x1,0x50051,0x49,0xb06,0xb01,
0x2,0x40070,0x4f,0xb07,0xb04,0x40070,0x4f,0xb08,
0xb05,0x40070,0x4f,0xb09,0xb06,0x70050,0x71,0xb0a,
0xb07,0xb08,0xb09,0xb03,0x50085,0x71,0xb0b,0xb0a,
0x13f,0x500c7,0x49,0xb0c,0x6e6,0x65,0x500ab,0x5a,
0xb0d,0xb0c,0x4c,0x300f7,0xb0e,0x0,0x400fa,0xb0d,
0xb0f,0xb0e,0x200f8,0xb0f,0x8004f,0x67,0xb10,0xb0b,
0xb0b,0x0,0x1,0x2,0x500bc,0x12c,0xb11,0xb10,
0x73,0x50085,0x67,0xb12,0xb10,0x141,0x50081,0x67,
0xb13,0xb10,0x75,0x50085,0x67,0xb14,0xb13,0x143,
0x7000c,0x67,0xb15,0x1,0x1a,0xb14,0x77,0x600a9,
0x67,0xb16,0xb11,0xb12,0xb15,0x9004f,0x71,0xb17,
0xb0b,0xb16,0x4,0x5,0x6,0x3,0x200f9,0xb0e,
0x200f8,0xb0e,0x700f5,0x71,0xb18,0xb0b,0xaf0,0xb17,
0xb0f,0x200f9,0x93f,0x200f8,0xaeb,0x4007c,0x12d,0xb19,
0xaa4,0x500c7,0x49,0xb1a,0x943,0x4a,0x500ab,0x5a,
0xb1b,0xb1a,0x4c,0x600a9,0x47,0xb1c,0xb1b,0xc7,
0xc8,0x4007c,0x49,0xb1d,0xb1c,0x50084,0x49,0xb1e,
0xb1d,0x94c,0x50082,0x49,0xb1f,0xb1e,0x4a,0x500c7,
0x49,0xb20,0x943,0x65,0x500ab,0x5a,0xb21,0xb20,
0x4c,0x600a9,0x47,0xb22,0xb21,0xc7,0xc8,0x4007c,
0x49,0xb23,0xb22,0x50084,0x49,0xb24,0xb23,0x94c,
0x50082,0x49,0xb25,0xb24,0x4a,0x50050,0x12d,0xb26,
0xb1f,0xb25,0x500c7,0x12d,0xb27,0xb19,0xb26,0x4003d,
0x49,0xb28,0x915,0x500c7,0x49,0xb29,0xb28,0x58,
0x500ab,0x5a,0xb2a,0xb29,0x4c,0x300f7,0xb2b,0x0,
0x400fa,0xb2a,0xb2c,0xb2b,0x200f8,0xb2c,0x50051,0x49,
0xb2d,0xb27,0x0,0x500ae,0x5a,0xb2e,0xb2d,0xd1,
0x200f9,0xb2b,0x200f8,0xb2b,0x700f5,0x5a,0xb2f,0x5b,
0xaeb,0xb2e,0xb2c,0x300f7,0xb30,0x0,0x400fa,0xb2f,
0xb31,0xb30,0x200f8,0xb31,0x50051,0x49,0xb32,0xb27,
0x0,0x500b0,0x5a,0xb33,0xb32,0xd2,0x200f9,0xb30,
0x200f8,0xb30,0x700f5,0x5a,0xb34,0x5b,0xb2b,0xb33,
0xb31,0x300f7,0xb35,0x0,0x400fa,0xb34,0xb36,0xb35,
0x200f8,0xb36,0x50051,0x49,0xb37,0xb27,0x1,0x500ae,
0x5a,0xb38,0xb37,0xd3,0x200f9,0xb35,0x200f8,0xb35,
0x700f5,0x5a,0xb39,0x5b,0xb30,0xb38,0xb36,0x300f7,
0xb3a,0x0,0x400fa,0xb39,0xb3b,0xb3a,0x200f8,0xb3b,
0x50051,0x49,0xb3c,0xb27,0x1,0x500b0,0x5a,0xb3d,
0xb3c,0xd4,0x200f9,0xb3a,0x200f8,0xb3a,0x700f5,0x5a,
0xb3e,0x5b,0xb35,0xb3d,0xb3b,0x300f7,0xb3f,0x0,
0x400fa,0xb3e,0xb40,0xb3f,0x200f8,0xb40,0x50051,0x49,
0xb41,0xb27,0x0,0x500c7,0x49,0xb42,0xb41,0xd5,
0x60052,0x12d,0xb43,0xb42,0xb27,0x0,0x200f9,0xb3f,
0x200f8,0xb3f,0x700f5,0x12d,0xb44,0xb27,0xb3a,0xb43,
0xb40,0x4003d,0x49,0xb45,0x915,0x500c7,0x49,0xb46,
0xb45,0x81,0x500ab,0x5a,0xb47,0xb46,0x4c,0x300f7,
0xb48,0x0,0x400fa,0xb47,0xb49,0xb48,0x200f8,0xb49,
0x500af,0x5a,0xb4a,0x970,0x48,0x300f7,0xb4b,0x0,
0x400fa,0xb4a,0xb4c,0xb4b,0x200f8,0xb4c,0x500af,0x5a,
0xb4d,0x970,0xd6,0x200f9,0xb4b,0x200f8,0xb4b,0x700f5,
0x5a,0xb4e,0x88,0xb49,0xb4d,0xb4c,0x200f9,0xb48,
0x200f8,0xb48,0x700f5,0x5a,0xb4f,0x5b,0xb3f,0xb4e,
0xb4b,0x300f7,0xb50,0x0,0x400fa,0xb4f,0xb51,0xb50,
0x200f8,0xb51,0x50051,0x49,0xb52,0xb44,0x1,0x500ae,
0x5a,0xb53,0xb52,0xd7,0x200f9,0xb50,0x200f8,0xb50,
0x700f5,0x5a,0xb54,0x5b,0xb48,0xb53,0xb51,0x300f7,
0xb55,0x0,0x400fa,0xb54,0xb56,0xb55,0x200f8,0xb56,
0x50051,0x49,0xb57,0xb44,0x1,0x500b0,0x5a,0xb58,
0xb57,0xd8,0x200f9,0xb55,0x200f8,0xb55,0x700f5,0x5a,
0xb59,0x5b,0xb50,0xb58,0xb56,0x300f7,0xb5a,0x0,
0x400fa,0xb59,0xb5b,0xb5a,0x200f8,0xb5b,0x50051,0x49,
0xb5c,0xb44,0x0,0x500c7,0x49,0xb5d,0xb5c,0xd5,
0x60052,0x12d,0xb5e,0xb5d,0xb44,0x0,0x200f9,0xb5a,
0x200f8,0xb5a,0x700f5,0x12d,0xb5f,0xb44,0xb55,0xb5e,
0xb5b,0x4003d,0x49,0xb60,0x915,0x500c7,0x49,0xb61,
0xb60,0x7d,0x500ab,0x5a,0xb62,0xb61,0x4c,0x300f7,
0xb63,0x0,0x400fa,0xb62,0xb64,0xb63,0x200f8,0xb64,
0x500af,0x5a,0xb65,0x970,0x48,0x300f7,0xb66,0x0,
0x400fa,0xb65,0xb67,0xb66,0x200f8,0xb67,0x500af,0x5a,
0xb68,0x970,0xd6,0x200f9,0xb66,0x200f8,0xb66,0x700f5,
0x5a,0xb69,0x88,0xb64,0xb68,0xb67,0x200f9,0xb63,
0x200f8,0xb63,0x700f5,0x5a,0xb6a,0x5b,0xb5a,0xb69,
0xb66,0x300f7,0xb6b,0x0,0x400fa,0xb6a,0xb6c,0xb6b,
0x200f8,0xb6c,0x50051,0x49,0xb6d,0xb5f,0x1,0x500ae,
0x5a,0xb6e,0xb6d,0xd3,0x200f9,0xb6b,0x200f8,0xb6b,
0x700f5,0x5a,0xb6f,0x5b,0xb63,0xb6e,0xb6c,0x300f7,
0xb70,0x0,0x400fa,0xb6f,0xb71,0xb70,0x200f8,0xb71,
0x50051,0x49,0xb72,0xb5f,0x1,0x500b0,0x5a,0xb73,
0xb72,0xd9,0x200f9,0xb70,0x200f8,0xb70,0x700f5,0x5a,
0xb74,0x5b,0xb6b,0xb73,0xb71,0x300f7,0xb75,0x0,
0x400fa,0xb74,0xb76,0xb75,0x200f8,0xb76,0x50051,0x49,
0xb77,0xb5f,0x0,0x500c7,0x49,0xb78,0xb77,0xd5,
0x60052,0x12d,0xb79,0xb78,0xb5f,0x0,0x200f9,0xb75,
0x200f8,0xb75,0x700f5,0x12d,0xb7a,0xb5f,0xb70,0xb79,
0xb76,0x4003d,0x49,0xb7b,0x915,0x500c7,0x49,0xb7c,
0xb7b,0xda,0x500aa,0x5a,0xb7d,0xb7c,0xda,0x600a9,
0x49,0xb7e,0xb1b,0xa9,0x84,0x50084,0x49,0xb7f,
0xb7e,0x94c,0x50086,0x49,0xb80,0xb7f,0x65,0x4003d,
0x49,0xb81,0x915,0x500c7,0x49,0xb82,0xb81,0xa9,
0x500ab,0x5a,0xb83,0xb82,0x4c,0x300f7,0xb84,0x0,
0x400fa,0xb83,0xb85,0xb84,0x200f8,0xb85,0x500af,0x5a,
0xb86,0x970,0x48,0x300f7,0xb87,0x0,0x400fa,0xb86,
0xb88,0xb87,0x200f8,0xb88,0x600a9,0x49,0xb89,0xb7d,
0xd0,0xb80,0x4007c,0x47,0xb8a,0xb89,0x500af,0x5a,
0xb8b,0x970,0xb8a,0x200f9,0xb87,0x200f8,0xb87,0x700f5,
0x5a,0xb8c,0x88,0xb85,0xb8b,0xb88,0x200f9,0xb84,
0x200f8,0xb84,0x700f5,0x5a,0xb8d,0x5b,0xb75,0xb8c,
0xb87,0x300f7,0xb8e,0x0,0x400fa,0xb8d,0xb8f,0xb8e,
0x200f8,0xb8f,0x300f7,0xb90,0x0,0x400fa,0xb7d,0xb91,
0xb92,0x200f8,0xb92,0x50051,0x49,0xb93,0xb7a,0x0,
0x50082,0x49,0xb94,0xb80,0x4a,0x500c7,0x49,0xb95,
0xb93,0xb94,0x500c5,0x49,0xb96,0xb95,0xb80,0x200f9,
0xb90,0x200f8,0xb91,0x50051,0x49,0xb97,0xb7a,0x0,
0x500c7,0x49,0xb98,0xb97,0x6d,0x200f9,0xb90,0x200f8,
0xb90,0x700f5,0x49,0xb99,0xb98,0xb91,0xb96,0xb92,
0x60052,0x12d,0xb9a,0xb99,0xb7a,0x0,0x200f9,0xb8e,
0x200f8,0xb8e,0x700f5,0x12d,0xb9b,0xb7a,0xb84,0xb9a,
0xb90,0x4003d,0x49,0xb9c,0x915,0x500c7,0x49,0xb9d,
0xb9c,0x64,0x500ab,0x5a,0xb9e,0xb9d,0x4c,0x300f7,
0xb9f,0x0,0x400fa,0xb9e,0xba0,0xb9f,0x200f8,0xba0,
0x50051,0x49,0xba1,0xb9b,0x1,0x500c7,0x49,0xba2,
0xba1,0x6d,0x60052,0x12d,0xba3,0xba2,0xb9b,0x1,
0x200f9,0xb9f,0x200f8,0xb9f,0x700f5,0x12d,0xba4,0xb9b,
0xb8e,0xba3,0xba0,0x4003d,0x49,0xba5,0x915,0x500c7,
0x49,0xba6,0xba5,0xda,0x500aa,0x5a,0xba7,0xba6,
0x85,0x300f7,0xba8,0x0,0x400fa,0xba7,0xba9,0xba8,
0x200f8,0xba9,0x50051,0x49,0xbaa,0xba4,0x0,0x500c7,
0x49,0xbab,0xbaa,0x6d,0x60052,0x12d,0xbac,0xbab,
0xba4,0x0,0x200f9,0xba8,0x200f8,0xba8,0x700f5,0x12d,
0xbad,0xba4,0xb9f,0xbac,0xba9,0x4003d,0x49,0xbae,
0x915,0x500c7,0x49,0xbaf,0xbae,0x63,0x500ab,0x5a,
0xbb0,0xbaf,0x4c,0x300f7,0xbb1,0x0,0x400fa,0xbb0,
0xbb2,0xbb1,0x200f8,0xbb2,0x50051,0x49,0xbb3,0xbad,
0x0,0x500ae,0x5a,0xbb4,0xbb3,0xd4,0x300f7,0xbb5,
0x0,0x400fa,0xbb4,0xbb6,0xbb5,0x200f8,0xbb6,0x500b0,
0x5a,0xbb7,0xbb3,0xdb,0x200f9,0xbb5,0x200f8,0xbb5,
0x700f5,0x5a,0xbb8,0x5b,0xbb2,0xbb7,0xbb6,0x300f7,
0xbb9,0x0,0x400fa,0xbb8,0xbba,0xbb9,0x200f8,0xbba,
0x50051,0x49,0xbbb,0xbad,0x1,0x500ae,0x5a,0xbbc,
0xbbb,0xda,0x200f9,0xbb9,0x200f8,0xbb9,0x700f5,0x5a,
0xbbd,0x5b,0xbb5,0xbbc,0xbba,0x300f7,0xbbe,0x0,
0x400fa,0xbbd,0xbbf,0xbbe,0x200f8,0xbbf,0x50051,0x49,
0xbc0,0xbad,0x1,0x500b0,0x5a,0xbc1,0xbc0,0xbf,
0x200f9,0xbbe,0x200f8,0xbbe,0x700f5,0x5a,0xbc2,0x5b,
0xbb9,0xbc1,0xbbf,0x300f7,0xbc3,0x0,0x400fa,0xbc2,
0xbc4,0xbc3,0x200f8,0xbc4,0x500c7,0x49,0xbc5,0xbb3,
0x6d,0x60052,0x12d,0xbc6,0xbc5,0xbad,0x0,0x200f9,
0xbc3,0x200f8,0xbc3,0x700f5,0x12d,0xbc7,0xbad,0xbbe,
0xbc6,0xbc4,0x50051,0x47,0xbc8,0xaa4,0x1,0x500b1,
0x5a,0xbc9,0xbc8,0xdc,0x300f7,0xbca,0x0,0x400fa,
0xbc9,0xbcb,0xbcc,0x200f8,0xbcc,0x500af,0x5a,0xbcd,
0x970,0x48,0x300f7,0xbce,0x0,0x400fa,0xbcd,0xbcf,
0xbce,0x200f8,0xbcf,0x500af,0x5a,0xbd0,0x970,0xd6,
0x200f9,0xbce,0x200f8,0xbce,0x700f5,0x5a,0xbd1,0x88,
0xbcc,0xbd0,0xbcf,0x300f7,0xbd2,0x0,0x400fa,0xbd1,
0xbd3,0xbd2,0x200f8,0xbd3,0x50051,0x49,0xbd4,0xbc7,
0x1,0x500ae,0x5a,0xbd5,0xbd4,0xde,0x200f9,0xbd2,
0x200f8,0xbd2,0x700f5,0x5a,0xbd6,0x5b,0xbce,0xbd5,
0xbd3,0x300f7,0xbd7,0x0,0x400fa,0xbd6,0xbd8,0xbd7,
0x200f8,0xbd8,0x50051,0x49,0xbd9,0xbc7,0x1,0x500b0,
0x5a,0xbda,0xbd9,0xd8,0x200f9,0xbd7,0x200f8,0xbd7,
0x700f5,0x5a,0xbdb,0x5b,0xbd2,0xbda,0xbd8,0x300f7,
0xbdc,0x0,0x400fa,0xbdb,0xbdd,0xbdc,0x200f8,0xbdd,
0x50051,0x49,0xbde,0xbc7,0x0,0x500c7,0x49,0xbdf,
0xbde,0xd5,0x50080,0x49,0xbe0,0xbdf,0xbf,0x60052,
0x12d,0xbe1,0xbe0,0xbc7,0x0,0x200f9,0xbdc,0x200f8,
0xbdc,0x700f5,0x12d,0xbe2,0xbc7,0xbd7,0xbe1,0xbdd,
0x200f9,0xbca,0x200f8,0xbcb,0x4007c,0x49,0xbe3,0xbc8,
0x500c7,0x49,0xbe4,0xbe3,0x6f,0x50080,0x49,0xbe5,
0xdd,0xbe4,0x50051,0x49,0xbe6,0xbc7,0x0,0x500c7,
0x49,0xbe7,0xbe6,0x6d,0x50050,0x12d,0xbe8,0xbe7,
0xbe5,0x200f9,0xbca,0x200f8,0xbca,0x700f5,0x12d,0xbe9,
0xbe8,0xbcb,0xbe2,0xbdc,0x200f9,0xbb1,0x200f8,0xbb1,
0x700f5,0x12d,0xbea,0xbad,0xba8,0xbe9,0xbca,0x50080,
0x49,0xbeb,0x913,0x8b,0x60041,0x12a,0xbec,0x22,
0x48,0xbeb,0x4003d,0x49,0xbed,0xbec,0x500ab,0x5a,
0xbee,0xbed,0x4c,0x300f7,0xbef,0x0,0x400fa,0xbee,
0xbf0,0xbef,0x200f8,0xbf0,0x500af,0x5a,0xbf1,0x970,
0x48,0x300f7,0xbf2,0x0,0x400fa,0xbf1,0xbf3,0xbf2,
0x200f8,0xbf3,0x500af,0x5a,0xbf4,0x970,0xcd,0x200f9,
0xbf2,0x200f8,0xbf2,0x700f5,0x5a,0xbf5,0x88,0xbf0,
0xbf4,0xbf3,0x200f9,0xbef,0x200f8,0xbef,0x700f5,0x5a,
0xbf6,0x5b,0xbb1,0xbf5,0xbf2,0x300f7,0xbf7,0x0,
0x400fa,0xbf6,0xbf8,0xbf7,0x200f8,0xbf8,0x4007c,0x47,
0xbf9,0xb1e,0x50051,0x47,0xbfa,0xa93,0x0,0x50080,
0x47,0xbfb,0xdf,0xbfa,0x4007c,0x49,0xbfc,0xbfb,
0x50082,0x47,0xbfd,0xbf9,0x51,0x4007c,0x49,0xbfe,
0xbfd,0x500c7,0x49,0xbff,0xbfc,0xbfe,0x4007c,0x47,
0xc00,0xbff,0x50051,0x47,0xc01,0x9c1,0x0,0x50080,
0x47,0xc02,0xc00,0xc01,0x50082,0x47,0xc03,0xc02,
0xdf,0x8000c,0x47,0xc04,0x1,0x2d,0xc03,0x48,
0xbfd,0x4007c,0x49,0xc05,0xc04,0x60052,0x12d,0xc06,
0xc05,0xbea,0x0,0x200f9,0xbf7,0x200f8,0xbf7,0x700f5,
0x12d,0xc07,0xbea,0xbef,0xc06,0xbf8,0x50050,0x12d,
0xc08,0x94c,0x94c,0x50086,0x12d,0xc09,0xc07,0xc08,
0x50051,0x49,0xc0a,0xc09,0x0,0x500ae,0x5a,0xc0b,
0xc0a,0x84,0x600a9,0x47,0xc0c,0xc0b,0xe0,0x48,
0x50051,0x49,0xc0d,0xc09,0x1,0x500ae,0x5a,0xc0e,
0xc0d,0x84,0x300f7,0xc0f,0x0,0x400fa,0xc0e,0xc10,
0xc11,0x200f8,0xc11,0x200f9,0xc0f,0x200f8,0xc10,0x600a9,
0x47,0xc12,0xb1b,0xe1,0xe0,0x200f9,0xc0f,0x200f8,
0xc0f,0x700f5,0x47,0xc13,0xc12,0xc10,0x48,0xc11,
0x50080,0x47,0xc14,0xc0c,0xc13,0x4007c,0x49,0xc15,
0xc14,0x50080,0x49,0xc16,0x913,0x4a,0x60041,0x12a,
0xc17,0x22,0x48,0xc16,0x4003d,0x49,0xc18,0xc17,
0x50080,0x49,0xc19,0xc18,0xc15,0x500c7,0x49,0xc1a,
0xc0d,0x6f,0x50084,0x49,0xc1b,0xc1a,0x84,0x50080,
0x49,0xc1c,0xc19,0xc1b,0x500c7,0x49,0xc1d,0xc0a,
0x6f,0x50080,0x49,0xc1e,0xc1c,0xc1d,0x50084,0x49,
0xc1f,0xc1e,0x65,0x500c7,0x49,0xc20,0xc1f,0xbd,
0x50080,0x49,0xc21,0x913,0x4d,0x500c2,0x49,0xc22,
0xc20,0x65,0x50080,0x49,0xc23,0xc21,0xc22,0x60041,
0x12a,0xc24,0x22,0x48,0xc23,0x4003d,0x49,0xc25,
0xc24,0x500c7,0x49,0xc26,0xc1f,0x57,0x50084,0x49,
0xc27,0xc26,0x64,0x500c7,0x49,0xc28,0xc27,0x6f,
0x500c2,0x49,0xc29,0xc25,0xc28,0x500c7,0x49,0xc2a,
0xc29,0x6d,0x50080,0x49,0xc2b,0xc1f,0x4a,0x500c7,
0x49,0xc2c,0xc2b,0xbd,0x500c2,0x49,0xc2d,0xc2c,
0x65,0x50080,0x49,0xc2e,0xc21,0xc2d,0x60041,0x12a,
0xc2f,0x22,0x48,0xc2e,0x4003d,0x49,0xc30,0xc2f,
0x500c7,0x49,0xc31,0xc2b,0x57,0x50084,0x49,0xc32,
0xc31,0x64,0x500c7,0x49,0xc33,0xc32,0x6f,0x500c2,
0x49,0xc34,0xc30,0xc33,0x500c7,0x49,0xc35,0xc34,
0x6d,0x500c4,0x49,0xc36,0xc35,0x64,0x500c5,0x49,
0xc37,0xc2a,0xc36,0x50080,0x49,0xc38,0x913,0x7e,
0x60041,0x12a,0xc39,0x22,0x48,0xc38,0x4003d,0x49,
0xc3a,0xc39,0x500c7,0x49,0xc3b,0xc3a,0x57,0x500aa,
0x5a,0xc3c,0xc3b,0x4a,0x300f7,0xc3d,0x0,0x400fa,
0xc3c,0xc3e,0xc3d,0x200f8,0xc3e,0x500c7,0x49,0xc3f,
0xc37,0xaf,0x500ab,0x5a,0xc40,0xc3f,0x4c,0x200f9,
0xc3d,0x200f8,0xc3d,0x700f5,0x5a,0xc41,0x5b,0xc0f,
0xc40,0xc3e,0x400a8,0x5a,0xc42,0xc41,0x300f7,0xc43,
0x0,0x400fa,0xc42,0xc44,0xc43,0x200f8,0xc44,0x500aa,
0x5a,0xc45,0xc3b,0x65,0x300f7,0xc46,0x0,0x400fa,
0xc45,0xc47,0xc46,0x200f8,0xc47,0x500c7,0x49,0xc48,
0xc37,0xaf,0x500aa,0x5a,0xc49,0xc48,0x4c,0x200f9,
0xc46,0x200f8,0xc46,0x700f5,0x5a,0xc4a,0x5b,0xc44,
0xc49,0xc47,0x200f9,0xc43,0x200f8,0xc43,0x700f5,0x5a,
0xc4b,0x88,0xc3d,0xc4a,0xc46,0x300f7,0xc4c,0x0,
0x400fa,0xc4b,0xc4d,0xc4c,0x200f8,0xc4d,0x200f9,0x93f,
0x200f8,0xc4c,0x50082,0x49,0xc4e,0x94c,0x4a,0x50050,
0x12d,0xc4f,0xc4e,0xc4e,0x500c7,0x12d,0xc50,0xc07,
0xc4f,0x500c7,0x49,0xc51,0xc37,0x4e,0x500ab,0x5a,
0xc52,0xc51,0x4c,0x300f7,0xc53,0x0,0x400fa,0xc52,
0xc54,0xc53,0x200f8,0xc54,0x50051,0x49,0xc55,0xc50,
0x0,0x50082,0x49,0xc56,0xc4e,0xc55,0x60052,0x12d,
0xc57,0xc56,0xc50,0x0,0x200f9,0xc53,0x200f8,0xc53,
0x700f5,0x12d,0xc58,0xc50,0xc4c,0xc57,0xc54,0x500c7,
0x49,0xc59,0xc37,0x9d,0x500ab,0x5a,0xc5a,0xc59,
0x4c,0x300f7,0xc5b,0x0,0x400fa,0xc5a,0xc5c,0xc5b,
0x200f8,0xc5c,0x50051,0x49,0xc5d,0xc58,0x1,0x50082,
0x49,0xc5e,0xc4e,0xc5d,0x60052,0x12d,0xc5f,0xc5e,
0xc58,0x1,0x200f9,0xc5b,0x200f8,0xc5b,0x700f5,0x12d,
0xc60,0xc58,0xc53,0xc5f,0xc5c,0x500c7,0x49,0xc61,
0xc37,0xe2,0x50051,0x49,0xc62,0xc60,0x0,0x500c2,
0x49,0xc63,0xc62,0x57,0x50080,0x49,0xc64,0xc61,
0xc63,0x50051,0x49,0xc65,0xc60,0x1,0x500c2,0x49,
0xc66,0xc65,0x57,0x50084,0x49,0xc67,0xc66,0x6b,
0x50080,0x49,0xc68,0xc64,0xc67,0x500c7,0x49,0xc69,
0xc68,0xe2,0x60041,0x12a,0xc6a,0x22,0x48,0x913,
0x4003d,0x49,0xc6b,0xc6a,0x50084,0x49,0xc6c,0xc6b,
0x65,0x50084,0x49,0xc6d,0x946,0x64,0x50084,0x49,
0xc6e,0xc69,0xc6d,0x50080,0x49,0xc6f,0xc6c,0xc6e,
0x500c7,0x49,0xc70,0xc65,0x7e,0x50084,0x49,0xc71,
0xc70,0x65,0x50080,0x49,0xc72,0xc6f,0xc71,0x500c7,
0x49,0xc73,0xc62,0x7e,0x500c2,0x49,0xc74,0x85,
0xc73,0x200f9,0xc75,0x200f8,0xc75,0x700f5,0x49,0xc76,
0x4c,0xc5b,0xc77,0xc78,0x700f5,0x49,0xc79,0x4c,
0xc5b,0xc7a,0xc78,0x50086,0x49,0xc7b,0x946,0x65,
0x500b0,0x5a,0xc7c,0xc79,0xc7b,0x400f6,0xc7d,0xc78,
0x0,0x400fa,0xc7c,0xc7e,0xc7d,0x200f8,0xc7e,0x50084,
0x49,0xc7f,0xc79,0x6b,0x50080,0x49,0xc80,0xc72,
0xc7f,0x500c7,0x49,0xc81,0xc80,0xbd,0x500c2,0x49,
0xc82,0xc81,0x65,0x50080,0x49,0xc83,0xc21,0xc82,
0x60041,0x12a,0xc84,0x22,0x48,0xc83,0x4003d,0x49,
0xc85,0xc84,0x500c7,0x49,0xc86,0xc80,0x57,0x50084,
0x49,0xc87,0xc86,0x64,0x500c7,0x49,0xc88,0xc87,
0x6f,0x500c2,0x49,0xc89,0xc85,0xc88,0x500c7,0x49,
0xc8a,0xc89,0x6d,0x500c7,0x49,0xc8b,0xc8a,0xc74,
0x500ab,0x5a,0xc8c,0xc8b,0x4c,0x300f7,0xc8d,0x0,
0x400fa,0xc8c,0xc8e,0xc8d,0x200f8,0xc8e,0x50084,0x49,
0xc8f,0xc79,0x65,0x500c7,0x49,0xc90,0xc8f,0x6f,
0x500c4,0x49,0xc91,0x4a,0xc90,0x500c5,0x49,0xc92,
0xc76,0xc91,0x200f9,0xc8d,0x200f8,0xc8d,0x700f5,0x49,
0xc93,0xc76,0xc7e,0xc92,0xc8e,0x50080,0x49,0xc94,
0xc80,0x4a,0x500c7,0x49,0xc95,0xc94,0xbd,0x500c2,
0x49,0xc96,0xc95,0x65,0x50080,0x49,0xc97,0xc21,
0xc96,0x60041,0x12a,0xc98,0x22,0x48,0xc97,0x4003d,
0x49,0xc99,0xc98,0x500c7,0x49,0xc9a,0xc94,0x57,
0x50084,0x49,0xc9b,0xc9a,0x64,0x500c7,0x49,0xc9c,
0xc9b,0x6f,0x500c2,0x49,0xc9d,0xc99,0xc9c,0x500c7,
0x49,0xc9e,0xc9d,0x6d,0x500c7,0x49,0xc9f,0xc9e,
0xc74,0x500ab,0x5a,0xca0,0xc9f,0x4c,0x300f7,0xca1,
0x0,0x400fa,0xca0,0xca2,0xca1,0x200f8,0xca2,0x50084,
0x49,0xca3,0xc79,0x65,0x500c7,0x49,0xca4,0xca3,
0x6f,0x500c4,0x49,0xca5,0x65,0xca4,0x500c5,0x49,
0xca6,0xc93,0xca5,0x200f9,0xca1,0x200f8,0xca1,0x700f5,
0x49,0xc77,0xc93,0xc8d,0xca6,0xca2,0x200f9,0xc78,
0x200f8,0xc78,0x50080,0x49,0xc7a,0xc79,0x4a,0x200f9,
0xc75,0x200f8,0xc7d,0x500aa,0x5a,0xca7,0xc76,0x4c,
0x300f7,0xca8,0x0,0x400fa,0xca7,0xca9,0xca8,0x200f8,
0xca9,0x200f9,0x93f,0x200f8,0xca8,0x500ab,0x5a,0xcaa,
0x946,0x64,0x300f7,0xcab,0x0,0x400fa,0xcaa,0xcac,
0xcab,0x200f8,0xcac,0x500c2,0x49,0xcad,0xc37,0x82,
0x500c7,0x49,0xcae,0xcad,0x7e,0x500c7,0x49,0xcaf,
0x946,0x6f,0x500c4,0x49,0xcb0,0x4a,0xcaf,0x50084,
0x49,0xcb1,0xcae,0xcb0,0x50080,0x49,0xcb2,0xc76,
0xcb1,0x200f9,0xcab,0x200f8,0xcab,0x700f5,0x49,0xcb3,
0xc76,0xca8,0xcb2,0xcac,0x50080,0x49,0xcb4,0x913,
0x78,0x60041,0x12a,0xcb5,0x22,0x48,0xcb4,0x4003d,
0x49,0xcb6,0xcb5,0x50080,0x49,0xcb7,0xcb3,0xcb6,
0x500c7,0x49,0xcb8,0xcb7,0x6d,0x4003d,0x49,0xcb9,
0x915,0x500c7,0x49,0xcba,0xcb9,0x62,0x500ab,0x5a,
0xcbb,0xcba,0x4c,0x300f7,0xcbc,0x0,0x400fa,0xcbb,
0xcbd,0xcbc,0x200f8,0xcbd,0x500af,0x5a,0xcbe,0x970,
0x48,0x300f7,0xcbf,0x0,0x400fa,0xcbe,0xcc0,0xcbf,
0x200f8,0xcc0,0x500af,0x5a,0xcc1,0x970,0xcd,0x200f9,
0xcbf,0x200f8,0xcbf,0x700f5,0x5a,0xcc2,0x88,0xcbd,
0xcc1,0xcc0,0x200f9,0xcbc,0x200f8,0xcbc,0x700f5,0x5a,
0xcc3,0x5b,0xcab,0xcc2,0xcbf,0x300f7,0xcc4,0x0,
0x400fa,0xcc3,0xcc5,0xcc4,0x200f8,0xcc5,0x4007c,0x47,
0xcc6,0xb1e,0x50051,0x47,0xcc7,0xa93,0x0,0x50087,
0x47,0xcc8,0xcc6,0x60,0x50080,0x47,0xcc9,0xcc7,
0xcc8,0x5008a,0x47,0xcca,0xcc9,0xcc6,0x50080,0x47,
0xccb,0xcca,0xcc6,0x5008a,0x47,0xccc,0xccb,0xcc6,
0x50082,0x47,0xccd,0xccc,0xcc8,0x50051,0x47,0xcce,
0x9c1,0x0,0x50080,0x47,0xccf,0xcce,0xccd,0x50051,
0x49,0xcd0,0xc07,0x0,0x500ae,0x5a,0xcd1,0xcd0,
0xbf,0x300f7,0xcd2,0x0,0x400fa,0xcd1,0xcd3,0xcd2,
0x200f8,0xcd3,0x500b0,0x5a,0xcd4,0xcd0,0xe3,0x200f9,
0xcd2,0x200f8,0xcd2,0x700f5,0x5a,0xcd5,0x5b,0xcc5,
0xcd4,0xcd3,0x300f7,0xcd6,0x0,0x400fa,0xcd5,0xcd7,
0xcd6,0x200f8,0xcd7,0x50051,0x49,0xcd8,0xc07,0x1,
0x500ae,0x5a,0xcd9,0xcd8,0xe3,0x200f9,0xcd6,0x200f8,
0xcd6,0x700f5,0x5a,0xcda,0x5b,0xcd2,0xcd9,0xcd7,
0x300f7,0xcdb,0x0,0x400fa,0xcda,0xcdc,0xcdb,0x200f8,
0xcdc,0x50051,0x49,0xcdd,0xc07,0x1,0x500b0,0x5a,
0xcde,0xcdd,0xd3,0x200f9,0xcdb,0x200f8,0xcdb,0x700f5,
0x5a,0xcdf,0x5b,0xcd6,0xcde,0xcdc,0x300f7,0xce0,
0x0,0x400fa,0xcdf,0xce1,0xce0,0x200f8,0xce1,0x500ae,
0x5a,0xce2,0xcb8,0xe4,0x200f9,0xce0,0x200f8,0xce0,
0x700f5,0x5a,0xce3,0x5b,0xcdb,0xce2,0xce1,0x300f7,
0xce4,0x0,0x400fa,0xce3,0xce5,0xce4,0x200f8,0xce5,
0x500b2,0x5a,0xce6,0xcb8,0xe5,0x200f9,0xce4,0x200f8,
0xce4,0x700f5,0x5a,0xce7,0x5b,0xce0,0xce6,0xce5,
0x500ae,0x5a,0xce8,0xcd0,0xe3,0x300f7,0xce9,0x0,
0x400fa,0xce8,0xcea,0xce9,0x200f8,0xcea,0x500b0,0x5a,
0xceb,0xcd0,0xe6,0x200f9,0xce9,0x200f8,0xce9,0x700f5,
0x5a,0xcec,0x5b,0xce4,0xceb,0xcea,0x300f7,0xced,
0x0,0x400fa,0xcec,0xcee,0xced,0x200f8,0xcee,0x50051,
0x49,0xcef,0xc07,0x1,0x500ae,0x5a,0xcf0,0xcef,
0xe6,0x200f9,0xced,0x200f8,0xced,0x700f5,0x5a,0xcf1,
0x5b,0xce9,0xcf0,0xcee,0x300f7,0xcf2,0x0,0x400fa,
0xcf1,0xcf3,0xcf2,0x200f8,0xcf3,0x50051,0x49,0xcf4,
0xc07,0x1,0x500b0,0x5a,0xcf5,0xcf4,0xd3,0x200f9,
0xcf2,0x200f8,0xcf2,0x700f5,0x5a,0xcf6,0x5b,0xced,
0xcf5,0xcf3,0x300f7,0xcf7,0x0,0x400fa,0xcf6,0xcf8,
0xcf7,0x200f8,0xcf8,0x500ae,0x5a,0xcf9,0xcb8,0xe4,
0x200f9,0xcf7,0x200f8,0xcf7,0x700f5,0x5a,0xcfa,0x5b,
0xcf2,0xcf9,0xcf8,0x300f7,0xcfb,0x0,0x400fa,0xcfa,
0xcfc,0xcfb,0x200f8,0xcfc,0x500b2,0x5a,0xcfd,0xcb8,
0xe7,0x200f9,0xcfb,0x200f8,0xcfb,0x700f5,0x5a,0xcfe,
0x5b,0xcf7,0xcfd,0xcfc,0x500af,0x5a,0xcff,0xccf,
0x48,0x300f7,0xd00,0x0,0x400fa,0xcff,0xd01,0xd00,
0x200f8,0xd01,0x500af,0x5a,0xd02,0xccf,0xcc6,0x200f9,
0xd00,0x200f8,0xd00,0x700f5,0x5a,0xd03,0x88,0xcfb,
0xd02,0xd01,0x300f7,0xd04,0x0,0x400fa,0xd03,0xd05,
0xd04,0x200f8,0xd05,0x400a8,0x5a,0xd06,0xce7,0x600a9,
0x5a,0xd07,0xd06,0xcfe,0x88,0x200f9,0xd04,0x200f8,
0xd04,0x700f5,0x5a,0xd08,0x5b,0xd00,0xd07,0xd05,
0x600a9,0x49,0xd09,0xd08,0xe8,0xcb8,0x200f9,0xcc4,
0x200f8,0xcc4,0x700f5,0x49,0xd0a,0xcb8,0xcbc,0xd09,
0xd04,0x4003d,0x49,0xd0b,0xc39,0x500c7,0x49,0xd0c,
0xd0b,0xbf,0x500ab,0x5a,0xd0d,0xd0c,0x4c,0x300f7,
0xd0e,0x0,0x400fa,0xd0d,0xd0f,0xd0e,0x200f8,0xd0f,
0x500af,0x5a,0xd10,0x970,0x48,0x300f7,0xd11,0x0,
0x400fa,0xd10,0xd12,0xd11,0x200f8,0xd12,0x500af,0x5a,
0xd13,0x970,0xcd,0x200f9,0xd11,0x200f8,0xd11,0x700f5,
0x5a,0xd14,0x88,0xd0f,0xd13,0xd12,0x400a8,0x5a,
0xd15,0xd14,0x300f7,0xd16,0x0,0x400fa,0xd15,0xd17,
0xd16,0x200f8,0xd17,0x500b1,0x5a,0xd18,0x96f,0x48,
0x200f9,0xd16,0x200f8,0xd16,0x700f5,0x5a,0xd19,0x88,
0xd11,0xd18,0xd17,0x400a8,0x5a,0xd1a,0xd19,0x300f7,
0xd1b,0x0,0x400fa,0xd1a,0xd1c,0xd1b,0x200f8,0xd1c,
0x500af,0x5a,0xd1d,0x96f,0xcb,0x200f9,0xd1b,0x200f8,
0xd1b,0x700f5,0x5a,0xd1e,0x88,0xd16,0xd1d,0xd1c,
0x200f9,0xd0e,0x200f8,0xd0e,0x700f5,0x5a,0xd1f,0x5b,
0xcc4,0xd1e,0xd1b,0x300f7,0xd20,0x0,0x400fa,0xd1f,
0xd21,0xd20,0x200f8,0xd21,0x4007c,0x47,0xd22,0xb1e,
0x50051,0x47,0xd23,0xa93,0x0,0x50087,0x47,0xd24,
0xd22,0x60,0x50080,0x47,0xd25,0xd23,0xd24,0x5008a,
0x47,0xd26,0xd25,0xd22,0x50080,0x47,0xd27,0xd26,
0xd22,0x5008a,0x47,0xd28,0xd27,0xd22,0x50082,0x47,
0xd29,0xd28,0xd24,0x50051,0x47,0xd2a,0x9c1,0x0,
0x50080,0x47,0xd2b,0xd2a,0xd29,0x50051,0x49,0xd2c,
0xc07,0x0,0x500ae,0x5a,0xd2d,0xd2c,0xe9,0x300f7,
0xd2e,0x0,0x400fa,0xd2d,0xd2f,0xd2e,0x200f8,0xd2f,
0x500b0,0x5a,0xd30,0xd2c,0xea,0x200f9,0xd2e,0x200f8,
0xd2e,0x700f5,0x5a,0xd31,0x5b,0xd21,0xd30,0xd2f,
0x300f7,0xd32,0x0,0x400fa,0xd31,0xd33,0xd32,0x200f8,
0xd33,0x50051,0x49,0xd34,0xc07,0x1,0x500ae,0x5a,
0xd35,0xd34,0x6b,0x200f9,0xd32,0x200f8,0xd32,0x700f5,
0x5a,0xd36,0x5b,0xd2e,0xd35,0xd33,0x300f7,0xd37,
0x0,0x400fa,0xd36,0xd38,0xd37,0x200f8,0xd38,0x50051,
0x49,0xd39,0xc07,0x1,0x500b0,0x5a,0xd3a,0xd39,
0xeb,0x200f9,0xd37,0x200f8,0xd37,0x700f5,0x5a,0xd3b,
0x5b,0xd32,0xd3a,0xd38,0x400a8,0x5a,0xd3c,0xd3b,
0x300f7,0xd3d,0x0,0x400fa,0xd3c,0xd3e,0xd3d,0x200f8,
0xd3e,0x500ae,0x5a,0xd3f,0xd2c,0xeb,0x300f7,0xd40,
0x0,0x400fa,0xd3f,0xd41,0xd40,0x200f8,0xd41,0x500b0,
0x5a,0xd42,0xd2c,0xec,0x200f9,0xd40,0x200f8,0xd40,
0x700f5,0x5a,0xd43,0x5b,0xd3e,0xd42,0xd41,0x300f7,
0xd44,0x0,0x400fa,0xd43,0xd45,0xd44,0x200f8,0xd45,
0x50051,0x49,0xd46,0xc07,0x1,0x500ae,0x5a,0xd47,
0xd46,0xa9,0x200f9,0xd44,0x200f8,0xd44,0x700f5,0x5a,
0xd48,0x5b,0xd40,0xd47,0xd45,0x300f7,0xd49,0x0,
0x400fa,0xd48,0xd4a,0xd49,0x200f8,0xd4a,0x50051,0x49,
0xd4b,0xc07,0x1,0x500b0,0x5a,0xd4c,0xd4b,0xed,
0x200f9,0xd49,0x200f8,0xd49,0x700f5,0x5a,0xd4d,0x5b,
0xd44,0xd4c,0xd4a,0x200f9,0xd3d,0x200f8,0xd3d,0x700f5,
0x5a,0xd4e,0x88,0xd37,0xd4d,0xd49,0x400a8,0x5a,
0xd4f,0xd4e,0x300f7,0xd50,0x0,0x400fa,0xd4f,0xd51,
0xd50,0x200f8,0xd51,0x500ae,0x5a,0xd52,0xd2c,0xee,
0x300f7,0xd53,0x0,0x400fa,0xd52,0xd54,0xd53,0x200f8,
0xd54,0x500b0,0x5a,0xd55,0xd2c,0xef,0x200f9,0xd53,
0x200f8,0xd53,0x700f5,0x5a,0xd56,0x5b,0xd51,0xd55,
0xd54,0x300f7,0xd57,0x0,0x400fa,0xd56,0xd58,0xd57,
0x200f8,0xd58,0x50051,0x49,0xd59,0xc07,0x1,0x500ae,
0x5a,0xd5a,0xd59,0xe8,0x200f9,0xd57,0x200f8,0xd57,
0x700f5,0x5a,0xd5b,0x5b,0xd53,0xd5a,0xd58,0x300f7,
0xd5c,0x0,0x400fa,0xd5b,0xd5d,0xd5c,0x200f8,0xd5d,
0x50051,0x49,0xd5e,0xc07,0x1,0x500b0,0x5a,0xd5f,
0xd5e,0xee,0x200f9,0xd5c,0x200f8,0xd5c,0x700f5,0x5a,
0xd60,0x5b,0xd57,0xd5f,0xd5d,0x200f9,0xd50,0x200f8,
0xd50,0x700f5,0x5a,0xd61,0x88,0xd3d,0xd60,0xd5c,
0x400a8,0x5a,0xd62,0xd61,0x300f7,0xd63,0x0,0x400fa,
0xd62,0xd64,0xd63,0x200f8,0xd64,0x500ae,0x5a,0xd65,
0xd2c,0xe6,0x300f7,0xd66,0x0,0x400fa,0xd65,0xd67,
0xd66,0x200f8,0xd67,0x500b0,0x5a,0xd68,0xd2c,0xd4,
0x200f9,0xd66,0x200f8,0xd66,0x700f5,0x5a,0xd69,0x5b,
0xd64,0xd68,0xd67,0x300f7,0xd6a,0x0,0x400fa,0xd69,
0xd6b,0xd6a,0x200f8,0xd6b,0x50051,0x49,0xd6c,0xc07,
0x1,0x500ae,0x5a,0xd6d,0xd6c,0xf0,0x200f9,0xd6a,
0x200f8,0xd6a,0x700f5,0x5a,0xd6e,0x5b,0xd66,0xd6d,
0xd6b,0x300f7,0xd6f,0x0,0x400fa,0xd6e,0xd70,0xd6f,
0x200f8,0xd70,0x50051,0x49,0xd71,0xc07,0x1,0x500b0,
0x5a,0xd72,0xd71,0xee,0x200f9,0xd6f,0x200f8,0xd6f,
0x700f5,0x5a,0xd73,0x5b,0xd6a,0xd72,0xd70,0x200f9,
0xd63,0x200f8,0xd63,0x700f5,0x5a,0xd74,0x88,0xd50,
0xd73,0xd6f,0x400a8,0x5a,0xd75,0xd74,0x300f7,0xd76,
0x0,0x400fa,0xd75,0xd77,0xd76,0x200f8,0xd77,0x500ae,
0x5a,0xd78,0xd2c,0xf1,0x300f7,0xd79,0x0,0x400fa,
0xd78,0xd7a,0xd79,0x200f8,0xd7a,0x500b0,0x5a,0xd7b,
0xd2c,0xbf,0x200f9,0xd79,0x200f8,0xd79,0x700f5,0x5a,
0xd7c,0x5b,0xd77,0xd7b,0xd7a,0x300f7,0xd7d,0x0,
0x400fa,0xd7c,0xd7e,0xd7d,0x200f8,0xd7e,0x50051,0x49,
0xd7f,0xc07,0x1,0x500ae,0x5a,0xd80,0xd7f,0xee,
0x200f9,0xd7d,0x200f8,0xd7d,0x700f5,0x5a,0xd81,0x5b,
0xd79,0xd80,0xd7e,0x300f7,0xd82,0x0,0x400fa,0xd81,
0xd83,0xd82,0x200f8,0xd83,0x50051,0x49,0xd84,0xc07,
0x1,0x500b0,0x5a,0xd85,0xd84,0xf2,0x200f9,0xd82,
0x200f8,0xd82,0x700f5,0x5a,0xd86,0x5b,0xd7d,0xd85,
0xd83,0x200f9,0xd76,0x200f8,0xd76,0x700f5,0x5a,0xd87,
0x88,0xd63,0xd86,0xd82,0x400a8,0x5a,0xd88,0xd87,
0x300f7,0xd89,0x0,0x400fa,0xd88,0xd8a,0xd89,0x200f8,
0xd8a,0x500ae,0x5a,0xd8b,0xd2c,0xf3,0x300f7,0xd8c,
0x0,0x400fa,0xd8b,0xd8d,0xd8c,0x200f8,0xd8d,0x500b0,
0x5a,0xd8e,0xd2c,0xf4,0x200f9,0xd8c,0x200f8,0xd8c,
0x700f5,0x5a,0xd8f,0x5b,0xd8a,0xd8e,0xd8d,0x300f7,
0xd90,0x0,0x400fa,0xd8f,0xd91,0xd90,0x200f8,0xd91,
0x50051,0x49,0xd92,0xc07,0x1,0x500ae,0x5a,0xd93,
0xd92,0x85,0x200f9,0xd90,0x200f8,0xd90,0x700f5,0x5a,
0xd94,0x5b,0xd8c,0xd93,0xd91,0x300f7,0xd95,0x0,
0x400fa,0xd94,0xd96,0xd95,0x200f8,0xd96,0x50051,0x49,
0xd97,0xc07,0x1,0x500b0,0x5a,0xd98,0xd97,0xf5,
0x200f9,0xd95,0x200f8,0xd95,0x700f5,0x5a,0xd99,0x5b,
0xd90,0xd98,0xd96,0x200f9,0xd89,0x200f8,0xd89,0x700f5,
0x5a,0xd9a,0x88,0xd76,0xd99,0xd95,0x400a8,0x5a,
0xd9b,0xd9a,0x300f7,0xd9c,0x0,0x400fa,0xd9b,0xd9d,
0xd9c,0x200f8,0xd9d,0x500ae,0x5a,0xd9e,0xd2c,0xf6,
0x300f7,0xd9f,0x0,0x400fa,0xd9e,0xda0,0xd9f,0x200f8,
0xda0,0x500b0,0x5a,0xda1,0xd2c,0xf7,0x200f9,0xd9f,
0x200f8,0xd9f,0x700f5,0x5a,0xda2,0x5b,0xd9d,0xda1,
0xda0,0x300f7,0xda3,0x0,0x400fa,0xda2,0xda4,0xda3,
0x200f8,0xda4,0x50051,0x49,0xda5,0xc07,0x1,0x500ae,
0x5a,0xda6,0xda5,0xf8,0x200f9,0xda3,0x200f8,0xda3,
0x700f5,0x5a,0xda7,0x5b,0xd9f,0xda6,0xda4,0x300f7,
0xda8,0x0,0x400fa,0xda7,0xda9,0xda8,0x200f8,0xda9,
0x50051,0x49,0xdaa,0xc07,0x1,0x500b0,0x5a,0xdab,
0xdaa,0xf2,0x200f9,0xda8,0x200f8,0xda8,0x700f5,0x5a,
0xdac,0x5b,0xda3,0xdab,0xda9,0x200f9,0xd9c,0x200f8,
0xd9c,0x700f5,0x5a,0xdad,0x88,0xd89,0xdac,0xda8,
0x400a8,0x5a,0xdae,0xdad,0x300f7,0xdaf,0x0,0x400fa,
0xdae,0xdb0,0xdaf,0x200f8,0xdb0,0x500ae,0x5a,0xdb1,
0xd2c,0xf7,0x300f7,0xdb2,0x0,0x400fa,0xdb1,0xdb3,
0xdb2,0x200f8,0xdb3,0x500b0,0x5a,0xdb4,0xd2c,0xf9,
0x200f9,0xdb2,0x200f8,0xdb2,0x700f5,0x5a,0xdb5,0x5b,
0xdb0,0xdb4,0xdb3,0x300f7,0xdb6,0x0,0x400fa,0xdb5,
0xdb7,0xdb6,0x200f8,0xdb7,0x50051,0x49,0xdb8,0xc07,
0x1,0x500ae,0x5a,0xdb9,0xdb8,0xfa,0x200f9,0xdb6,
0x200f8,0xdb6,0x700f5,0x5a,0xdba,0x5b,0xdb2,0xdb9,
0xdb7,0x300f7,0xdbb,0x0,0x400fa,0xdba,0xdbc,0xdbb,
0x200f8,0xdbc,0x50051,0x49,0xdbd,0xc07,0x1,0x500b0,
0x5a,0xdbe,0xdbd,0xfb,0x200f9,0xdbb,0x200f8,0xdbb,
0x700f5,0x5a,0xdbf,0x5b,0xdb6,0xdbe,0xdbc,0x200f9,
0xdaf,0x200f8,0xdaf,0x700f5,0x5a,0xdc0,0x88,0xd9c,
0xdbf,0xdbb,0x400a8,0x5a,0xdc1,0xdc0,0x300f7,0xdc2,
0x0,0x400fa,0xdc1,0xdc3,0xdc2,0x200f8,0xdc3,0x500ae,
0x5a,0xdc4,0xd2c,0xfc,0x300f7,0xdc5,0x0,0x400fa,
0xdc4,0xdc6,0xdc5,0x200f8,0xdc6,0x500b0,0x5a,0xdc7,
0xd2c,0xfd,0x200f9,0xdc5,0x200f8,0xdc5,0x700f5,0x5a,
0xdc8,0x5b,0xdc3,0xdc7,0xdc6,0x300f7,0xdc9,0x0,
0x400fa,0xdc8,0xdca,0xdc9,0x200f8,0xdca,0x50051,0x49,
0xdcb,0xc07,0x1,0x500ae,0x5a,0xdcc,0xdcb,0xfe,
0x200f9,0xdc9,0x200f8,0xdc9,0x700f5,0x5a,0xdcd,0x5b,
0xdc5,0xdcc,0xdca,0x300f7,0xdce,0x0,0x400fa,0xdcd,
0xdcf,0xdce,0x200f8,0xdcf,0x50051,0x49,0xdd0,0xc07,
0x1,0x500b0,0x5a,0xdd1,0xdd0,0xf3,0x200f9,0xdce,
0x200f8,0xdce,0x700f5,0x5a,0xdd2,0x5b,0xdc9,0xdd1,
0xdcf,0x200f9,0xdc2,0x200f8,0xdc2,0x700f5,0x5a,0xdd3,
0x88,0xdaf,0xdd2,0xdce,0x400a8,0x5a,0xdd4,0xdd3,
0x300f7,0xdd5,0x0,0x400fa,0xdd4,0xdd6,0xdd5,0x200f8,
0xdd6,0x500ae,0x5a,0xdd7,0xd2c,0xff,0x300f7,0xdd8,
0x0,0x400fa,0xdd7,0xdd9,0xdd8,0x200f8,0xdd9,0x500b0,
0x5a,0xdda,0xd2c,0xd8,0x200f9,0xdd8,0x200f8,0xdd8,
0x700f5,0x5a,0xddb,0x5b,0xdd6,0xdda,0xdd9,0x300f7,
0xddc,0x0,0x400fa,0xddb,0xddd,0xddc,0x200f8,0xddd,
0x50051,0x49,0xdde,0xc07,0x1,0x500ae,0x5a,0xddf,
0xdde,0xfc,0x200f9,0xddc,0x200f8,0xddc,0x700f5,0x5a,
0xde0,0x5b,0xdd8,0xddf,0xddd,0x300f7,0xde1,0x0,
0x400fa,0xde0,0xde2,0xde1,0x200f8,0xde2,0x50051,0x49,
0xde3,0xc07,0x1,0x500b0,0x5a,0xde4,0xde3,0x100,
0x200f9,0xde1,0x200f8,0xde1,0x700f5,0x5a,0xde5,0x5b,
0xddc,0xde4,0xde2,0x200f9,0xdd5,0x200f8,0xdd5,0x700f5,
0x5a,0xde6,0x88,0xdc2,0xde5,0xde1,0x400a8,0x5a,
0xde7,0xde6,0x300f7,0xde8,0x0,0x400fa,0xde7,0xde9,
0xde8,0x200f8,0xde9,0x500ae,0x5a,0xdea,0xd2c,0x101,
0x300f7,0xdeb,0x0,0x400fa,0xdea,0xdec,0xdeb,0x200f8,
0xdec,0x500b0,0x5a,0xded,0xd2c,0xfa,0x200f9,0xdeb,
0x200f8,0xdeb,0x700f5,0x5a,0xdee,0x5b,0xde9,0xded,
0xdec,0x300f7,0xdef,0x0,0x400fa,0xdee,0xdf0,0xdef,
0x200f8,0xdf0,0x50051,0x49,0xdf1,0xc07,0x1,0x500ae,
0x5a,0xdf2,0xdf1,0xf3,0x200f9,0xdef,0x200f8,0xdef,
0x700f5,0x5a,0xdf3,0x5b,0xdeb,0xdf2,0xdf0,0x300f7,
0xdf4,0x0,0x400fa,0xdf3,0xdf5,0xdf4,0x200f8,0xdf5,
0x50051,0x49,0xdf6,0xc07,0x1,0x500b0,0x5a,0xdf7,
0xdf6,0xf4,0x200f9,0xdf4,0x200f8,0xdf4,0x700f5,0x5a,
0xdf8,0x5b,0xdef,0xdf7,0xdf5,0x200f9,0xde8,0x200f8,
0xde8,0x700f5,0x5a,0xdf9,0x88,0xdd5,0xdf8,0xdf4,
0x400a8,0x5a,0xdfa,0xdf9,0x300f7,0xdfb,0x0,0x400fa,
0xdfa,0xdfc,0xdfb,0x200f8,0xdfc,0x500ae,0x5a,0xdfd,
0xd2c,0xdb,0x300f7,0xdfe,0x0,0x400fa,0xdfd,0xdff,
0xdfe,0x200f8,0xdff,0x500b0,0x5a,0xe00,0xd2c,0x102,
0x200f9,0xdfe,0x200f8,0xdfe,0x700f5,0x5a,0xe01,0x5b,
0xdfc,0xe00,0xdff,0x300f7,0xe02,0x0,0x400fa,0xe01,
0xe03,0xe02,0x200f8,0xe03,0x50051,0x49,0xe04,0xc07,
0x1,0x500ae,0x5a,0xe05,0xe04,0xf4,0x200f9,0xe02,
0x200f8,0xe02,0x700f5,0x5a,0xe06,0x5b,0xdfe,0xe05,
0xe03,0x300f7,0xe07,0x0,0x400fa,0xe06,0xe08,0xe07,
0x200f8,0xe08,0x50051,0x49,0xe09,0xc07,0x1,0x500b0,
0x5a,0xe0a,0xe09,0xdb,0x200f9,0xe07,0x200f8,0xe07,
0x700f5,0x5a,0xe0b,0x5b,0xe02,0xe0a,0xe08,0x200f9,
0xdfb,0x200f8,0xdfb,0x700f5,0x5a,0xe0c,0x88,0xde8,
0xe0b,0xe07,0x400a8,0x5a,0xe0d,0xe0c,0x300f7,0xe0e,
0x0,0x400fa,0xe0d,0xe0f,0xe0e,0x200f8,0xe0f,0x500ae,
0x5a,0xe10,0xd2c,0xeb,0x300f7,0xe11,0x0,0x400fa,
0xe10,0xe12,0xe11,0x200f8,0xe12,0x500b0,0x5a,0xe13,
0xd2c,0x85,0x200f9,0xe11,0x200f8,0xe11,0x700f5,0x5a,
0xe14,0x5b,0xe0f,0xe13,0xe12,0x300f7,0xe15,0x0,
0x400fa,0xe14,0xe16,0xe15,0x200f8,0xe16,0x50051,0x49,
0xe17,0xc07,0x1,0x500ae,0x5a,0xe18,0xe17,0xe6,
0x200f9,0xe15,0x200f8,0xe15,0x700f5,0x5a,0xe19,0x5b,
0xe11,0xe18,0xe16,0x300f7,0xe1a,0x0,0x400fa,0xe19,
0xe1b,0xe1a,0x200f8,0xe1b,0x50051,0x49,0xe1c,0xc07,
0x1,0x500b0,0x5a,0xe1d,0xe1c,0xd4,0x200f9,0xe1a,
0x200f8,0xe1a,0x700f5,0x5a,0xe1e,0x5b,0xe15,0xe1d,
0xe1b,0x200f9,0xe0e,0x200f8,0xe0e,0x700f5,0x5a,0xe1f,
0x88,0xdfb,0xe1e,0xe1a,0x400a8,0x5a,0xe20,0xe1f,
0x300f7,0xe21,0x0,0x400fa,0xe20,0xe22,0xe21,0x200f8,
0xe22,0x500ae,0x5a,0xe23,0xd2c,0x84,0x300f7,0xe24,
0x0,0x400fa,0xe23,0xe25,0xe24,0x200f8,0xe25,0x500b0,
0x5a,0xe26,0xd2c,0xed,0x200f9,0xe24,0x200f8,0xe24,
0x700f5,0x5a,0xe27,0x5b,0xe22,0xe26,0xe25,0x300f7,
0xe28,0x0,0x400fa,0xe27,0xe29,0xe28,0x200f8,0xe29,
0x50051,0x49,0xe2a,0xc07,0x1,0x500ae,0x5a,0xe2b,
0xe2a,0xf5,0x200f9,0xe28,0x200f8,0xe28,0x700f5,0x5a,
0xe2c,0x5b,0xe24,0xe2b,0xe29,0x300f7,0xe2d,0x0,
0x400fa,0xe2c,0xe2e,0xe2d,0x200f8,0xe2e,0x50051,0x49,
0xe2f,0xc07,0x1,0x500b0,0x5a,0xe30,0xe2f,0x101,
0x200f9,0xe2d,0x200f8,0xe2d,0x700f5,0x5a,0xe31,0x5b,
0xe28,0xe30,0xe2e,0x200f9,0xe21,0x200f8,0xe21,0x700f5,
0x5a,0xe32,0x88,0xe0e,0xe31,0xe2d,0x400a8,0x5a,
0xe33,0xe32,0x300f7,0xe34,0x0,0x400fa,0xe33,0xe35,
0xe34,0x200f8,0xe35,0x500ae,0x5a,0xe36,0xd2c,0xd9,
0x300f7,0xe37,0x0,0x400fa,0xe36,0xe38,0xe37,0x200f8,
0xe38,0x500b0,0x5a,0xe39,0xd2c,0x103,0x200f9,0xe37,
0x200f8,0xe37,0x700f5,0x5a,0xe3a,0x5b,0xe35,0xe39,
0xe38,0x300f7,0xe3b,0x0,0x400fa,0xe3a,0xe3c,0xe3b,
0x200f8,0xe3c,0x50051,0x49,0xe3d,0xc07,0x1,0x500ae,
0x5a,0xe3e,0xe3d,0x104,0x200f9,0xe3b,0x200f8,0xe3b,
0x700f5,0x5a,0xe3f,0x5b,0xe37,0xe3e,0xe3c,0x300f7,
0xe40,0x0,0x400fa,0xe3f,0xe41,0xe40,0x200f8,0xe41,
0x50051,0x49,0xe42,0xc07,0x1,0x500b0,0x5a,0xe43,
0xe42,0xbf,0x200f9,0xe40,0x200f8,0xe40,0x700f5,0x5a,
0xe44,0x5b,0xe3b,0xe43,0xe41,0x200f9,0xe34,0x200f8,
0xe34,0x700f5,0x5a,0xe45,0x88,0xe21,0xe44,0xe40,
0x400a8,0x5a,0xe46,0xe45,0x300f7,0xe47,0x0,0x400fa,
0xe46,0xe48,0xe47,0x200f8,0xe48,0x500ae,0x5a,0xe49,
0xd2c,0x105,0x300f7,0xe4a,0x0,0x400fa,0xe49,0xe4b,
0xe4a,0x200f8,0xe4b,0x500b0,0x5a,0xe4c,0xd2c,0xf2,
0x200f9,0xe4a,0x200f8,0xe4a,0x700f5,0x5a,0xe4d,0x5b,
0xe48,0xe4c,0xe4b,0x300f7,0xe4e,0x0,0x400fa,0xe4d,
0xe4f,0xe4e,0x200f8,0xe4f,0x50051,0x49,0xe50,0xc07,
0x1,0x500ae,0x5a,0xe51,0xe50,0xe3,0x200f9,0xe4e,
0x200f8,0xe4e,0x700f5,0x5a,0xe52,0x5b,0xe4a,0xe51,
0xe4f,0x300f7,0xe53,0x0,0x400fa,0xe52,0xe54,0xe53,
0x200f8,0xe54,0x50051,0x49,0xe55,0xc07,0x1,0x500b0,
0x5a,0xe56,0xe55,0x106,0x200f9,0xe53,0x200f8,0xe53,
0x700f5,0x5a,0xe57,0x5b,0xe4e,0xe56,0xe54,0x200f9,
0xe47,0x200f8,0xe47,0x700f5,0x5a,0xe58,0x88,0xe34,
0xe57,0xe53,0x4007c,0x47,0xe59,0xb24,0x500af,0x5a,
0xe5a,0xd2b,0x48,0x300f7,0xe5b,0x0,0x400fa,0xe5a,
0xe5c,0xe5b,0x200f8,0xe5c,0x500af,0x5a,0xe5d,0xd2b,
0xd22,0x200f9,0xe5b,0x200f8,0xe5b,0x700f5,0x5a,0xe5e,
0x88,0xe47,0xe5d,0xe5c,0x400a8,0x5a,0xe5f,0xe5e,
0x300f7,0xe60,0x0,0x400fa,0xe5f,0xe61,0xe60,0x200f8,
0xe61,0x50051,0x47,0xe62,0xaa4,0x1,0x500b1,0x5a,
0xe63,0xe62,0x48,0x200f9,0xe60,0x200f8,0xe60,0x700f5,
0x5a,0xe64,0x88,0xe5b,0xe63,0xe61,0x400a8,0x5a,
0xe65,0xe64,0x300f7,0xe66,0x0,0x400fa,0xe65,0xe67,
0xe66,0x200f8,0xe67,0x50051,0x47,0xe68,0xaa4,0x1,
0x500af,0x5a,0xe69,0xe68,0xe59,0x200f9,0xe66,0x200f8,
0xe66,0x700f5,0x5a,0xe6a,0x88,0xe60,0xe69,0xe67,
0x600a9,0x5a,0xe6b,0xe6a,0xe58,0x5b,0x600a9,0x49,
0xe6c,0xe6b,0x6c,0xd0a,0x200f9,0xd20,0x200f8,0xd20,
0x700f5,0x49,0xe6d,0xd0a,0xd0e,0xe6c,0xe66,0x4003d,
0x49,0xe6e,0x915,0x500c7,0x49,0xe6f,0xe6e,0x4a,
0x500ab,0x5a,0xe70,0xe6f,0x4c,0x300f7,0xe71,0x0,
0x400fa,0xe70,0xe72,0xe71,0x200f8,0xe72,0x50080,0x49,
0xe73,0x913,0x6b,0x50080,0x49,0xe74,0xe73,0xe6d,
0x60041,0x12a,0xe75,0x22,0x48,0xe74,0x4003d,0x49,
0xe76,0xe75,0x500c7,0x49,0xe77,0xe76,0x107,0x500aa,
0x5a,0xe78,0xe77,0x4c,0x200f9,0xe71,0x200f8,0xe71,
0x700f5,0x5a,0xe79,0x5b,0xd20,0xe78,0xe72,0x300f7,
0xe7a,0x0,0x400fa,0xe79,0xe7b,0xe7a,0x200f8,0xe7b,
0x200f9,0x93f,0x200f8,0xe7a,0x50080,0x49,0xe7c,0x913,
0x6b,0x50080,0x49,0xe7d,0xe7c,0xe6d,0x60041,0x12a,
0xe7e,0x22,0x48,0xe7d,0x4003d,0x49,0xe7f,0xe7e,
0x50080,0x49,0xe80,0x913,0x8e,0x60041,0x12a,0xe81,
0x22,0x48,0xe80,0x4003d,0x49,0xe82,0xe81,0x50082,
0x49,0xe83,0x6a,0xe82,0x500c7,0x49,0xe84,0xe7f,
0x6d,0x500c2,0x49,0xe85,0xe7f,0x64,0x500c7,0x49,
0xe86,0xe85,0x6d,0x500c2,0x49,0xe87,0xe7f,0x6b,
0x500c7,0x49,0xe88,0xe87,0x6d,0x60050,0x10f,0xe89,
0xe84,0xe86,0xe88,0x60050,0x10f,0xe8a,0xe83,0xe83,
0xe83,0x50084,0x10f,0xe8b,0xe89,0xe8a,0x50086,0x10f,
0xe8c,0xe8b,0x110,0x500c2,0x49,0xe8d,0xe7f,0x70,
0x40070,0x4f,0xe8e,0xe8d,0x50051,0x49,0xe8f,0xe8c,
0x0,0x50051,0x49,0xe90,0xe8c,0x1,0x50051,0x49,
0xe91,0xe8c,0x2,0x40070,0x4f,0xe92,0xe8f,0x40070,
0x4f,0xe93,0xe90,0x40070,0x4f,0xe94,0xe91,0x70050,
0x71,0xe95,0xe92,0xe93,0xe94,0xe8e,0x50085,0x71,
0xe96,0xe95,0x13f,0x500c7,0x49,0xe97,0x6e6,0x65,
0x500ab,0x5a,0xe98,0xe97,0x4c,0x300f7,0xe99,0x0,
0x400fa,0xe98,0xe9a,0xe99,0x200f8,0xe9a,0x8004f,0x67,
0xe9b,0xe96,0xe96,0x0,0x1,0x2,0x500bc,0x12c,
0xe9c,0xe9b,0x73,0x50085,0x67,0xe9d,0xe9b,0x141,
0x50081,0x67,0xe9e,0xe9b,0x75,0x50085,0x67,0xe9f,
0xe9e,0x143,0x7000c,0x67,0xea0,0x1,0x1a,0xe9f,
0x77,0x600a9,0x67,0xea1,0xe9c,0xe9d,0xea0,0x9004f,
0x71,0xea2,0xe96,0xea1,0x4,0x5,0x6,0x3,
0x200f9,0xe99,0x200f8,0xe99,0x700f5,0x71,0xea3,0xe96,
0xe7a,0xea2,0xe9a,0x200f9,0x93f,0x200f8,0x93f,0x1700f5,
0x71,0xea4,0xcc,0x97d,0x9b4,0x9aa,0xcc,0xab8,
0xcc,0xacd,0xcc,0xaf1,0xb18,0xb0e,0xcc,0xc4d,
0xcc,0xca9,0xcc,0xe7b,0xea3,0xe99,0x50051,0x4f,
0xea5,0xea4,0x3,0x500b6,0x5a,0xea6,0xea5,0x54,
0x300f7,0xea7,0x0,0x400fa,0xea6,0xea8,0xea7,0x200f8,
0xea8,0x8004f,0x67,0xea9,0xea4,0xea4,0x0,0x1,
0x2,0x7000c,0x67,0xeaa,0x1,0x4f,0x92b,0xea9,
0x7000c,0x67,0xeab,0x1,0x50,0x92e,0xea9,0x200f9,
0xea7,0x200f8,0xea7,0x700f5,0x67,0x92c,0x92b,0x93f,
0xeaa,0xea8,0x700f5,0x67,0x92f,0x92e,0x93f,0xeab,
0xea8,0x200f9,0x92d,0x200f8,0x92d,0x50080,0x49,0x931,
0x930,0x4a,0x200f9,0x92a,0x200f8,0x933,0x200f9,0x919,
0x200f8,0x919,0x700f5,0x67,0xeac,0xc5,0x912,0x92b,
0x933,0x700f5,0x67,0xead,0x86,0x912,0x92e,0x933,
0x4003d,0x49,0xeae,0x915,0x500c7,0x49,0xeaf,0xeae,
0x84,0x500ab,0x5a,0xeb0,0xeaf,0x4c,0x300f7,0xeb1,
0x0,0x400fa,0xeb0,0xeb2,0xeb1,0x200f8,0xeb2,0x50090,
0x71,0xeb3,0xbc,0x87a,0x8004f,0x67,0xeb4,0xeb3,
0xeb3,0x0,0x1,0x2,0x6000c,0x4f,0xeb5,0x1,
0x42,0xeb4,0x50051,0x4f,0xeb6,0x8ae,0x1,0x50085,
0x4f,0xeb7,0xeb6,0xeb5,0x60052,0x67,0xeb8,0xeb7,
0x8ae,0x1,0x200f9,0xeb1,0x200f8,0xeb1,0x700f5,0x67,
0xeb9,0x8ae,0x919,0xeb8,0xeb2,0x50080,0x49,0xeba,
0x913,0x83,0x60041,0x12a,0xebb,0x22,0x48,0xeba,
0x4003d,0x49,0xebc,0xebb,0x500aa,0x5a,0xebd,0xebc,
0x65,0x300f7,0xebe,0x0,0x400fa,0xebd,0xebf,0xebe,
0x200f8,0xebf,0x300f7,0xec0,0x0,0x300fb,0x4c,0xec1,
0x200f8,0xec1,0x200f9,0xec2,0x200f8,0xec2,0x700f5,0x47,
0xec3,0x48,0xec1,0xec4,0xec5,0x700f5,0x47,0xec6,
0x48,0xec1,0xec7,0xec5,0x700f5,0x4f,0xec8,0x54,
0xec1,0xec9,0xec5,0x700f5,0x4f,0xeca,0x54,0xec1,
0xecb,0xec5,0x700f5,0x4f,0xecc,0x54,0xec1,0xecd,
0xec5,0x700f5,0x4f,0xece,0x54,0xec1,0xecf,0xec5,
0x700f5,0x4f,0xed0,0x54,0xec1,0xed1,0xec5,0x700f5,
0x47,0xed2,0x48,0xec1,0xed3,0xec5,0x500b1,0x5a,
0xed4,0xed2,0xc8,0x400f6,0xed5,0xec5,0x0,0x400fa,
0xed4,0xed6,0xed5,0x200f8,0xed6,0x4007c,0x49,0xed7,
0xed2,0x50080,0x49,0xed8,0x109,0xed7,0x50084,0x49,
0xed9,0xed8,0x65,0x500c7,0x49,0xeda,0xed9,0xbd,
0x50080,0x49,0xedb,0x913,0x4d,0x500c2,0x49,0xedc,
0xeda,0x65,0x50080,0x49,0xedd,0xedb,0xedc,0x60041,
0x12a,0xede,0x22,0x48,0xedd,0x4003d,0x49,0xedf,
0xede,0x500c7,0x49,0xee0,0xed9,0x57,0x50084,0x49,
0xee1,0xee0,0x64,0x500c7,0x49,0xee2,0xee1,0x6f,
0x500c2,0x49,0xee3,0xedf,0xee2,0x500c7,0x49,0xee4,
0xee3,0x6d,0x50080,0x49,0xee5,0xed9,0x4a,0x500c7,
0x49,0xee6,0xee5,0xbd,0x500c2,0x49,0xee7,0xee6,
0x65,0x50080,0x49,0xee8,0xedb,0xee7,0x60041,0x12a,
0xee9,0x22,0x48,0xee8,0x4003d,0x49,0xeea,0xee9,
0x500c7,0x49,0xeeb,0xee5,0x57,0x50084,0x49,0xeec,
0xeeb,0x64,0x500c7,0x49,0xeed,0xeec,0x6f,0x500c2,
0x49,0xeee,0xeea,0xeed,0x500c7,0x49,0xeef,0xeee,
0x6d,0x500c4,0x49,0xef0,0xeef,0x64,0x500c5,0x49,
0xef1,0xee4,0xef0,0x500c7,0x49,0xef2,0xef1,0x4e,
0x500aa,0x5a,0xef3,0xef2,0x4c,0x300f7,0xef4,0x0,
0x400fa,0xef3,0xef5,0xef4,0x200f8,0xef5,0x200f9,0xec5,
0x200f8,0xef4,0x500c7,0x49,0xef6,0xef1,0x10a,0x4007c,
0x47,0xef7,0xef6,0x50082,0x47,0xef8,0xef7,0xec6,
0x500c7,0x47,0xef9,0xef8,0x10b,0x500ad,0x5a,0xefa,
0xef9,0x10c,0x300f7,0xefb,0x0,0x400fa,0xefa,0xefc,
0xefb,0x200f8,0xefc,0x50082,0x47,0xefd,0xef9,0x10d,
0x200f9,0xefb,0x200f8,0xefb,0x700f5,0x47,0xefe,0xef9,
0xef4,0xefd,0xefc,0x500b4,0x5a,0xeff,0xed0,0x54,
0x300f7,0xf00,0x0,0x400fa,0xeff,0xf01,0xf02,0x200f8,
0xf02,0x50080,0x47,0xf03,0xec3,0xefe,0x200f9,0xf00,
0x200f8,0xf01,0x200f9,0xf00,0x200f8,0xf00,0x700f5,0x47,
0xf04,0xef7,0xf01,0xf03,0xf02,0x50080,0x47,0xf05,
0xed2,0x51,0x4006f,0x4f,0xf06,0xf05,0x4006f,0x4f,
0xf07,0xf04,0x50081,0x4f,0xf08,0xed0,0x61,0x50081,
0x4f,0xf09,0xecc,0xf06,0x50081,0x4f,0xf0a,0xec8,
0xf07,0x50085,0x4f,0xf0b,0xf06,0xf06,0x50081,0x4f,
0xf0c,0xece,0xf0b,0x50085,0x4f,0xf0d,0xf06,0xf07,
0x50081,0x4f,0xf0e,0xeca,0xf0d,0x200f9,0xec5,0x200f8,
0xec5,0x700f5,0x47,0xec4,0xec3,0xef5,0xf04,0xf00,
0x700f5,0x47,0xec7,0xec6,0xef5,0xef7,0xf00,0x700f5,
0x4f,0xec9,0xec8,0xef5,0xf0a,0xf00,0x700f5,0x4f,
0xecb,0xeca,0xef5,0xf0e,0xf00,0x700f5,0x4f,0xecd,
0xecc,0xef5,0xf09,0xf00,0x700f5,0x4f,0xecf,0xece,
0xef5,0xf0c,0xf00,0x700f5,0x4f,0xed1,0xed0,0xef5,
0xf08,0xf00,0x50080,0x47,0xed3,0xed2,0x51,0x200f9,
0xec2,0x200f8,0xed5,0x500b4,0x5a,0xf0f,0xed0,0x54,
0x300f7,0xf10,0x0,0x400fa,0xf0f,0xf11,0xf10,0x200f8,
0xf11,0x200f9,0xec0,0x200f8,0xf10,0x50085,0x4f,0xf12,
0xed0,0xece,0x50085,0x4f,0xf13,0xecc,0xecc,0x50083,
0x4f,0xf14,0xf12,0xf13,0x500ba,0x5a,0xf15,0xed0,
0x61,0x300f7,0xf16,0x0,0x400fa,0xf15,0xf17,0xf16,
0x200f8,0xf17,0x500b6,0x5a,0xf18,0xf14,0x54,0x200f9,
0xf16,0x200f8,0xf16,0x700f5,0x5a,0xf19,0x5b,0xf10,
0xf18,0xf17,0x300f7,0xf1a,0x0,0x400fa,0xf19,0xf1b,
0xf1c,0x200f8,0xf1c,0x200f9,0xf1a,0x200f8,0xf1b,0x50085,
0x4f,0xf1d,0xed0,0xeca,0x50085,0x4f,0xf1e,0xecc,
0xec8,0x50083,0x4f,0xf1f,0xf1d,0xf1e,0x50088,0x4f,
0xf20,0xf1f,0xf14,0x200f9,0xf1a,0x200f8,0xf1a,0x700f5,
0x4f,0xf21,0xf20,0xf1b,0x54,0xf1c,0x50085,0x4f,
0xf22,0xf21,0xecc,0x50083,0x4f,0xf23,0xec8,0xf22,
0x50088,0x4f,0xf24,0xf23,0xed0,0x60050,0x67,0xf25,
0xf24,0xf21,0x61,0x200f9,0xec0,0x200f8,0xec0,0x700f5,
0x67,0xf26,0x86,0xf11,0xf25,0xf1a,0x200f9,0xebe,
0x200f8,0xebe,0x700f5,0x67,0xf27,0x86,0xeb1,0xf26,
0xec0,0x50080,0x49,0xf28,0x913,0x6c,0x60041,0x12a,
0xf29,0x22,0x48,0xf28,0x4003d,0x49,0xf2a,0xf29,
0x500aa,0x5a,0xf2b,0xf2a,0x4c,0x300f7,0xf2c,0x0,
0x400fa,0xf2b,0xf2d,0xf2c,0x200f8,0xf2d,0x4003d,0x49,
0xf2e,0x915,0x500c2,0x49,0xf2f,0xf2e,0x64,0x500c7,
0x49,0xf30,0xf2f,0xbd,0x500ab,0x5a,0xf31,0xf30,
0x4c,0x200f9,0xf2c,0x200f8,0xf2c,0x700f5,0x5a,0xf32,
0x88,0xebe,0xf31,0xf2d,0x300f7,0xf33,0x0,0x400fa,
0xf32,0xf34,0xf33,0x200f8,0xf34,0x200f9,0xf35,0x200f8,
0xf35,0x700f5,0x49,0xf36,0xbe,0xf34,0xf37,0xf38,
0x700f5,0x49,0xf39,0x4c,0xf34,0xf3a,0xf38,0x700f5,
0x49,0xf3b,0x4c,0xf34,0xf3c,0xf38,0x500b0,0x5a,
0xf3d,0xf39,0xbf,0x400f6,0xf3e,0xf38,0x0,0x400fa,
0xf3d,0xf3f,0xf3e,0x200f8,0xf3f,0x50080,0x49,0xf40,
0x913,0x6b,0x50080,0x49,0xf41,0xf40,0xf39,0x60041,
0x12a,0xf42,0x22,0x48,0xf41,0x4003d,0x49,0xf43,
0xf42,0x500c7,0x49,0xf44,0xf43,0x6d,0x500c2,0x49,
0xf45,0xf44,0x57,0x50084,0x49,0xf46,0xc0,0xf45,
0x500c2,0x49,0xf47,0xf43,0x64,0x500c7,0x49,0xf48,
0xf47,0x6d,0x500c2,0x49,0xf49,0xf48,0x57,0x50084,
0x49,0xf4a,0xc1,0xf49,0x50080,0x49,0xf4b,0xf46,
0xf4a,0x500c2,0x49,0xf4c,0xf43,0x6b,0x500c7,0x49,
0xf4d,0xf4c,0x6d,0x500c2,0x49,0xf4e,0xf4d,0x57,
0x50084,0x49,0xf4f,0xb8,0xf4e,0x50080,0x49,0xf50,
0xf4b,0xf4f,0x500b0,0x5a,0xf51,0xf50,0xf36,0x600a9,
0x49,0xf37,0xf51,0xf50,0xf36,0x600a9,0x49,0xf3c,
0xf51,0xf39,0xf3b,0x500aa,0x5a,0xf52,0xf50,0x4c,
0x300f7,0xf53,0x0,0x400fa,0xf52,0xf54,0xf53,0x200f8,
0xf54,0x200f9,0xf3e,0x200f8,0xf53,0x200f9,0xf38,0x200f8,
0xf38,0x50080,0x49,0xf3a,0xf39,0x4a,0x200f9,0xf35,
0x200f8,0xf3e,0x700f5,0x49,0xf55,0xf3b,0xf35,0xf3c,
0xf54,0x200f9,0xf33,0x200f8,0xf33,0x700f5,0x49,0xf56,
0x4c,0xf2c,0xf55,0xf3e,0x200f9,0x911,0x200f8,0x911,
0x700f5,0x67,0xf57,0x86,0x8df,0xf27,0xf33,0x700f5,
0x49,0xf58,0x4c,0x8df,0xf56,0xf33,0x700f5,0x67,
0xf59,0x8ae,0x8df,0xeb9,0xf33,0x700f5,0x67,0xf5a,
0xc5,0x8df,0xeac,0xf33,0x700f5,0x67,0xf5b,0x86,
0x8df,0xead,0xf33,0x3003e,0x12,0x8a3,0x3003e,0x13,
0x6e1,0x3003e,0x14,0x6e2,0x3003e,0x15,0x625,0x3003e,
0x16,0x90e,0x3003e,0x17,0x6e3,0x3003e,0x18,0x6e5,
0x3003e,0x19,0xf57,0x3003e,0x1a,0xf58,0x3003e,0x1b,
0x6e3,0x3003e,0x1c,0xf59,0x3003e,0x1d,0xf5a,0x3003e,
0x1e,0xf5b,0x100fd,0x10038
};
inline constexpr std::uint32_t fragment[]={
0x7230203,0x10000,0xe0000,0x1b0,0x0,0x20011,0x1,0x6000b,
0x1,0x4c534c47,0x6474732e,0x3035342e,0x0,0x3000e,0x0,0x1,
0xf000f,0x4,0x2,0x67617266,0x746e656d,0x69616d5f,0x6e,0x3,
0x4,0x5,0x6,0x7,0x8,0x9,0xa,0x30010,
0x2,0x7,0x30003,0x5,0x258,0x90005,0xb,0x65707974,
0x6e6f432e,0x6e617473,0x66754274,0x2e726566,0x656d6143,0x6172,0x60006,0xb,
0x0,0x77656976,0x776f725f,0x73,0x60006,0xb,0x1,0x6a6f7270,
0x69746365,0x6e6f,0x50006,0xb,0x2,0x65666665,0x737463,0x40005,
0xc,0x656d6163,0x6172,0x60005,0x4,0x762e6e69,0x432e7261,0x524f4c4f,
0x30,0x60005,0x5,0x762e6e69,0x432e7261,0x524f4c4f,0x31,0x70005,
0x6,0x762e6e69,0x542e7261,0x4f435845,0x3044524f,0x0,0x70005,0x7,
0x762e6e69,0x542e7261,0x4f435845,0x3144524f,0x0,0x70005,0x8,0x762e6e69,
0x542e7261,0x4f435845,0x3344524f,0x0,0x70005,0x9,0x762e6e69,0x542e7261,
0x4f435845,0x3644524f,0x0,0x70005,0xa,0x2e74756f,0x2e726176,0x545f5653,
0x65677261,0x3074,0x60005,0x2,0x67617266,0x746e656d,0x69616d5f,0x6e,
0x40047,0x3,0xb,0xf,0x30047,0x4,0xe,0x30047,
0x5,0xe,0x30047,0x6,0xe,0x30047,0x7,0xe,
0x30047,0x8,0xe,0x40047,0x4,0x1e,0x0,0x40047,
0x5,0x1e,0x1,0x40047,0x6,0x1e,0x2,0x40047,
0x7,0x1e,0x3,0x40047,0x8,0x1e,0x5,0x40047,
0x9,0x1e,0x8,0x40047,0xa,0x1e,0x0,0x40047,
0xd,0x6,0x10,0x50048,0xb,0x0,0x23,0x0,
0x50048,0xb,0x1,0x23,0x30,0x50048,0xb,0x1,
0x7,0x10,0x40048,0xb,0x1,0x4,0x50048,0xb,
0x2,0x23,0x70,0x30047,0xb,0x2,0x40015,0xe,
0x20,0x1,0x40015,0xf,0x20,0x0,0x4002b,0xf,
0x10,0x0,0x4002b,0xf,0x11,0x1000,0x20014,0x12,
0x3002a,0x12,0x13,0x30016,0x14,0x20,0x4002b,0x14,
0x15,0x3f800000,0x4002b,0xe,0x16,0x0,0x4002b,0xe,
0x17,0x1,0x4002b,0xf,0x18,0x1,0x4002b,0xe,
0x19,0x2,0x30029,0x12,0x1a,0x4002b,0x14,0x1b,
0x429a0000,0x4002b,0x14,0x1c,0x43160000,0x4002b,0x14,0x1d,
0x41e80000,0x40017,0x1e,0x14,0x3,0x6002c,0x1e,0x1f,
0x1b,0x1c,0x1d,0x4002b,0x14,0x20,0x40800000,0x4002b,
0x14,0x21,0x3f000000,0x6002c,0x1e,0x22,0x21,0x21,
0x21,0x4002b,0xf,0x23,0x4,0x4002b,0xf,0x24,
0x8,0x4002b,0x14,0x25,0x42ca0000,0x4002b,0x14,0x26,
0x43450000,0x4002b,0x14,0x27,0x42400000,0x6002c,0x1e,0x28,
0x25,0x26,0x27,0x4002b,0x14,0x29,0x42b20000,0x4002b,
0x14,0x2a,0x43300000,0x4002b,0x14,0x2b,0x422c0000,0x6002c,
0x1e,0x2c,0x29,0x2a,0x2b,0x4002b,0x14,0x2d,
0x428c0000,0x4002b,0x14,0x2e,0x43090000,0x4002b,0x14,0x2f,
0x42080000,0x6002c,0x1e,0x30,0x2d,0x2e,0x2f,0x4002b,
0x14,0x31,0x0,0x6002c,0x1e,0x32,0x31,0x31,
0x31,0x6002c,0x1e,0x33,0x15,0x15,0x15,0x4002b,
0xf,0x34,0x9,0x4002b,0x14,0x35,0x41000000,0x4002b,
0x14,0x36,0x40a00000,0x4002b,0x14,0x37,0x42200000,0x6002c,
0x1e,0x38,0x35,0x36,0x37,0x4002b,0x14,0x39,
0x42820000,0x4002b,0x14,0x3a,0x41a00000,0x6002c,0x1e,0x3b,
0x39,0x3a,0x1c,0x4002b,0x14,0x3c,0x435c0000,0x4002b,
0x14,0x3d,0x41f00000,0x6002c,0x1e,0x3e,0x3c,0x3d,
0x2d,0x4002b,0x14,0x3f,0x437f0000,0x4002b,0x14,0x40,
0x41700000,0x6002c,0x1e,0x41,0x3f,0x1c,0x40,0x4002b,
0x14,0x42,0x43520000,0x6002c,0x1e,0x43,0x3f,0x3f,
0x42,0x4002b,0xf,0x44,0x3,0x4002b,0xf,0x45,
0xa,0x4002b,0x14,0x46,0x3dc0c0c1,0x4002b,0xf,0x47,
0xb,0x4002b,0x14,0x48,0x3ec0c0c1,0x6002c,0x1e,0x49,
0x48,0x48,0x48,0x4002b,0xf,0x4a,0xd,0x4002b,
0x14,0x4b,0x425c0000,0x4002b,0x14,0x4c,0x42c80000,0x6002c,
0x1e,0x4d,0x4b,0x35,0x4c,0x4002b,0x14,0x4e,
0x437a0000,0x4002b,0x14,0x4f,0x43750000,0x6002c,0x1e,0x50,
0x2d,0x4e,0x4f,0x4002b,0xf,0x51,0xe,0x4002b,
0xf,0x52,0xf,0x4002b,0x14,0x53,0x41c00000,0x6002c,
0x1e,0x54,0x35,0x53,0x39,0x4002b,0x14,0x55,
0x43600000,0x4002b,0x14,0x56,0x43760000,0x6002c,0x1e,0x57,
0x55,0x4e,0x56,0x4002b,0xf,0x58,0x10,0x4002b,
0x14,0x59,0x40400000,0x6002c,0x1e,0x5a,0x59,0x59,
0x59,0x4002b,0x14,0x5b,0x40000000,0x4002b,0x14,0x5c,
0x3f87ae14,0x4002b,0x14,0x5d,0x3f5eb852,0x6002c,0x1e,0x5e,
0x5c,0x15,0x5d,0x4002b,0x14,0x5f,0x3d0f5c29,0x4002b,
0x14,0x60,0x3c75c28f,0x4002b,0x14,0x61,0x3ccccccd,0x6002c,
0x1e,0x62,0x5f,0x60,0x61,0x4002b,0xf,0x63,
0x64,0x40017,0x64,0x14,0x4,0x4001c,0xd,0x64,
0x44,0x40018,0x65,0x64,0x4,0x40017,0x66,0xf,
0x4,0x5001e,0xb,0xd,0x65,0x66,0x40020,0x67,
0x9,0xb,0x40020,0x68,0x1,0x64,0x40020,0x69,
0x1,0xf,0x40017,0x6a,0x14,0x2,0x40020,0x6b,
0x1,0x6a,0x40020,0x6c,0x1,0x66,0x40020,0x6d,
0x3,0x64,0x20013,0x6e,0x30021,0x6f,0x6e,0x40017,
0x70,0xf,0x2,0x40020,0x71,0x7,0x1e,0x4002b,
0xf,0x72,0x5,0x4001c,0x73,0x1e,0x72,0x40020,
0x74,0x7,0x73,0x40020,0x75,0x9,0xf,0x4003b,
0x67,0xc,0x9,0x4003b,0x68,0x3,0x1,0x4003b,
0x68,0x4,0x1,0x4003b,0x68,0x5,0x1,0x4003b,
0x69,0x6,0x1,0x4003b,0x69,0x7,0x1,0x4003b,
0x6c,0x8,0x1,0x4003b,0x6b,0x9,0x1,0x4003b,
0x6d,0xa,0x3,0x8002c,0x73,0x76,0x38,0x3b,
0x3e,0x41,0x43,0x4002b,0x14,0x77,0x3b800000,0x4002b,
0x14,0x78,0x3b808081,0x6002c,0x1e,0x79,0x78,0x78,
0x78,0x4002b,0x14,0x7a,0x3e4ccccd,0x6002c,0x1e,0x7b,
0x7a,0x7a,0x7a,0x4002b,0x14,0x7c,0x3e000000,0x6002c,
0x1e,0x7d,0x7c,0x7c,0x7c,0x4002b,0x14,0x7e,
0x3a124925,0x4002b,0x14,0x7f,0x3b99999a,0x4002b,0x14,0x80,
0x3e800000,0x4002b,0x14,0x81,0x3a800000,0x4002b,0x14,0x82,
0x3c7f0000,0x6002c,0x1e,0x83,0x77,0x77,0x77,0x6002c,
0x1e,0x84,0x80,0x80,0x80,0x4002b,0x14,0x85,
0x3c23d70a,0x50036,0x6e,0x2,0x0,0x6f,0x200f8,0x86,
0x4003b,0x74,0x87,0x7,0x4003b,0x74,0x88,0x7,
0x4003d,0x64,0x89,0x3,0x4003d,0x64,0x8a,0x4,
0x4003d,0x64,0x8b,0x5,0x4003d,0xf,0x8c,0x6,
0x4003d,0xf,0x8d,0x7,0x4003d,0x66,0x8e,0x8,
0x4003d,0x6a,0x8f,0x9,0x300f7,0x90,0x0,0x300fb,
0x10,0x91,0x200f8,0x91,0x500aa,0x12,0x92,0x8d,
0x10,0x300f7,0x93,0x0,0x400fa,0x92,0x94,0x93,
0x200f8,0x94,0x100fc,0x200f8,0x93,0x50051,0xf,0x95,
0x8e,0x3,0x500c7,0xf,0x96,0x95,0x11,0x500ab,
0x12,0x97,0x96,0x10,0x300f7,0x98,0x0,0x400fa,
0x97,0x99,0x98,0x200f8,0x99,0x50094,0x14,0x9a,
0x8f,0x8f,0x500ba,0x12,0x9b,0x9a,0x15,0x200f9,
0x98,0x200f8,0x98,0x700f5,0x12,0x9c,0x13,0x93,
0x9b,0x99,0x300f7,0x9d,0x0,0x400fa,0x9c,0x9e,
0x9d,0x200f8,0x9e,0x100fc,0x200f8,0x9d,0x500ab,0x12,
0x9f,0x8c,0x10,0x300f7,0xa0,0x0,0x400fa,0x9f,
0xa1,0xa0,0x200f8,0xa1,0x7004f,0x6a,0xa2,0x89,
0x89,0x0,0x1,0x4006d,0x70,0xa3,0xa2,0x50050,
0x70,0xa4,0x8c,0x8c,0x50086,0x70,0xa5,0xa3,
0xa4,0x50051,0xf,0xa6,0xa5,0x0,0x50051,0xf,
0xa7,0xa5,0x1,0x500c6,0xf,0xa8,0xa6,0xa7,
0x500c7,0xf,0xa9,0xa8,0x18,0x500ab,0x12,0xaa,
0xa9,0x10,0x300f7,0xab,0x0,0x400fa,0xaa,0xac,
0xab,0x200f8,0xac,0x300f7,0xad,0x0,0x300fb,0x10,
0xae,0x200f8,0xae,0x60041,0x75,0xaf,0xc,0x19,
0x16,0x4003d,0xf,0xb0,0xaf,0x500ab,0x12,0xb1,
0xb0,0x10,0x300f7,0xb2,0x0,0x400fa,0xb1,0xb3,
0xb2,0x200f8,0xb3,0x60041,0x75,0xb4,0xc,0x19,
0x17,0x4003d,0xf,0xb5,0xb4,0x500aa,0x12,0xb6,
0xb5,0x10,0x200f9,0xb2,0x200f8,0xb2,0x700f5,0x12,
0xb7,0x1a,0xae,0xb6,0xb3,0x300f7,0xb8,0x0,
0x400fa,0xb7,0xb9,0xb8,0x200f8,0xb9,0x200f9,0xad,
0x200f8,0xb8,0x8004f,0x1e,0xba,0x8b,0x8b,0x0,
0x1,0x2,0x50094,0x14,0xbb,0xba,0x1f,0x50085,
0x14,0xbc,0xbb,0x77,0x500aa,0x12,0xbd,0xb0,
0x18,0x300f7,0xbe,0x0,0x400fa,0xbd,0xbf,0xc0,
0x200f8,0xbf,0x5008e,0x1e,0xc1,0xba,0x20,0x50081,
0x1e,0xc2,0xc1,0x22,0x6000c,0x1e,0xc3,0x1,
0x8,0xc2,0x50085,0x1e,0xc4,0xc3,0x84,0x200f9,
0xbe,0x200f8,0xc0,0x500aa,0x12,0xc5,0xb0,0x23,
0x300f7,0xc6,0x0,0x400fa,0xc5,0xc7,0xc8,0x200f8,
0xc7,0x60050,0x1e,0xc9,0xbc,0xbc,0xbc,0x200f9,
0xc6,0x200f8,0xc8,0x500aa,0x12,0xca,0xb0,0x24,
0x300f7,0xcb,0x0,0x400fa,0xca,0xcc,0xcd,0x200f8,
0xcc,0x50094,0x14,0xce,0xba,0x28,0x50094,0x14,
0xcf,0xba,0x2c,0x50094,0x14,0xd0,0xba,0x30,
0x60050,0x1e,0xd1,0xce,0xcf,0xd0,0x50085,0x1e,
0xd2,0xd1,0x83,0x8000c,0x1e,0xd3,0x1,0x2b,
0xd2,0x32,0x33,0x200f9,0xcb,0x200f8,0xcd,0x500aa,
0x12,0xd4,0xb0,0x34,0x300f7,0xd5,0x0,0x400fa,
0xd4,0xd6,0xd7,0x200f8,0xd6,0x3003e,0x88,0x76,
0x50085,0x14,0xd8,0xbb,0x82,0x4006d,0xf,0xd9,
0xd8,0x7000c,0xf,0xda,0x1,0x26,0xd9,0x44,
0x50041,0x71,0xdb,0x88,0xda,0x4003d,0x1e,0xdc,
0xdb,0x50080,0xf,0xdd,0xda,0x18,0x50041,0x71,
0xde,0x88,0xdd,0x4003d,0x1e,0xdf,0xde,0x40070,
0x14,0xe0,0xda,0x50083,0x14,0xe1,0xd8,0xe0,
0x60050,0x1e,0xe2,0xe1,0xe1,0xe1,0x8000c,0x1e,
0xe3,0x1,0x2e,0xdc,0xdf,0xe2,0x50085,0x1e,
0xe4,0xe3,0x79,0x200f9,0xd5,0x200f8,0xd7,0x500aa,
0x12,0xe5,0xb0,0x45,0x300f7,0xe6,0x0,0x400fa,
0xe5,0xe7,0xe8,0x200f8,0xe7,0x50085,0x14,0xe9,
0xbb,0x7e,0x50085,0x14,0xea,0xbb,0x7f,0x50081,
0x14,0xeb,0x46,0xea,0x50085,0x14,0xec,0xbb,
0x81,0x60050,0x1e,0xed,0xe9,0xeb,0xec,0x8000c,
0x1e,0xee,0x1,0x2b,0xed,0x32,0x33,0x200f9,
0xe6,0x200f8,0xe8,0x500aa,0x12,0xef,0xb0,0x47,
0x300f7,0xf0,0x0,0x400fa,0xef,0xf1,0xf2,0x200f8,
0xf1,0x5008e,0x1e,0xf3,0xba,0x36,0x50085,0x1e,
0xf4,0xf3,0x7d,0x50081,0x1e,0xf5,0x49,0xf4,
0x200f9,0xf0,0x200f8,0xf2,0x500aa,0x12,0xf6,0xb0,
0x4a,0x300f7,0xf7,0x0,0x400fa,0xf6,0xf8,0xf9,
0x200f8,0xf8,0x60050,0x1e,0xfa,0xbc,0xbc,0xbc,
0x8000c,0x1e,0xfb,0x1,0x2e,0x4d,0x50,0xfa,
0x50085,0x1e,0xfc,0xfb,0x79,0x200f9,0xf7,0x200f8,
0xf9,0x500aa,0x12,0xfd,0xb0,0x51,0x300f7,0xfe,
0x0,0x400fa,0xfd,0xff,0x100,0x200f8,0xff,0x8000c,
0x1e,0x101,0x1,0x2b,0xba,0x32,0x33,0x5008e,
0x1e,0x102,0x101,0x36,0x50081,0x1e,0x103,0x102,
0x22,0x6000c,0x1e,0x104,0x1,0x8,0x103,0x50085,
0x1e,0x105,0x104,0x7b,0x200f9,0xfe,0x200f8,0x100,
0x500aa,0x12,0x106,0xb0,0x52,0x300f7,0x107,0x0,
0x400fa,0x106,0x108,0x109,0x200f8,0x108,0x60050,0x1e,
0x10a,0xbc,0xbc,0xbc,0x8000c,0x1e,0x10b,0x1,
0x2e,0x54,0x57,0x10a,0x50085,0x1e,0x10c,0x10b,
0x79,0x200f9,0x107,0x200f8,0x109,0x500aa,0x12,0x10d,
0xb0,0x58,0x300f7,0x10e,0x0,0x400fa,0x10d,0x10f,
0x10e,0x200f8,0x10f,0x50085,0x1e,0x110,0xba,0xba,
0x5008e,0x1e,0x111,0xba,0x5b,0x50083,0x1e,0x112,
0x5a,0x111,0x50085,0x1e,0x113,0x110,0x112,0x50085,
0x1e,0x114,0x113,0x5e,0x50081,0x1e,0x115,0x114,
0x62,0x8000c,0x1e,0x116,0x1,0x2b,0x115,0x32,
0x33,0x200f9,0x10e,0x200f8,0x10e,0x700f5,0x1e,0x117,
0xba,0x109,0x116,0x10f,0x200f9,0x107,0x200f8,0x107,
0x700f5,0x1e,0x118,0x10c,0x108,0x117,0x10e,0x200f9,
0xfe,0x200f8,0xfe,0x700f5,0x1e,0x119,0x105,0xff,
0x118,0x107,0x200f9,0xf7,0x200f8,0xf7,0x700f5,0x1e,
0x11a,0xfc,0xf8,0x119,0xfe,0x200f9,0xf0,0x200f8,
0xf0,0x700f5,0x1e,0x11b,0xf5,0xf1,0x11a,0xf7,
0x200f9,0xe6,0x200f8,0xe6,0x700f5,0x1e,0x11c,0xee,
0xe7,0x11b,0xf0,0x200f9,0xd5,0x200f8,0xd5,0x700f5,
0x1e,0x11d,0xe4,0xd6,0x11c,0xe6,0x200f9,0xcb,
0x200f8,0xcb,0x700f5,0x1e,0x11e,0xd3,0xcc,0x11d,
0xd5,0x200f9,0xc6,0x200f8,0xc6,0x700f5,0x1e,0x11f,
0xc9,0xc7,0x11e,0xcb,0x200f9,0xbe,0x200f8,0xbe,
0x700f5,0x1e,0x120,0xc4,0xbf,0x11f,0xc6,0x60041,
0x75,0x121,0xc,0x19,0x17,0x4003d,0xf,0x122,
0x121,0x7000c,0xf,0x123,0x1,0x26,0x122,0x63,
0x40070,0x14,0x124,0x123,0x50085,0x14,0x125,0x124,
0x85,0x60050,0x1e,0x126,0x125,0x125,0x125,0x8000c,
0x1e,0x127,0x1,0x2e,0xba,0x120,0x126,0x50051,
0x14,0x128,0x8b,0x3,0x50051,0x14,0x129,0x127,
0x0,0x50051,0x14,0x12a,0x127,0x1,0x50051,0x14,
0x12b,0x127,0x2,0x70050,0x64,0x12c,0x129,0x12a,
0x12b,0x128,0x200f9,0xad,0x200f8,0xad,0x700f5,0x64,
0x12d,0x8b,0xb9,0x12c,0xbe,0x200f9,0x90,0x200f8,
0xab,0x200f9,0xa0,0x200f8,0xa0,0x300f7,0x12e,0x0,
0x300fb,0x10,0x12f,0x200f8,0x12f,0x60041,0x75,0x130,
0xc,0x19,0x16,0x4003d,0xf,0x131,0x130,0x500ab,
0x12,0x132,0x131,0x10,0x300f7,0x133,0x0,0x400fa,
0x132,0x134,0x133,0x200f8,0x134,0x60041,0x75,0x135,
0xc,0x19,0x17,0x4003d,0xf,0x136,0x135,0x500aa,
0x12,0x137,0x136,0x10,0x200f9,0x133,0x200f8,0x133,
0x700f5,0x12,0x138,0x1a,0x12f,0x137,0x134,0x300f7,
0x139,0x0,0x400fa,0x138,0x13a,0x139,0x200f8,0x13a,
0x200f9,0x12e,0x200f8,0x139,0x8004f,0x1e,0x13b,0x8a,
0x8a,0x0,0x1,0x2,0x50094,0x14,0x13c,0x13b,
0x1f,0x50085,0x14,0x13d,0x13c,0x77,0x500aa,0x12,
0x13e,0x131,0x18,0x300f7,0x13f,0x0,0x400fa,0x13e,
0x140,0x141,0x200f8,0x140,0x5008e,0x1e,0x142,0x13b,
0x20,0x50081,0x1e,0x143,0x142,0x22,0x6000c,0x1e,
0x144,0x1,0x8,0x143,0x50085,0x1e,0x145,0x144,
0x84,0x200f9,0x13f,0x200f8,0x141,0x500aa,0x12,0x146,
0x131,0x23,0x300f7,0x147,0x0,0x400fa,0x146,0x148,
0x149,0x200f8,0x148,0x60050,0x1e,0x14a,0x13d,0x13d,
0x13d,0x200f9,0x147,0x200f8,0x149,0x500aa,0x12,0x14b,
0x131,0x24,0x300f7,0x14c,0x0,0x400fa,0x14b,0x14d,
0x14e,0x200f8,0x14d,0x50094,0x14,0x14f,0x13b,0x28,
0x50094,0x14,0x150,0x13b,0x2c,0x50094,0x14,0x151,
0x13b,0x30,0x60050,0x1e,0x152,0x14f,0x150,0x151,
0x50085,0x1e,0x153,0x152,0x83,0x8000c,0x1e,0x154,
0x1,0x2b,0x153,0x32,0x33,0x200f9,0x14c,0x200f8,
0x14e,0x500aa,0x12,0x155,0x131,0x34,0x300f7,0x156,
0x0,0x400fa,0x155,0x157,0x158,0x200f8,0x157,0x3003e,
0x87,0x76,0x50085,0x14,0x159,0x13c,0x82,0x4006d,
0xf,0x15a,0x159,0x7000c,0xf,0x15b,0x1,0x26,
0x15a,0x44,0x50041,0x71,0x15c,0x87,0x15b,0x4003d,
0x1e,0x15d,0x15c,0x50080,0xf,0x15e,0x15b,0x18,
0x50041,0x71,0x15f,0x87,0x15e,0x4003d,0x1e,0x160,
0x15f,0x40070,0x14,0x161,0x15b,0x50083,0x14,0x162,
0x159,0x161,0x60050,0x1e,0x163,0x162,0x162,0x162,
0x8000c,0x1e,0x164,0x1,0x2e,0x15d,0x160,0x163,
0x50085,0x1e,0x165,0x164,0x79,0x200f9,0x156,0x200f8,
0x158,0x500aa,0x12,0x166,0x131,0x45,0x300f7,0x167,
0x0,0x400fa,0x166,0x168,0x169,0x200f8,0x168,0x50085,
0x14,0x16a,0x13c,0x7e,0x50085,0x14,0x16b,0x13c,
0x7f,0x50081,0x14,0x16c,0x46,0x16b,0x50085,0x14,
0x16d,0x13c,0x81,0x60050,0x1e,0x16e,0x16a,0x16c,
0x16d,0x8000c,0x1e,0x16f,0x1,0x2b,0x16e,0x32,
0x33,0x200f9,0x167,0x200f8,0x169,0x500aa,0x12,0x170,
0x131,0x47,0x300f7,0x171,0x0,0x400fa,0x170,0x172,
0x173,0x200f8,0x172,0x5008e,0x1e,0x174,0x13b,0x36,
0x50085,0x1e,0x175,0x174,0x7d,0x50081,0x1e,0x176,
0x49,0x175,0x200f9,0x171,0x200f8,0x173,0x500aa,0x12,
0x177,0x131,0x4a,0x300f7,0x178,0x0,0x400fa,0x177,
0x179,0x17a,0x200f8,0x179,0x60050,0x1e,0x17b,0x13d,
0x13d,0x13d,0x8000c,0x1e,0x17c,0x1,0x2e,0x4d,
0x50,0x17b,0x50085,0x1e,0x17d,0x17c,0x79,0x200f9,
0x178,0x200f8,0x17a,0x500aa,0x12,0x17e,0x131,0x51,
0x300f7,0x17f,0x0,0x400fa,0x17e,0x180,0x181,0x200f8,
0x180,0x8000c,0x1e,0x182,0x1,0x2b,0x13b,0x32,
0x33,0x5008e,0x1e,0x183,0x182,0x36,0x50081,0x1e,
0x184,0x183,0x22,0x6000c,0x1e,0x185,0x1,0x8,
0x184,0x50085,0x1e,0x186,0x185,0x7b,0x200f9,0x17f,
0x200f8,0x181,0x500aa,0x12,0x187,0x131,0x52,0x300f7,
0x188,0x0,0x400fa,0x187,0x189,0x18a,0x200f8,0x189,
0x60050,0x1e,0x18b,0x13d,0x13d,0x13d,0x8000c,0x1e,
0x18c,0x1,0x2e,0x54,0x57,0x18b,0x50085,0x1e,
0x18d,0x18c,0x79,0x200f9,0x188,0x200f8,0x18a,0x500aa,
0x12,0x18e,0x131,0x58,0x300f7,0x18f,0x0,0x400fa,
0x18e,0x190,0x18f,0x200f8,0x190,0x50085,0x1e,0x191,
0x13b,0x13b,0x5008e,0x1e,0x192,0x13b,0x5b,0x50083,
0x1e,0x193,0x5a,0x192,0x50085,0x1e,0x194,0x191,
0x193,0x50085,0x1e,0x195,0x194,0x5e,0x50081,0x1e,
0x196,0x195,0x62,0x8000c,0x1e,0x197,0x1,0x2b,
0x196,0x32,0x33,0x200f9,0x18f,0x200f8,0x18f,0x700f5,
0x1e,0x198,0x13b,0x18a,0x197,0x190,0x200f9,0x188,
0x200f8,0x188,0x700f5,0x1e,0x199,0x18d,0x189,0x198,
0x18f,0x200f9,0x17f,0x200f8,0x17f,0x700f5,0x1e,0x19a,
0x186,0x180,0x199,0x188,0x200f9,0x178,0x200f8,0x178,
0x700f5,0x1e,0x19b,0x17d,0x179,0x19a,0x17f,0x200f9,
0x171,0x200f8,0x171,0x700f5,0x1e,0x19c,0x176,0x172,
0x19b,0x178,0x200f9,0x167,0x200f8,0x167,0x700f5,0x1e,
0x19d,0x16f,0x168,0x19c,0x171,0x200f9,0x156,0x200f8,
0x156,0x700f5,0x1e,0x19e,0x165,0x157,0x19d,0x167,
0x200f9,0x14c,0x200f8,0x14c,0x700f5,0x1e,0x19f,0x154,
0x14d,0x19e,0x156,0x200f9,0x147,0x200f8,0x147,0x700f5,
0x1e,0x1a0,0x14a,0x148,0x19f,0x14c,0x200f9,0x13f,
0x200f8,0x13f,0x700f5,0x1e,0x1a1,0x145,0x140,0x1a0,
0x147,0x60041,0x75,0x1a2,0xc,0x19,0x17,0x4003d,
0xf,0x1a3,0x1a2,0x7000c,0xf,0x1a4,0x1,0x26,
0x1a3,0x63,0x40070,0x14,0x1a5,0x1a4,0x50085,0x14,
0x1a6,0x1a5,0x85,0x60050,0x1e,0x1a7,0x1a6,0x1a6,
0x1a6,0x8000c,0x1e,0x1a8,0x1,0x2e,0x13b,0x1a1,
0x1a7,0x50051,0x14,0x1a9,0x8a,0x3,0x50051,0x14,
0x1aa,0x1a8,0x0,0x50051,0x14,0x1ab,0x1a8,0x1,
0x50051,0x14,0x1ac,0x1a8,0x2,0x70050,0x64,0x1ad,
0x1aa,0x1ab,0x1ac,0x1a9,0x200f9,0x12e,0x200f8,0x12e,
0x700f5,0x64,0x1ae,0x8a,0x13a,0x1ad,0x13f,0x200f9,
0x90,0x200f8,0x90,0x700f5,0x64,0x1af,0x12d,0xad,
0x1ae,0x12e,0x3003e,0xa,0x1af,0x100fd,0x10038
};
inline constexpr std::uint32_t fragment_textured[]={
0x7230203,0x10000,0xe0000,0x17a4,0x0,0x20011,0x1,0x6000b,
0x1,0x4c534c47,0x6474732e,0x3035342e,0x0,0x3000e,0x0,0x1,
0x17000f,0x4,0x2,0x67617266,0x746e656d,0x7865745f,0x65727574,0x616d5f64,
0x6e69,0x3,0x4,0x5,0x6,0x7,0x8,0x9,
0xa,0xb,0xc,0xd,0xe,0xf,0x10,0x30010,
0x2,0x7,0x30003,0x5,0x258,0x90005,0x11,0x65707974,
0x6e6f432e,0x6e617473,0x66754274,0x2e726566,0x656d6143,0x6172,0x60006,0x11,
0x0,0x77656976,0x776f725f,0x73,0x60006,0x11,0x1,0x6a6f7270,
0x69746365,0x6e6f,0x50006,0x11,0x2,0x65666665,0x737463,0x40005,
0x12,0x656d6163,0x6172,0x90005,0x13,0x65707974,0x7274532e,0x75746375,
0x42646572,0x65666675,0x69752e72,0x746e,0x40005,0x14,0x65786574,0x736c,
0x60005,0x4,0x762e6e69,0x432e7261,0x524f4c4f,0x30,0x60005,0x5,
0x762e6e69,0x432e7261,0x524f4c4f,0x31,0x70005,0x6,0x762e6e69,0x542e7261,
0x4f435845,0x3044524f,0x0,0x70005,0x7,0x762e6e69,0x542e7261,0x4f435845,
0x3144524f,0x0,0x70005,0x8,0x762e6e69,0x542e7261,0x4f435845,0x3244524f,
0x0,0x70005,0x9,0x762e6e69,0x542e7261,0x4f435845,0x3344524f,0x0,
0x70005,0xa,0x762e6e69,0x542e7261,0x4f435845,0x3444524f,0x0,0x70005,
0xb,0x762e6e69,0x542e7261,0x4f435845,0x3544524f,0x0,0x70005,0xc,
0x762e6e69,0x542e7261,0x4f435845,0x3644524f,0x0,0x70005,0xd,0x762e6e69,
0x542e7261,0x4f435845,0x3744524f,0x0,0x70005,0xe,0x762e6e69,0x542e7261,
0x4f435845,0x3844524f,0x0,0x70005,0xf,0x762e6e69,0x542e7261,0x4f435845,
0x3944524f,0x0,0x70005,0x10,0x2e74756f,0x2e726176,0x545f5653,0x65677261,
0x3074,0x80005,0x2,0x67617266,0x746e656d,0x7865745f,0x65727574,0x616d5f64,
0x6e69,0x40047,0x3,0xb,0xf,0x30047,0x4,0xe,
0x30047,0x5,0xe,0x30047,0x6,0xe,0x30047,0x7,
0xe,0x30047,0x8,0xd,0x30047,0x9,0xe,0x30047,
0xa,0xe,0x30047,0xb,0xe,0x30047,0xe,0xe,
0x30047,0xf,0xe,0x40047,0x4,0x1e,0x0,0x40047,
0x5,0x1e,0x1,0x40047,0x6,0x1e,0x2,0x40047,
0x7,0x1e,0x3,0x40047,0x8,0x1e,0x4,0x40047,
0x9,0x1e,0x5,0x40047,0xa,0x1e,0x6,0x40047,
0xb,0x1e,0x7,0x40047,0xc,0x1e,0x8,0x40047,
0xd,0x1e,0x9,0x40047,0xe,0x1e,0xa,0x40047,
0xf,0x1e,0xb,0x40047,0x10,0x1e,0x0,0x40047,
0x14,0x22,0x0,0x40047,0x14,0x21,0x0,0x40047,
0x15,0x6,0x10,0x50048,0x11,0x0,0x23,0x0,
0x50048,0x11,0x1,0x23,0x30,0x50048,0x11,0x1,
0x7,0x10,0x40048,0x11,0x1,0x4,0x50048,0x11,
0x2,0x23,0x70,0x30047,0x11,0x2,0x40047,0x16,
0x6,0x4,0x50048,0x13,0x0,0x23,0x0,0x40048,
0x13,0x0,0x18,0x30047,0x13,0x3,0x40015,0x17,
0x20,0x1,0x40015,0x18,0x20,0x0,0x4002b,0x18,
0x19,0x0,0x4002b,0x17,0x1a,0x3,0x4002b,0x18,
0x1b,0x800000,0x4002b,0x17,0x1c,0x0,0x4002b,0x18,
0x1d,0x9,0x4002b,0x18,0x1e,0xa,0x4002b,0x18,
0x1f,0x4,0x20014,0x20,0x3002a,0x20,0x21,0x30016,
0x22,0x20,0x4002b,0x22,0x23,0x0,0x40017,0x24,
0x22,0x2,0x5002c,0x24,0x25,0x23,0x23,0x30029,
0x20,0x26,0x4002b,0x18,0x27,0x1,0x40017,0x28,
0x18,0x2,0x5002c,0x28,0x29,0x27,0x27,0x4002b,
0x18,0x2a,0x8,0x4002b,0x17,0x2b,0x1,0x4002b,
0x18,0x2c,0x2,0x4002b,0x18,0x2d,0x1f,0x4002b,
0x18,0x2e,0x3,0x4002b,0x18,0x2f,0xff,0x4002b,
0x17,0x30,0x2,0x4002b,0x18,0x31,0xb,0x4002b,
0x18,0x32,0x10,0x4002b,0x22,0x33,0x437f0000,0x40017,
0x34,0x22,0x4,0x4002b,0x22,0x35,0x3d25aee6,0x40017,
0x36,0x22,0x3,0x6002c,0x36,0x37,0x35,0x35,
0x35,0x4002b,0x22,0x38,0x3d6147ae,0x6002c,0x36,0x39,
0x38,0x38,0x38,0x4002b,0x22,0x3a,0x4019999a,0x6002c,
0x36,0x3b,0x3a,0x3a,0x3a,0x4002b,0x18,0x3c,
0x10000,0x4002b,0x18,0x3d,0x80000000,0x4002b,0x18,0x3e,
0xffff,0x4002b,0x17,0x3f,0x10,0x4002b,0x17,0x40,
0x1f,0x4002b,0x18,0x41,0xf,0x4002b,0x17,0x42,
0xffffffff,0x4002b,0x17,0x43,0xfffffffe,0x4002b,0x17,0x44,
0xfffffffd,0x4002b,0x18,0x45,0x18,0x4002b,0x18,0x46,
0x17,0x4002b,0x18,0x47,0xc,0x4002b,0x18,0x48,
0xd,0x4002b,0x18,0x49,0x20,0x4002b,0x18,0x4a,
0x100000,0x4002b,0x18,0x4b,0x16,0x4002b,0x18,0x4c,
0x6,0x4002b,0x18,0x4d,0x5,0x4002b,0x18,0x4e,
0x200000,0x4002b,0x18,0x4f,0x400,0x4002b,0x22,0x50,
0x41800000,0x5002c,0x24,0x51,0x50,0x50,0x4002b,0x18,
0x52,0x8000,0x4002b,0x18,0x53,0x200,0x40017,0x54,
0x17,0x2,0x5002c,0x54,0x55,0x1c,0x1c,0x4002b,
0x17,0x56,0xe0,0x4002b,0x17,0x57,0xc0,0x4002b,
0x18,0x58,0x100,0x4002b,0x18,0x59,0x40000000,0x4002b,
0x18,0x5a,0x20000000,0x4002b,0x22,0x5b,0x429a0000,0x4002b,
0x22,0x5c,0x43160000,0x4002b,0x22,0x5d,0x41e80000,0x6002c,
0x36,0x5e,0x5b,0x5c,0x5d,0x4002b,0x22,0x5f,
0x43800000,0x4002b,0x22,0x60,0x40800000,0x4002b,0x22,0x61,
0x3f000000,0x6002c,0x36,0x62,0x61,0x61,0x61,0x4002b,
0x22,0x63,0x42ca0000,0x4002b,0x22,0x64,0x43450000,0x4002b,
0x22,0x65,0x42400000,0x6002c,0x36,0x66,0x63,0x64,
0x65,0x4002b,0x22,0x67,0x42b20000,0x4002b,0x22,0x68,
0x43300000,0x4002b,0x22,0x69,0x422c0000,0x6002c,0x36,0x6a,
0x67,0x68,0x69,0x4002b,0x22,0x6b,0x428c0000,0x4002b,
0x22,0x6c,0x43090000,0x4002b,0x22,0x6d,0x42080000,0x6002c,
0x36,0x6e,0x6b,0x6c,0x6d,0x6002c,0x36,0x6f,
0x23,0x23,0x23,0x4002b,0x22,0x70,0x3f800000,0x6002c,
0x36,0x71,0x70,0x70,0x70,0x4002b,0x22,0x72,
0x41000000,0x4002b,0x22,0x73,0x40a00000,0x4002b,0x22,0x74,
0x42200000,0x6002c,0x36,0x75,0x72,0x73,0x74,0x4002b,
0x22,0x76,0x42820000,0x4002b,0x22,0x77,0x41a00000,0x6002c,
0x36,0x78,0x76,0x77,0x5c,0x4002b,0x22,0x79,
0x435c0000,0x4002b,0x22,0x7a,0x41f00000,0x6002c,0x36,0x7b,
0x79,0x7a,0x6b,0x4002b,0x22,0x7c,0x41700000,0x6002c,
0x36,0x7d,0x33,0x5c,0x7c,0x4002b,0x22,0x7e,
0x43520000,0x6002c,0x36,0x7f,0x33,0x33,0x7e,0x4002b,
0x22,0x80,0x40e00000,0x4002b,0x22,0x81,0x3dc0c0c1,0x4002b,
0x22,0x82,0x3ec0c0c1,0x6002c,0x36,0x83,0x82,0x82,
0x82,0x4002b,0x22,0x84,0x425c0000,0x4002b,0x22,0x85,
0x42c80000,0x6002c,0x36,0x86,0x84,0x72,0x85,0x4002b,
0x22,0x87,0x437a0000,0x4002b,0x22,0x88,0x43750000,0x6002c,
0x36,0x89,0x6b,0x87,0x88,0x4002b,0x18,0x8a,
0xe,0x4002b,0x22,0x8b,0x41c00000,0x6002c,0x36,0x8c,
0x72,0x8b,0x76,0x4002b,0x22,0x8d,0x43600000,0x4002b,
0x22,0x8e,0x43760000,0x6002c,0x36,0x8f,0x8d,0x87,
0x8e,0x4002b,0x22,0x90,0x40400000,0x6002c,0x36,0x91,
0x90,0x90,0x90,0x4002b,0x22,0x92,0x40000000,0x4002b,
0x22,0x93,0x3f87ae14,0x4002b,0x22,0x94,0x3f5eb852,0x6002c,
0x36,0x95,0x93,0x70,0x94,0x4002b,0x22,0x96,
0x3d0f5c29,0x4002b,0x22,0x97,0x3c75c28f,0x4002b,0x22,0x98,
0x3ccccccd,0x6002c,0x36,0x99,0x96,0x97,0x98,0x4002b,
0x18,0x9a,0x64,0x40017,0x9b,0x18,0x3,0x6002c,
0x9b,0x9c,0x41,0x41,0x41,0x4002b,0x18,0x9d,
0x40,0x4002b,0x18,0x9e,0x80,0x4002b,0x18,0x9f,
0x7,0x4002b,0x18,0xa0,0x2000,0x4002b,0x18,0xa1,
0x1000,0x4002b,0x17,0xa2,0x7,0x4002b,0x18,0xa3,
0x8000000,0x4002b,0x22,0xa4,0x43d40000,0x4002b,0x22,0xa5,
0x43c80000,0x4002b,0x22,0xa6,0x43c00000,0x4002b,0x22,0xa7,
0x42a00000,0x4002b,0x22,0xa8,0x38d1b717,0x4002b,0x22,0xa9,
0x43000000,0x4002b,0x22,0xaa,0x44000000,0x4002b,0x22,0xab,
0x3d3851ec,0x7002c,0x34,0xac,0x23,0x23,0x23,0x70,
0x4002b,0x22,0xad,0x42000000,0x4002b,0x22,0xae,0x41300000,
0x6002c,0x36,0xaf,0xae,0xae,0xae,0x4002b,0x22,
0xb0,0x41b80000,0x6002c,0x36,0xb1,0xb0,0xb0,0xb0,
0x4002b,0x22,0xb2,0x42140000,0x6002c,0x36,0xb3,0xb2,
0xb2,0xb2,0x4002b,0x22,0xb4,0x3f4ccccd,0x4002b,0x22,
0xb5,0x400851ec,0x4002b,0x22,0xb6,0x40e9999a,0x6002c,0x36,
0xb7,0xb6,0xb6,0xb6,0x4002b,0x22,0xb8,0x3e800000,
0x4002b,0x22,0xb9,0x408bd70a,0x4002b,0x22,0xba,0x40833333,
0x6002c,0x36,0xbb,0xba,0xba,0xba,0x4002b,0x22,
0xbc,0x3e19999a,0x4002b,0x22,0xbd,0x410b5c29,0x4002b,0x22,
0xbe,0x419d999a,0x6002c,0x36,0xbf,0xbe,0xbe,0xbe,
0x4002b,0x22,0xc0,0x3dcccccd,0x4002b,0x18,0xc1,0x110,
0x4002b,0x17,0xc2,0x8,0x4002b,0x22,0xc3,0x42e00000,
0x4002b,0x18,0xc4,0x10000000,0x4002b,0x17,0xc5,0x40,
0x4002b,0x17,0xc6,0x20,0x4002b,0x22,0xc7,0x435f0000,
0x4002b,0x22,0xc8,0x3c23d70a,0x4002b,0x22,0xc9,0xc3800000,
0x7002c,0x34,0xca,0x23,0x23,0x23,0x23,0x4002b,
0x17,0xcb,0x100,0x4002b,0x18,0xcc,0x4000,0x4002b,
0x17,0xcd,0xdf,0x4002b,0x18,0xce,0x150,0x4002b,
0x18,0xcf,0x188,0x4002b,0x18,0xd0,0x140,0x4002b,
0x18,0xd1,0x180,0x4002b,0x18,0xd2,0x7f,0x4002b,
0x18,0xd3,0x1000000,0x4002b,0x17,0xd4,0x200,0x4002b,
0x18,0xd5,0x158,0x4002b,0x18,0xd6,0x168,0x4002b,
0x18,0xd7,0x2000000,0x4002b,0x18,0xd8,0x160,0x4002b,
0x18,0xd9,0xc0,0x4002b,0x18,0xda,0x4000000,0x4002b,
0x18,0xdb,0x1b8,0x4002b,0x17,0xdc,0xd0,0x4002b,
0x18,0xdd,0xd0,0x4002b,0x18,0xde,0x108,0x4002b,
0x17,0xdf,0x80,0x4002b,0x17,0xe0,0x400,0x4002b,
0x17,0xe1,0x800,0x4002b,0x18,0xe2,0x3ff,0x4002b,
0x18,0xe3,0x120,0x4002b,0x18,0xe4,0x51,0x4002b,
0x18,0xe5,0x5f,0x4002b,0x18,0xe6,0x130,0x4002b,
0x18,0xe7,0x56,0x4002b,0x18,0xe8,0x58,0x4002b,
0x18,0xe9,0x70,0x4002b,0x18,0xea,0x90,0x4002b,
0x18,0xeb,0x30,0x4002b,0x18,0xec,0x50,0x4002b,
0x18,0xed,0x60,0x4002b,0x18,0xee,0x78,0x4002b,
0x18,0xef,0x98,0x4002b,0x18,0xf0,0x28,0x4002b,
0x18,0xf1,0xb0,0x4002b,0x18,0xf2,0xc8,0x4002b,
0x18,0xf3,0x178,0x4002b,0x18,0xf4,0x198,0x4002b,
0x18,0xf5,0xa0,0x4002b,0x18,0xf6,0x1b0,0x4002b,
0x18,0xf7,0x1d0,0x4002b,0x18,0xf8,0xa8,0x4002b,
0x18,0xf9,0x1f0,0x4002b,0x18,0xfa,0xd8,0x4002b,
0x18,0xfb,0xf8,0x4002b,0x18,0xfc,0x170,0x4002b,
0x18,0xfd,0x1c0,0x4002b,0x18,0xfe,0x128,0x4002b,
0x18,0xff,0x148,0x4002b,0x18,0x100,0x190,0x4002b,
0x18,0x101,0xb8,0x4002b,0x18,0x102,0x1d8,0x4002b,
0x18,0x103,0x1a0,0x4002b,0x18,0x104,0xe8,0x4002b,
0x18,0x105,0x88,0x4002b,0x18,0x106,0x138,0x4002b,
0x18,0x107,0xffffff,0x40017,0x108,0x17,0x3,0x6002c,
0x108,0x109,0x2b,0x1c,0x1c,0x6002c,0x108,0x10a,
0x1c,0x2b,0x1c,0x6002c,0x108,0x10b,0x2b,0x2b,
0x1c,0x6002c,0x108,0x10c,0x1c,0x1c,0x2b,0x6002c,
0x108,0x10d,0x2b,0x1c,0x2b,0x6002c,0x108,0x10e,
0x1c,0x2b,0x2b,0x6002c,0x108,0x10f,0x2b,0x2b,
0x2b,0x4002b,0x17,0x110,0x1fff,0x4002b,0x18,0x111,
0x2fa0,0x4002b,0x18,0x112,0x1fff,0x4002b,0x17,0x113,
0xfff,0x4002b,0x17,0x114,0x2000,0x4002b,0x18,0x115,
0x5f356495,0x4002b,0x18,0x116,0xe336beb9,0x4002b,0x18,0x117,
0xa6d23e7f,0x4002b,0x18,0x118,0x85ebca77,0x4002b,0x18,0x119,
0xc2b2ae3d,0x4001c,0x15,0x34,0x2e,0x40018,0x11a,0x34,
0x4,0x40017,0x11b,0x18,0x4,0x5001e,0x11,0x15,
0x11a,0x11b,0x40020,0x11c,0x9,0x11,0x3001d,0x16,
0x18,0x3001e,0x13,0x16,0x40020,0x11d,0x2,0x13,
0x40020,0x11e,0x1,0x34,0x40020,0x11f,0x1,0x18,
0x40020,0x120,0x1,0x24,0x40020,0x121,0x1,0x11b,
0x40020,0x122,0x1,0x36,0x40020,0x123,0x3,0x34,
0x20013,0x124,0x30021,0x125,0x124,0x40020,0x126,0x7,
0x18,0x40020,0x127,0x7,0x17,0x4001c,0x128,0x17,
0x32,0x40020,0x129,0x7,0x128,0x40020,0x12a,0x2,
0x18,0x40017,0x12b,0x20,0x2,0x40017,0x12c,0x20,
0x3,0x40020,0x12d,0x7,0x36,0x4001c,0x12e,0x36,
0x4d,0x40020,0x12f,0x7,0x12e,0x40020,0x130,0x9,
0x18,0x4001c,0x131,0x18,0x49,0x40020,0x132,0x7,
0x131,0x4003b,0x11c,0x12,0x9,0x4003b,0x11d,0x14,
0x2,0x4003b,0x11e,0x3,0x1,0x4003b,0x11e,0x4,
0x1,0x4003b,0x11e,0x5,0x1,0x4003b,0x11f,0x6,
0x1,0x4003b,0x11f,0x7,0x1,0x4003b,0x120,0x8,
0x1,0x4003b,0x121,0x9,0x1,0x4003b,0x122,0xa,
0x1,0x4003b,0x11f,0xb,0x1,0x4003b,0x120,0xc,
0x1,0x4003b,0x122,0xd,0x1,0x4003b,0x122,0xe,
0x1,0x4003b,0x122,0xf,0x1,0x4003b,0x123,0x10,
0x3,0x30001,0x34,0x133,0x13002c,0x128,0x134,0x1c,
0x2b,0x30,0x1a,0x1a,0x1a,0x30,0x2b,0x1c,
0x42,0x43,0x44,0x44,0x44,0x43,0x42,0x4002b,
0x18,0x135,0xfffffffc,0x8002c,0x12e,0x136,0x75,0x78,
0x7b,0x7d,0x7f,0x4002b,0x22,0x137,0x3b808081,0x7002c,
0x34,0x138,0x137,0x137,0x137,0x137,0x4002b,0x22,
0x139,0x3d9e8391,0x6002c,0x36,0x13a,0x139,0x139,0x139,
0x4002b,0x22,0x13b,0x3f72a76f,0x6002c,0x36,0x13c,0x13b,
0x13b,0x13b,0x4002b,0x22,0x13d,0x3b800000,0x6002c,0x36,
0x13e,0x137,0x137,0x137,0x4002b,0x22,0x13f,0x3e4ccccd,
0x6002c,0x36,0x140,0x13f,0x13f,0x13f,0x4002b,0x22,
0x141,0x3e000000,0x6002c,0x36,0x142,0x141,0x141,0x141,
0x4002b,0x22,0x143,0x3e124925,0x4002b,0x22,0x144,0x3a124925,
0x4002b,0x22,0x145,0x3b99999a,0x4002b,0x22,0x146,0x3a800000,
0x4002b,0x22,0x147,0x3c7f0000,0x6002c,0x36,0x148,0x13d,
0x13d,0x13d,0x6002c,0x36,0x149,0xb8,0xb8,0xb8,
0x4002b,0x22,0x14a,0x44d90fdb,0x4002b,0x18,0x14b,0x4110,
0x4002b,0x18,0x14c,0x41f0,0x4002b,0x17,0x14d,0xfffffff8,
0x4002b,0x22,0x14e,0x33800001,0x5002c,0x24,0x14f,0xc9,
0xc3,0x50036,0x124,0x2,0x0,0x125,0x200f8,0x150,
0x4003b,0x12f,0x151,0x7,0x4003b,0x12f,0x152,0x7,
0x4003b,0x12f,0x153,0x7,0x4003b,0x132,0x154,0x7,
0x4003b,0x132,0x155,0x7,0x4003b,0x129,0x156,0x7,
0x4003d,0x34,0x157,0x3,0x4003d,0x34,0x158,0x4,
0x4003d,0x34,0x159,0x5,0x4003d,0x18,0x15a,0x6,
0x4003d,0x18,0x15b,0x7,0x4003d,0x24,0x15c,0x8,
0x4003d,0x11b,0x15d,0x9,0x4003d,0x36,0x15e,0xa,
0x4003d,0x18,0x15f,0xb,0x4003d,0x24,0x160,0xc,
0x4003d,0x36,0x161,0xd,0x4003d,0x36,0x162,0xe,
0x4003d,0x36,0x163,0xf,0x300f7,0x164,0x0,0x300fb,
0x19,0x165,0x200f8,0x165,0x500aa,0x20,0x166,0x15b,
0x19,0x300f7,0x167,0x0,0x400fa,0x166,0x168,0x167,
0x200f8,0x168,0x100fc,0x200f8,0x167,0x50051,0x18,0x169,
0x15d,0x3,0x500c7,0x18,0x16a,0x169,0x1b,0x500ab,
0x20,0x16b,0x16a,0x19,0x300f7,0x16c,0x0,0x400fa,
0x16b,0x16d,0x16c,0x200f8,0x16d,0x50051,0x18,0x16e,
0x15d,0x0,0x50080,0x18,0x16f,0x16e,0x1d,0x60041,
0x12a,0x170,0x14,0x1c,0x16f,0x4003d,0x18,0x171,
0x170,0x50080,0x18,0x172,0x16e,0x1e,0x60041,0x12a,
0x173,0x14,0x1c,0x172,0x4003d,0x18,0x174,0x173,
0x50050,0x28,0x175,0x171,0x174,0x500c7,0x18,0x176,
0x169,0x1f,0x500ab,0x20,0x177,0x176,0x19,0x300f7,
0x178,0x0,0x400fa,0x177,0x179,0x178,0x200f8,0x179,
0x500b8,0x12b,0x17a,0x15c,0x25,0x4009a,0x20,0x17b,
0x17a,0x400a8,0x20,0x17c,0x17b,0x300f7,0x17d,0x0,
0x400fa,0x17c,0x17e,0x17d,0x200f8,0x17e,0x50080,0x28,
0x17f,0x175,0x29,0x40070,0x24,0x180,0x17f,0x500be,
0x12b,0x181,0x15c,0x180,0x4009a,0x20,0x182,0x181,
0x200f9,0x17d,0x200f8,0x17d,0x700f5,0x20,0x183,0x26,
0x179,0x182,0x17e,0x200f9,0x178,0x200f8,0x178,0x700f5,
0x20,0x184,0x21,0x16d,0x183,0x17d,0x300f7,0x185,
0x0,0x400fa,0x184,0x186,0x185,0x200f8,0x186,0x100fc,
0x200f8,0x185,0x6000c,0x24,0x187,0x1,0x8,0x15c,
0x4006e,0x54,0x188,0x187,0x4007c,0x28,0x189,0x188,
0x500c7,0x28,0x18a,0x189,0x175,0x50080,0x18,0x18b,
0x16e,0x2a,0x60041,0x12a,0x18c,0x14,0x1c,0x18b,
0x4003d,0x18,0x18d,0x18c,0x50051,0x18,0x18e,0x18a,
0x1,0x50080,0x18,0x18f,0x171,0x27,0x50084,0x18,
0x190,0x18e,0x18f,0x50080,0x18,0x191,0x18d,0x190,
0x50051,0x18,0x192,0x18a,0x0,0x50080,0x18,0x193,
0x191,0x192,0x50051,0x18,0x194,0x15d,0x1,0x500c2,
0x18,0x195,0x193,0x2c,0x50080,0x18,0x196,0x194,
0x195,0x60041,0x12a,0x197,0x14,0x1c,0x196,0x4003d,
0x18,0x198,0x197,0x500c7,0x18,0x199,0x193,0x2e,
0x50084,0x18,0x19a,0x199,0x2a,0x500c7,0x18,0x19b,
0x19a,0x2d,0x500c2,0x18,0x19c,0x198,0x19b,0x500c7,
0x18,0x19d,0x19c,0x2f,0x500aa,0x20,0x19e,0x19d,
0x19,0x300f7,0x19f,0x0,0x400fa,0x19e,0x1a0,0x19f,
0x200f8,0x1a0,0x100fc,0x200f8,0x19f,0x50051,0x18,0x1a1,
0x15d,0x2,0x50080,0x18,0x1a2,0x16e,0x31,0x60041,
0x12a,0x1a3,0x14,0x1c,0x1a2,0x4003d,0x18,0x1a4,
0x1a3,0x50080,0x18,0x1a5,0x19d,0x1a4,0x500c7,0x18,
0x1a6,0x1a5,0x2f,0x50080,0x18,0x1a7,0x1a1,0x1a6,
0x60041,0x12a,0x1a8,0x14,0x1c,0x1a7,0x4003d,0x18,
0x1a9,0x1a8,0x500c7,0x18,0x1aa,0x1a9,0x2f,0x40070,
0x22,0x1ab,0x1aa,0x500c2,0x18,0x1ac,0x1a9,0x2a,
0x500c7,0x18,0x1ad,0x1ac,0x2f,0x40070,0x22,0x1ae,
0x1ad,0x500c2,0x18,0x1af,0x1a9,0x32,0x500c7,0x18,
0x1b0,0x1af,0x2f,0x40070,0x22,0x1b1,0x1b0,0x70050,
0x34,0x1b2,0x1ab,0x1ae,0x1b1,0x33,0x50085,0x34,
0x1b3,0x1b2,0x138,0x500c7,0x18,0x1b4,0x169,0x2c,
0x500ab,0x20,0x1b5,0x1b4,0x19,0x300f7,0x1b6,0x0,
0x400fa,0x1b5,0x1b7,0x1b6,0x200f8,0x1b7,0x8004f,0x36,
0x1b8,0x1b3,0x1b3,0x0,0x1,0x2,0x500bc,0x12c,
0x1b9,0x1b8,0x37,0x50085,0x36,0x1ba,0x1b8,0x13a,
0x50081,0x36,0x1bb,0x1b8,0x39,0x50085,0x36,0x1bc,
0x1bb,0x13c,0x7000c,0x36,0x1bd,0x1,0x1a,0x1bc,
0x3b,0x600a9,0x36,0x1be,0x1b9,0x1ba,0x1bd,0x9004f,
0x34,0x1bf,0x1b3,0x1be,0x4,0x5,0x6,0x3,
0x200f9,0x1b6,0x200f8,0x1b6,0x700f5,0x34,0x1c0,0x1b3,
0x19f,0x1bf,0x1b7,0x200f9,0x164,0x200f8,0x16c,0x500c7,
0x18,0x1c1,0x169,0x3c,0x500ab,0x20,0x1c2,0x1c1,
0x19,0x300f7,0x1c3,0x0,0x400fa,0x1c2,0x1c4,0x1c3,
0x200f8,0x1c4,0x50051,0x18,0x1c5,0x15d,0x0,0x50051,
0x22,0x1c6,0x161,0x2,0x500bc,0x20,0x1c7,0x1c6,
0x23,0x300f7,0x1c8,0x0,0x400fa,0x1c7,0x1c9,0x1c8,
0x200f8,0x1c9,0x100fc,0x200f8,0x1c8,0x7004f,0x24,0x1ca,
0x161,0x161,0x0,0x1,0x50050,0x24,0x1cb,0x1c6,
0x1c6,0x50088,0x24,0x1cc,0x1ca,0x1cb,0x6000c,0x24,
0x1cd,0x1,0x8,0x1cc,0x4006e,0x54,0x1ce,0x1cd,
0x50051,0x17,0x1cf,0x1ce,0x0,0x500af,0x20,0x1d0,
0x1cf,0x1c,0x300f7,0x1d1,0x0,0x400fa,0x1d0,0x1d2,
0x1d1,0x200f8,0x1d2,0x50051,0x18,0x1d3,0x15d,0x1,
0x4007c,0x17,0x1d4,0x1d3,0x500af,0x20,0x1d5,0x1cf,
0x1d4,0x200f9,0x1d1,0x200f8,0x1d1,0x700f5,0x20,0x1d6,
0x26,0x1c8,0x1d5,0x1d2,0x300f7,0x1d7,0x0,0x400fa,
0x1d6,0x1d8,0x1d7,0x200f8,0x1d8,0x100fc,0x200f8,0x1d7,
0x50080,0x18,0x1d9,0x1c5,0x2e,0x60041,0x12a,0x1da,
0x14,0x1c,0x1d9,0x4003d,0x18,0x1db,0x1da,0x500c7,
0x18,0x1dc,0x1db,0x3d,0x500ab,0x20,0x1dd,0x1dc,
0x19,0x300f7,0x1de,0x0,0x400fa,0x1dd,0x1df,0x1de,
0x200f8,0x1df,0x500c7,0x18,0x1e0,0x1db,0x3e,0x4007c,
0x18,0x1e1,0x1cf,0x50080,0x18,0x1e2,0x1e0,0x1e1,
0x500c4,0x18,0x1e3,0x1e2,0x32,0x4007c,0x17,0x1e4,
0x1e3,0x500c3,0x17,0x1e5,0x1e4,0x3f,0x500c3,0x17,
0x1e6,0x1e5,0x2b,0x500c2,0x18,0x1e7,0x1db,0x32,
0x500c7,0x18,0x1e8,0x1e7,0x41,0x4007c,0x17,0x1e9,
0x1e8,0x50080,0x17,0x1ea,0x1e6,0x1e9,0x50082,0x17,
0x1eb,0x1ea,0x2b,0x500c4,0x17,0x1ec,0x1eb,0x3f,
0x500c3,0x17,0x1ed,0x1ec,0x3f,0x3003e,0x156,0x134,
0x4007c,0x18,0x1ee,0x1ed,0x500c7,0x18,0x1ef,0x1ee,
0x41,0x50041,0x127,0x1f0,0x156,0x1ef,0x4003d,0x17,
0x1f1,0x1f0,0x200f9,0x1de,0x200f8,0x1de,0x700f5,0x17,
0x1f2,0x1c,0x1d7,0x1f1,0x1df,0x200f9,0x1f3,0x200f8,
0x1f3,0x700f5,0x18,0x1f4,0x19,0x1de,0x1f5,0x1f6,
0x500b0,0x20,0x1f7,0x1f4,0x2c,0x400f6,0x1f8,0x1f6,
0x0,0x400fa,0x1f7,0x1f9,0x1f8,0x200f8,0x1f9,0x500ab,
0x20,0x1fa,0x1f4,0x19,0x300f7,0x1fb,0x0,0x400fa,
0x1fa,0x1fc,0x1fb,0x200f8,0x1fc,0x500aa,0x20,0x1fd,
0x1dc,0x19,0x200f9,0x1fb,0x200f8,0x1fb,0x700f5,0x20,
0x1fe,0x21,0x1f9,0x1fd,0x1fc,0x300f7,0x1ff,0x0,
0x400fa,0x1fe,0x200,0x1ff,0x200f8,0x200,0x200f9,0x1f6,
0x200f8,0x1ff,0x50051,0x17,0x201,0x1ce,0x1,0x600a9,
0x17,0x202,0x1fa,0x1f2,0x1c,0x50082,0x17,0x203,
0x201,0x202,0x500af,0x20,0x204,0x203,0x1c,0x300f7,
0x205,0x0,0x400fa,0x204,0x206,0x205,0x200f8,0x206,
0x50080,0x18,0x207,0x1c5,0x2c,0x60041,0x12a,0x208,
0x14,0x1c,0x207,0x4003d,0x18,0x209,0x208,0x4007c,
0x17,0x20a,0x209,0x500af,0x20,0x20b,0x203,0x20a,
0x200f9,0x205,0x200f8,0x205,0x700f5,0x20,0x20c,0x26,
0x1ff,0x20b,0x206,0x300f7,0x20d,0x0,0x400fa,0x20c,
0x20e,0x20d,0x200f8,0x20e,0x200f9,0x1f6,0x200f8,0x20d,
0x60041,0x12a,0x20f,0x14,0x1c,0x1c5,0x4003d,0x18,
0x210,0x20f,0x4007c,0x18,0x211,0x203,0x50084,0x18,
0x212,0x211,0x45,0x50080,0x18,0x213,0x210,0x212,
0x50080,0x18,0x214,0x213,0x46,0x60041,0x12a,0x215,
0x14,0x1c,0x214,0x4003d,0x18,0x216,0x215,0x500c7,
0x18,0x217,0x216,0x2c,0x500ab,0x20,0x218,0x217,
0x19,0x500a5,0x20,0x219,0x218,0x1fa,0x300f7,0x21a,
0x0,0x400fa,0x219,0x21b,0x21a,0x200f8,0x21b,0x200f9,
0x1f6,0x200f8,0x21a,0x60041,0x12a,0x21c,0x14,0x1c,
0x213,0x4003d,0x18,0x21d,0x21c,0x4007c,0x17,0x21e,
0x21d,0x500af,0x20,0x21f,0x1cf,0x21e,0x300f7,0x220,
0x0,0x400fa,0x21f,0x221,0x220,0x200f8,0x221,0x50080,
0x18,0x222,0x213,0x2c,0x60041,0x12a,0x223,0x14,
0x1c,0x222,0x4003d,0x18,0x224,0x223,0x4007c,0x17,
0x225,0x224,0x500af,0x20,0x226,0x1cf,0x225,0x200f9,
0x220,0x200f8,0x220,0x700f5,0x20,0x227,0x26,0x21a,
0x226,0x221,0x300f7,0x228,0x0,0x400fa,0x227,0x229,
0x228,0x200f8,0x229,0x200f9,0x1f6,0x200f8,0x228,0x500c7,
0x18,0x22a,0x216,0x27,0x500ab,0x20,0x22b,0x22a,
0x19,0x300f7,0x22c,0x0,0x400fa,0x22b,0x22d,0x22c,
0x200f8,0x22d,0x50080,0x18,0x22e,0x213,0x47,0x60041,
0x12a,0x22f,0x14,0x1c,0x22e,0x4003d,0x18,0x230,
0x22f,0x4007c,0x17,0x231,0x230,0x500ab,0x20,0x232,
0x1cf,0x231,0x200f9,0x22c,0x200f8,0x22c,0x700f5,0x20,
0x233,0x21,0x228,0x232,0x22d,0x300f7,0x234,0x0,
0x400fa,0x233,0x235,0x234,0x200f8,0x235,0x50080,0x18,
0x236,0x213,0x48,0x60041,0x12a,0x237,0x14,0x1c,
0x236,0x4003d,0x18,0x238,0x237,0x4007c,0x17,0x239,
0x238,0x500ab,0x20,0x23a,0x1cf,0x239,0x200f9,0x234,
0x200f8,0x234,0x700f5,0x20,0x23b,0x21,0x22c,0x23a,
0x235,0x300f7,0x23c,0x0,0x400fa,0x23b,0x23d,0x23c,
0x200f8,0x23d,0x200f9,0x1f6,0x200f8,0x23c,0x500c7,0x18,
0x23e,0x216,0x1f,0x500ab,0x20,0x23f,0x23e,0x19,
0x300f7,0x240,0x0,0x400fa,0x23f,0x241,0x240,0x200f8,
0x241,0x50080,0x18,0x242,0x1c5,0x27,0x60041,0x12a,
0x243,0x14,0x1c,0x242,0x4003d,0x18,0x244,0x243,
0x50080,0x18,0x245,0x213,0x2a,0x60041,0x12a,0x246,
0x14,0x1c,0x245,0x4003d,0x18,0x247,0x246,0x50080,
0x18,0x248,0x213,0x1d,0x60041,0x12a,0x249,0x14,
0x1c,0x248,0x4003d,0x18,0x24a,0x249,0x50084,0x18,
0x24b,0x211,0x24a,0x50080,0x18,0x24c,0x247,0x24b,
0x50086,0x18,0x24d,0x24c,0x1f,0x50080,0x18,0x24e,
0x244,0x24d,0x4007c,0x18,0x24f,0x1cf,0x50086,0x18,
0x250,0x24f,0x49,0x50080,0x18,0x251,0x24e,0x250,
0x60041,0x12a,0x252,0x14,0x1c,0x251,0x4003d,0x18,
0x253,0x252,0x500c7,0x18,0x254,0x24f,0x2d,0x500c4,
0x18,0x255,0x27,0x254,0x500c7,0x18,0x256,0x253,
0x255,0x500aa,0x20,0x257,0x256,0x19,0x300f7,0x258,
0x0,0x400fa,0x257,0x259,0x258,0x200f8,0x259,0x200f9,
0x1f6,0x200f8,0x258,0x200f9,0x240,0x200f8,0x240,0x500c7,
0x18,0x25a,0x169,0x4a,0x500ab,0x20,0x25b,0x25a,
0x19,0x300f7,0x25c,0x0,0x400fa,0x25b,0x25d,0x25c,
0x200f8,0x25d,0x50080,0x18,0x25e,0x213,0x4b,0x60041,
0x12a,0x25f,0x14,0x1c,0x25e,0x4003d,0x18,0x260,
0x25f,0x7000c,0x18,0x261,0x1,0x29,0x27,0x260,
0x50080,0x18,0x262,0x213,0x4c,0x60041,0x12a,0x263,
0x14,0x1c,0x262,0x4003d,0x18,0x264,0x263,0x500ab,
0x20,0x265,0x264,0x19,0x300f7,0x266,0x0,0x400fa,
0x265,0x267,0x266,0x200f8,0x267,0x4007c,0x18,0x268,
0x1cf,0x50086,0x18,0x269,0x268,0x261,0x4007c,0x18,
0x26a,0x201,0x50086,0x18,0x26b,0x26a,0x261,0x500c6,
0x18,0x26c,0x269,0x26b,0x500c7,0x18,0x26d,0x26c,
0x27,0x500ab,0x20,0x26e,0x26d,0x19,0x200f9,0x266,
0x200f8,0x266,0x700f5,0x20,0x26f,0x21,0x25d,0x26e,
0x267,0x300f7,0x270,0x0,0x400fa,0x26f,0x271,0x272,
0x200f8,0x272,0x50080,0x18,0x273,0x213,0x1f,0x60041,
0x12a,0x274,0x14,0x1c,0x273,0x4003d,0x18,0x275,
0x274,0x200f9,0x270,0x200f8,0x271,0x50080,0x18,0x276,
0x213,0x4d,0x60041,0x12a,0x277,0x14,0x1c,0x276,
0x4003d,0x18,0x278,0x277,0x200f9,0x270,0x200f8,0x270,
0x700f5,0x18,0x279,0x278,0x271,0x275,0x272,0x50051,
0x18,0x27a,0x15d,0x2,0x500c7,0x18,0x27b,0x279,
0x2f,0x50080,0x18,0x27c,0x27a,0x27b,0x60041,0x12a,
0x27d,0x14,0x1c,0x27c,0x4003d,0x18,0x27e,0x27d,
0x500c7,0x18,0x27f,0x27e,0x2f,0x40070,0x22,0x280,
0x27f,0x500c2,0x18,0x281,0x27e,0x2a,0x500c7,0x18,
0x282,0x281,0x2f,0x40070,0x22,0x283,0x282,0x500c2,
0x18,0x284,0x27e,0x32,0x500c7,0x18,0x285,0x284,
0x2f,0x40070,0x22,0x286,0x285,0x500c2,0x18,0x287,
0x27e,0x45,0x40070,0x22,0x288,0x287,0x70050,0x34,
0x289,0x280,0x283,0x286,0x288,0x50085,0x34,0x28a,
0x289,0x138,0x500c7,0x18,0x28b,0x169,0x4e,0x500ab,
0x20,0x28c,0x28b,0x19,0x300f7,0x28d,0x0,0x400fa,
0x28c,0x28e,0x28d,0x200f8,0x28e,0x8004f,0x36,0x28f,
0x28a,0x28a,0x0,0x1,0x2,0x500bc,0x12c,0x290,
0x28f,0x37,0x50085,0x36,0x291,0x28f,0x13a,0x50081,
0x36,0x292,0x28f,0x39,0x50085,0x36,0x293,0x292,
0x13c,0x7000c,0x36,0x294,0x1,0x1a,0x293,0x3b,
0x600a9,0x36,0x295,0x290,0x291,0x294,0x9004f,0x34,
0x296,0x28a,0x295,0x4,0x5,0x6,0x3,0x200f9,
0x28d,0x200f8,0x28d,0x700f5,0x34,0x297,0x28a,0x270,
0x296,0x28e,0x200f9,0x1f8,0x200f8,0x25c,0x7000c,0x18,
0x298,0x1,0x29,0x27,0x15a,0x500ab,0x20,0x299,
0x15a,0x19,0x300f7,0x29a,0x0,0x400fa,0x299,0x29b,
0x29a,0x200f8,0x29b,0x4007c,0x18,0x29c,0x1cf,0x50086,
0x18,0x29d,0x29c,0x298,0x4007c,0x18,0x29e,0x201,
0x50086,0x18,0x29f,0x29e,0x298,0x500c6,0x18,0x2a0,
0x29d,0x29f,0x500c7,0x18,0x2a1,0x2a0,0x27,0x500ab,
0x20,0x2a2,0x2a1,0x19,0x200f9,0x29a,0x200f8,0x29a,
0x700f5,0x20,0x2a3,0x21,0x25c,0x2a2,0x29b,0x300f7,
0x2a4,0x0,0x400fa,0x2a3,0x2a5,0x2a4,0x200f8,0x2a5,
0x200f9,0x1f8,0x200f8,0x2a4,0x200f9,0x1f8,0x200f8,0x1f6,
0x50080,0x18,0x1f5,0x1f4,0x27,0x200f9,0x1f3,0x200f8,
0x1f8,0xb00f5,0x34,0x2a6,0x133,0x1f3,0x297,0x28d,
0x159,0x2a5,0x158,0x2a4,0xb00f5,0x20,0x2a7,0x21,
0x1f3,0x26,0x28d,0x26,0x2a5,0x26,0x2a4,0x300f7,
0x2a8,0x0,0x400fa,0x2a7,0x164,0x2a8,0x200f8,0x2a8,
0x100fc,0x200f8,0x1c3,0x500c7,0x18,0x2a9,0x169,0x2a,
0x500ab,0x20,0x2aa,0x2a9,0x19,0x50050,0x12b,0x2ab,
0x2aa,0x2aa,0x600a9,0x24,0x2ac,0x2ab,0x160,0x15c,
0x500c7,0x18,0x2ad,0x169,0x4f,0x500ab,0x20,0x2ae,
0x2ad,0x19,0x300f7,0x2af,0x0,0x400fa,0x2ae,0x2b0,
0x2af,0x200f8,0x2b0,0x500b8,0x12b,0x2b1,0x2ac,0x25,
0x4009a,0x20,0x2b2,0x2b1,0x400a8,0x20,0x2b3,0x2b2,
0x300f7,0x2b4,0x0,0x400fa,0x2b3,0x2b5,0x2b4,0x200f8,
0x2b5,0x500be,0x12b,0x2b6,0x2ac,0x51,0x4009a,0x20,
0x2b7,0x2b6,0x200f9,0x2b4,0x200f8,0x2b4,0x700f5,0x20,
0x2b8,0x26,0x2b0,0x2b7,0x2b5,0x300f7,0x2b9,0x0,
0x400fa,0x2b8,0x2ba,0x2b9,0x200f8,0x2ba,0x100fc,0x200f8,
0x2b9,0x6000c,0x24,0x2bb,0x1,0x8,0x2ac,0x4006d,
0x28,0x2bc,0x2bb,0x50051,0x18,0x2bd,0x15d,0x0,
0x50080,0x18,0x2be,0x2bd,0x27,0x50051,0x18,0x2bf,
0x2bc,0x1,0x500c2,0x18,0x2c0,0x2bf,0x27,0x50080,
0x18,0x2c1,0x2be,0x2c0,0x60041,0x12a,0x2c2,0x14,
0x1c,0x2c1,0x4003d,0x18,0x2c3,0x2c2,0x500c7,0x18,
0x2c4,0x2bf,0x27,0x50084,0x18,0x2c5,0x2c4,0x32,
0x500c7,0x18,0x2c6,0x2c5,0x2d,0x500c2,0x18,0x2c7,
0x2c3,0x2c6,0x50051,0x18,0x2c8,0x2bc,0x0,0x500c7,
0x18,0x2c9,0x2c8,0x2d,0x500c2,0x18,0x2ca,0x52,
0x2c9,0x500c7,0x18,0x2cb,0x2c7,0x2ca,0x500aa,0x20,
0x2cc,0x2cb,0x19,0x300f7,0x2cd,0x0,0x400fa,0x2cc,
0x2ce,0x2cd,0x200f8,0x2ce,0x100fc,0x200f8,0x2cd,0x60041,
0x12a,0x2cf,0x14,0x1c,0x2bd,0x4003d,0x18,0x2d0,
0x2cf,0x500c2,0x18,0x2d1,0x2d0,0x45,0x500aa,0x20,
0x2d2,0x2d1,0x19,0x300f7,0x2d3,0x0,0x400fa,0x2d2,
0x2d4,0x2d3,0x200f8,0x2d4,0x100fc,0x200f8,0x2d3,0x500c7,
0x18,0x2d5,0x2d0,0x2f,0x40070,0x22,0x2d6,0x2d5,
0x500c2,0x18,0x2d7,0x2d0,0x2a,0x500c7,0x18,0x2d8,
0x2d7,0x2f,0x40070,0x22,0x2d9,0x2d8,0x500c2,0x18,
0x2da,0x2d0,0x32,0x500c7,0x18,0x2db,0x2da,0x2f,
0x40070,0x22,0x2dc,0x2db,0x40070,0x22,0x2dd,0x2d1,
0x70050,0x34,0x2de,0x2d6,0x2d9,0x2dc,0x2dd,0x50085,
0x34,0x2df,0x2de,0x138,0x500c7,0x18,0x2e0,0x169,
0x2c,0x500ab,0x20,0x2e1,0x2e0,0x19,0x300f7,0x2e2,
0x0,0x400fa,0x2e1,0x2e3,0x2e2,0x200f8,0x2e3,0x8004f,
0x36,0x2e4,0x2df,0x2df,0x0,0x1,0x2,0x500bc,
0x12c,0x2e5,0x2e4,0x37,0x50085,0x36,0x2e6,0x2e4,
0x13a,0x50081,0x36,0x2e7,0x2e4,0x39,0x50085,0x36,
0x2e8,0x2e7,0x13c,0x7000c,0x36,0x2e9,0x1,0x1a,
0x2e8,0x3b,0x600a9,0x36,0x2ea,0x2e5,0x2e6,0x2e9,
0x9004f,0x34,0x2eb,0x2df,0x2ea,0x4,0x5,0x6,
0x3,0x200f9,0x2e2,0x200f8,0x2e2,0x700f5,0x34,0x2ec,
0x2df,0x2d3,0x2eb,0x2e3,0x200f9,0x164,0x200f8,0x2af,
0x500c7,0x18,0x2ed,0x169,0x53,0x500ab,0x20,0x2ee,
0x2ed,0x19,0x300f7,0x2ef,0x0,0x400fa,0x2ee,0x2f0,
0x2ef,0x200f8,0x2f0,0x6000c,0x24,0x2f1,0x1,0x8,
0x2ac,0x4006e,0x54,0x2f2,0x2f1,0x500b1,0x12b,0x2f3,
0x2f2,0x55,0x4009a,0x20,0x2f4,0x2f3,0x400a8,0x20,
0x2f5,0x2f4,0x300f7,0x2f6,0x0,0x400fa,0x2f5,0x2f7,
0x2f6,0x200f8,0x2f7,0x50051,0x17,0x2f8,0x2f2,0x0,
0x500af,0x20,0x2f9,0x2f8,0x56,0x200f9,0x2f6,0x200f8,
0x2f6,0x700f5,0x20,0x2fa,0x26,0x2f0,0x2f9,0x2f7,
0x400a8,0x20,0x2fb,0x2fa,0x300f7,0x2fc,0x0,0x400fa,
0x2fb,0x2fd,0x2fc,0x200f8,0x2fd,0x50051,0x17,0x2fe,
0x2f2,0x1,0x500af,0x20,0x2ff,0x2fe,0x57,0x200f9,
0x2fc,0x200f8,0x2fc,0x700f5,0x20,0x300,0x26,0x2f6,
0x2ff,0x2fd,0x300f7,0x301,0x0,0x400fa,0x300,0x302,
0x301,0x200f8,0x302,0x100fc,0x200f8,0x301,0x50051,0x18,
0x303,0x15d,0x0,0x50051,0x17,0x304,0x2f2,0x1,
0x4007c,0x18,0x305,0x304,0x50084,0x18,0x306,0x305,
0x2c,0x50080,0x18,0x307,0x303,0x306,0x60041,0x12a,
0x308,0x14,0x1c,0x307,0x4003d,0x18,0x309,0x308,
0x50080,0x18,0x30a,0x307,0x27,0x60041,0x12a,0x30b,
0x14,0x1c,0x30a,0x4003d,0x18,0x30c,0x30b,0x200f9,
0x30d,0x200f8,0x30d,0x700f5,0x18,0x30e,0x19,0x301,
0x30f,0x310,0x500b0,0x20,0x311,0x30e,0x30c,0x400f6,
0x312,0x310,0x0,0x400fa,0x311,0x313,0x312,0x200f8,
0x313,0x50080,0x18,0x314,0x309,0x30e,0x60041,0x12a,
0x315,0x14,0x1c,0x314,0x4003d,0x18,0x316,0x315,
0x50080,0x18,0x317,0x316,0x27,0x60041,0x12a,0x318,
0x14,0x1c,0x317,0x4003d,0x18,0x319,0x318,0x4007c,
0x17,0x31a,0x319,0x50080,0x18,0x31b,0x316,0x2c,
0x60041,0x12a,0x31c,0x14,0x1c,0x31b,0x4003d,0x18,
0x31d,0x31c,0x4007c,0x17,0x31e,0x31d,0x50050,0x54,
0x31f,0x31a,0x31e,0x60041,0x12a,0x320,0x14,0x1c,
0x316,0x4003d,0x18,0x321,0x320,0x500ab,0x20,0x322,
0x321,0x19,0x300f7,0x323,0x0,0x400fa,0x322,0x324,
0x323,0x200f8,0x324,0x500aa,0x12b,0x325,0x2f2,0x31f,
0x4009b,0x20,0x326,0x325,0x300f7,0x327,0x0,0x400fa,
0x326,0x328,0x327,0x200f8,0x328,0x200f9,0x312,0x200f8,
0x327,0x200f9,0x310,0x200f8,0x323,0x50080,0x18,0x329,
0x316,0x2e,0x60041,0x12a,0x32a,0x14,0x1c,0x329,
0x4003d,0x18,0x32b,0x32a,0x4007c,0x17,0x32c,0x32b,
0x50080,0x18,0x32d,0x316,0x1f,0x60041,0x12a,0x32e,
0x14,0x1c,0x32d,0x4003d,0x18,0x32f,0x32e,0x4007c,
0x17,0x330,0x32f,0x50082,0x17,0x331,0x31a,0x32c,
0x50082,0x17,0x332,0x31e,0x330,0x50082,0x17,0x333,
0x31a,0x30,0x50051,0x17,0x334,0x2f2,0x0,0x50082,
0x17,0x335,0x333,0x334,0x500af,0x20,0x336,0x335,
0x1c,0x300f7,0x337,0x0,0x400fa,0x336,0x338,0x337,
0x200f8,0x338,0x7000c,0x17,0x339,0x1,0x2a,0x331,
0x1c,0x500ad,0x20,0x33a,0x335,0x339,0x200f9,0x337,
0x200f8,0x337,0x700f5,0x20,0x33b,0x26,0x323,0x33a,
0x338,0x300f7,0x33c,0x0,0x400fa,0x33b,0x33d,0x33c,
0x200f8,0x33d,0x200f9,0x310,0x200f8,0x33c,0x500ad,0x20,
0x33e,0x335,0x1c,0x300f7,0x33f,0x0,0x400fa,0x33e,
0x340,0x33f,0x200f8,0x340,0x500ad,0x20,0x341,0x331,
0x1c,0x200f9,0x33f,0x200f8,0x33f,0x700f5,0x20,0x342,
0x21,0x33c,0x341,0x340,0x300f7,0x343,0x0,0x400fa,
0x342,0x344,0x343,0x200f8,0x344,0x6000c,0x17,0x345,
0x1,0x5,0x332,0x50084,0x17,0x346,0x335,0x345,
0x50082,0x17,0x347,0x346,0x2b,0x50087,0x17,0x348,
0x347,0x331,0x7000c,0x17,0x349,0x1,0x2a,0x1c,
0x348,0x7000c,0x17,0x34a,0x1,0x27,0x335,0x349,
0x200f9,0x343,0x200f8,0x343,0x700f5,0x17,0x34b,0x1c,
0x33f,0x34a,0x344,0x500b1,0x20,0x34c,0x31e,0x330,
0x600a9,0x17,0x34d,0x34c,0x2b,0x42,0x50084,0x17,
0x34e,0x34b,0x34d,0x50080,0x17,0x34f,0x31e,0x34e,
0x500aa,0x20,0x350,0x304,0x34f,0x300f7,0x351,0x0,
0x400fa,0x350,0x352,0x351,0x200f8,0x352,0x200f9,0x312,
0x200f8,0x351,0x200f9,0x310,0x200f8,0x310,0x50080,0x18,
0x30f,0x30e,0x27,0x200f9,0x30d,0x200f8,0x312,0x900f5,
0x34,0x353,0x133,0x30d,0x158,0x328,0x158,0x352,
0x900f5,0x20,0x354,0x21,0x30d,0x26,0x328,0x26,
0x352,0x300f7,0x355,0x0,0x400fa,0x354,0x164,0x355,
0x200f8,0x355,0x100fc,0x200f8,0x2ef,0x500c7,0x18,0x356,
0x169,0x58,0x500ab,0x20,0x357,0x356,0x19,0x300f7,
0x358,0x0,0x400fa,0x357,0x359,0x358,0x200f8,0x359,
0x50051,0x18,0x35a,0x15d,0x0,0x60041,0x12a,0x35b,
0x14,0x1c,0x35a,0x4003d,0x18,0x35c,0x35b,0x4007c,
0x17,0x35d,0x35c,0x50080,0x18,0x35e,0x35a,0x27,
0x60041,0x12a,0x35f,0x14,0x1c,0x35e,0x4003d,0x18,
0x360,0x35f,0x4007c,0x17,0x361,0x360,0x50080,0x18,
0x362,0x35a,0x2c,0x60041,0x12a,0x363,0x14,0x1c,
0x362,0x4003d,0x18,0x364,0x363,0x4007c,0x17,0x365,
0x364,0x50080,0x18,0x366,0x35a,0x2e,0x60041,0x12a,
0x367,0x14,0x1c,0x366,0x4003d,0x18,0x368,0x367,
0x4007c,0x17,0x369,0x368,0x6000c,0x24,0x36a,0x1,
0x8,0x2ac,0x4006e,0x54,0x36b,0x36a,0x50082,0x17,
0x36c,0x35d,0x365,0x50082,0x17,0x36d,0x361,0x369,
0x50082,0x17,0x36e,0x35d,0x30,0x50051,0x17,0x36f,
0x36b,0x0,0x50082,0x17,0x370,0x36e,0x36f,0x500af,
0x20,0x371,0x370,0x1c,0x300f7,0x372,0x0,0x400fa,
0x371,0x373,0x372,0x200f8,0x373,0x7000c,0x17,0x374,
0x1,0x2a,0x36c,0x1c,0x500ad,0x20,0x375,0x370,
0x374,0x200f9,0x372,0x200f8,0x372,0x700f5,0x20,0x376,
0x26,0x359,0x375,0x373,0x300f7,0x377,0x0,0x400fa,
0x376,0x378,0x377,0x200f8,0x378,0x100fc,0x200f8,0x377,
0x500ad,0x20,0x379,0x370,0x1c,0x300f7,0x37a,0x0,
0x400fa,0x379,0x37b,0x37a,0x200f8,0x37b,0x500ad,0x20,
0x37c,0x36c,0x1c,0x200f9,0x37a,0x200f8,0x37a,0x700f5,
0x20,0x37d,0x21,0x377,0x37c,0x37b,0x300f7,0x37e,
0x0,0x400fa,0x37d,0x37f,0x37e,0x200f8,0x37f,0x6000c,
0x17,0x380,0x1,0x5,0x36d,0x50084,0x17,0x381,
0x370,0x380,0x50082,0x17,0x382,0x381,0x2b,0x50087,
0x17,0x383,0x382,0x36c,0x7000c,0x17,0x384,0x1,
0x2a,0x1c,0x383,0x7000c,0x17,0x385,0x1,0x27,
0x370,0x384,0x200f9,0x37e,0x200f8,0x37e,0x700f5,0x17,
0x386,0x1c,0x37a,0x385,0x37f,0x50051,0x17,0x387,
0x36b,0x1,0x500b1,0x20,0x388,0x361,0x369,0x600a9,
0x17,0x389,0x388,0x2b,0x42,0x50084,0x17,0x38a,
0x386,0x389,0x50080,0x17,0x38b,0x361,0x38a,0x500ab,
0x20,0x38c,0x387,0x38b,0x300f7,0x38d,0x0,0x400fa,
0x38c,0x38e,0x38d,0x200f8,0x38e,0x100fc,0x200f8,0x38d,
0x200f9,0x164,0x200f8,0x358,0x500c7,0x18,0x38f,0x169,
0x49,0x500ab,0x20,0x390,0x38f,0x19,0x300f7,0x391,
0x0,0x400fa,0x390,0x392,0x391,0x200f8,0x392,0x50051,
0x18,0x393,0x15d,0x0,0x50051,0x18,0x394,0x15d,
0x1,0x50080,0x18,0x395,0x393,0x32,0x50080,0x18,
0x396,0x395,0x394,0x60041,0x12a,0x397,0x14,0x1c,
0x396,0x4003d,0x18,0x398,0x397,0x50080,0x18,0x399,
0x393,0x48,0x60041,0x12a,0x39a,0x14,0x1c,0x399,
0x4003d,0x18,0x39b,0x39a,0x50082,0x18,0x39c,0x41,
0x39b,0x500c7,0x18,0x39d,0x398,0x2f,0x500c2,0x18,
0x39e,0x398,0x2a,0x500c7,0x18,0x39f,0x39e,0x2f,
0x500c2,0x18,0x3a0,0x398,0x32,0x500c7,0x18,0x3a1,
0x3a0,0x2f,0x60050,0x9b,0x3a2,0x39d,0x39f,0x3a1,
0x60050,0x9b,0x3a3,0x39c,0x39c,0x39c,0x50084,0x9b,
0x3a4,0x3a2,0x3a3,0x50086,0x9b,0x3a5,0x3a4,0x9c,
0x500c2,0x18,0x3a6,0x398,0x45,0x40070,0x22,0x3a7,
0x3a6,0x50051,0x18,0x3a8,0x3a5,0x0,0x50051,0x18,
0x3a9,0x3a5,0x1,0x50051,0x18,0x3aa,0x3a5,0x2,
0x40070,0x22,0x3ab,0x3a8,0x40070,0x22,0x3ac,0x3a9,
0x40070,0x22,0x3ad,0x3aa,0x70050,0x34,0x3ae,0x3ab,
0x3ac,0x3ad,0x3a7,0x50085,0x34,0x3af,0x3ae,0x138,
0x500c7,0x18,0x3b0,0x169,0x2c,0x500ab,0x20,0x3b1,
0x3b0,0x19,0x300f7,0x3b2,0x0,0x400fa,0x3b1,0x3b3,
0x3b2,0x200f8,0x3b3,0x8004f,0x36,0x3b4,0x3af,0x3af,
0x0,0x1,0x2,0x500bc,0x12c,0x3b5,0x3b4,0x37,
0x50085,0x36,0x3b6,0x3b4,0x13a,0x50081,0x36,0x3b7,
0x3b4,0x39,0x50085,0x36,0x3b8,0x3b7,0x13c,0x7000c,
0x36,0x3b9,0x1,0x1a,0x3b8,0x3b,0x600a9,0x36,
0x3ba,0x3b5,0x3b6,0x3b9,0x9004f,0x34,0x3bb,0x3af,
0x3ba,0x4,0x5,0x6,0x3,0x200f9,0x3b2,0x200f8,
0x3b2,0x700f5,0x34,0x3bc,0x3af,0x392,0x3bb,0x3b3,
0x200f9,0x164,0x200f8,0x391,0x500c7,0x18,0x3bd,0x169,
0x32,0x500ab,0x20,0x3be,0x3bd,0x19,0x300f7,0x3bf,
0x0,0x400fa,0x3be,0x3c0,0x3bf,0x200f8,0x3c0,0x50051,
0x18,0x3c1,0x15d,0x0,0x6000c,0x24,0x3c2,0x1,
0x8,0x2ac,0x4006e,0x54,0x3c3,0x3c2,0x50051,0x18,
0x3c4,0x15d,0x2,0x500c2,0x18,0x3c5,0x3c4,0x2a,
0x500c7,0x18,0x3c6,0x3c4,0x2f,0x500b1,0x12b,0x3c7,
0x3c3,0x55,0x4009a,0x20,0x3c8,0x3c7,0x400a8,0x20,
0x3c9,0x3c8,0x300f7,0x3ca,0x0,0x400fa,0x3c9,0x3cb,
0x3ca,0x200f8,0x3cb,0x4007c,0x17,0x3cc,0x3c5,0x50050,
0x54,0x3cd,0x3cc,0x3cc,0x500af,0x12b,0x3ce,0x3c3,
0x3cd,0x4009a,0x20,0x3cf,0x3ce,0x200f9,0x3ca,0x200f8,
0x3ca,0x700f5,0x20,0x3d0,0x26,0x3c0,0x3cf,0x3cb,
0x300f7,0x3d1,0x0,0x400fa,0x3d0,0x3d2,0x3d1,0x200f8,
0x3d2,0x100fc,0x200f8,0x3d1,0x500c7,0x18,0x3d3,0x3c4,
0x9d,0x500ab,0x20,0x3d4,0x3d3,0x19,0x300f7,0x3d5,
0x0,0x400fa,0x3d4,0x3d6,0x3d5,0x200f8,0x3d6,0x4007c,
0x17,0x3d7,0x3c5,0x50082,0x17,0x3d8,0x3d7,0x2b,
0x50051,0x17,0x3d9,0x3c3,0x0,0x50082,0x17,0x3da,
0x3d8,0x3d9,0x60052,0x54,0x3db,0x3da,0x3c3,0x0,
0x200f9,0x3d5,0x200f8,0x3d5,0x700f5,0x54,0x3dc,0x3c3,
0x3d1,0x3db,0x3d6,0x500c7,0x18,0x3dd,0x3c4,0x9e,
0x500ab,0x20,0x3de,0x3dd,0x19,0x300f7,0x3df,0x0,
0x400fa,0x3de,0x3e0,0x3df,0x200f8,0x3e0,0x4007c,0x17,
0x3e1,0x3c5,0x50082,0x17,0x3e2,0x3e1,0x2b,0x50051,
0x17,0x3e3,0x3dc,0x1,0x50082,0x17,0x3e4,0x3e2,
0x3e3,0x60052,0x54,0x3e5,0x3e4,0x3dc,0x1,0x200f9,
0x3df,0x200f8,0x3df,0x700f5,0x54,0x3e6,0x3dc,0x3d5,
0x3e5,0x3e0,0x50051,0x18,0x3e7,0x15d,0x1,0x500c7,
0x18,0x3e8,0x3e7,0x2f,0x500c2,0x18,0x3e9,0x3e7,
0x2a,0x500c7,0x18,0x3ea,0x3e7,0x9f,0x50084,0x18,
0x3eb,0x3ea,0xa0,0x500c7,0x18,0x3ec,0x3e9,0x58,
0x500ab,0x20,0x3ed,0x3ec,0x19,0x300f7,0x3ee,0x0,
0x400fa,0x3ed,0x3ef,0x3ee,0x200f8,0x3ef,0x500c2,0x18,
0x3f0,0x3e8,0x2e,0x500c7,0x18,0x3f1,0x3f0,0x2e,
0x50080,0x18,0x3f2,0x3f1,0x27,0x50084,0x18,0x3f3,
0x3f2,0xa1,0x50080,0x18,0x3f4,0x3eb,0x3f3,0x200f9,
0x3ee,0x200f8,0x3ee,0x700f5,0x18,0x3f5,0x3eb,0x3df,
0x3f4,0x3ef,0x500c7,0x18,0x3f6,0x3e9,0x2f,0x50051,
0x17,0x3f7,0x3e6,0x1,0x500c3,0x17,0x3f8,0x3f7,
0x1a,0x4007c,0x18,0x3f9,0x3f8,0x50084,0x18,0x3fa,
0x3f9,0x32,0x50080,0x18,0x3fb,0x3f6,0x3fa,0x50051,
0x17,0x3fc,0x3e6,0x0,0x500c3,0x17,0x3fd,0x3fc,
0x1a,0x4007c,0x18,0x3fe,0x3fd,0x50080,0x18,0x3ff,
0x3fb,0x3fe,0x50084,0x18,0x400,0x3f5,0x2c,0x50084,
0x18,0x401,0x3ff,0x49,0x50080,0x18,0x402,0x400,
0x401,0x500c7,0x17,0x403,0x3f7,0xa2,0x4007c,0x18,
0x404,0x403,0x50084,0x18,0x405,0x404,0x2c,0x50080,
0x18,0x406,0x402,0x405,0x500c7,0x17,0x407,0x3fc,
0xa2,0x4007c,0x18,0x408,0x407,0x500c7,0x18,0x409,
0x408,0x2d,0x500c2,0x18,0x40a,0x9e,0x409,0x200f9,
0x40b,0x200f8,0x40b,0x700f5,0x18,0x40c,0x19,0x3ee,
0x40d,0x40e,0x700f5,0x18,0x40f,0x19,0x3ee,0x410,
0x40e,0x500b0,0x20,0x411,0x40f,0x2c,0x400f6,0x412,
0x40e,0x0,0x400fa,0x411,0x413,0x412,0x200f8,0x413,
0x50084,0x18,0x414,0x40f,0x32,0x50080,0x18,0x415,
0x406,0x414,0x500c7,0x18,0x416,0x415,0x3e,0x50080,
0x18,0x417,0x3c1,0xc1,0x500c2,0x18,0x418,0x416,
0x2c,0x50080,0x18,0x419,0x417,0x418,0x60041,0x12a,
0x41a,0x14,0x1c,0x419,0x4003d,0x18,0x41b,0x41a,
0x500c7,0x18,0x41c,0x415,0x2e,0x50084,0x18,0x41d,
0x41c,0x2a,0x500c7,0x18,0x41e,0x41d,0x2d,0x500c2,
0x18,0x41f,0x41b,0x41e,0x500c7,0x18,0x420,0x41f,
0x2f,0x500c7,0x18,0x421,0x420,0x40a,0x500ab,0x20,
0x422,0x421,0x19,0x300f7,0x423,0x0,0x400fa,0x422,
0x424,0x423,0x200f8,0x424,0x50084,0x18,0x425,0x40f,
0x2c,0x500c7,0x18,0x426,0x425,0x2d,0x500c4,0x18,
0x427,0x27,0x426,0x500c5,0x18,0x428,0x40c,0x427,
0x200f9,0x423,0x200f8,0x423,0x700f5,0x18,0x429,0x40c,
0x413,0x428,0x424,0x50080,0x18,0x42a,0x415,0x27,
0x500c7,0x18,0x42b,0x42a,0x3e,0x500c2,0x18,0x42c,
0x42b,0x2c,0x50080,0x18,0x42d,0x417,0x42c,0x60041,
0x12a,0x42e,0x14,0x1c,0x42d,0x4003d,0x18,0x42f,
0x42e,0x500c7,0x18,0x430,0x42a,0x2e,0x50084,0x18,
0x431,0x430,0x2a,0x500c7,0x18,0x432,0x431,0x2d,
0x500c2,0x18,0x433,0x42f,0x432,0x500c7,0x18,0x434,
0x433,0x2f,0x500c7,0x18,0x435,0x434,0x40a,0x500ab,
0x20,0x436,0x435,0x19,0x300f7,0x437,0x0,0x400fa,
0x436,0x438,0x437,0x200f8,0x438,0x50084,0x18,0x439,
0x40f,0x2c,0x500c7,0x18,0x43a,0x439,0x2d,0x500c4,
0x18,0x43b,0x2c,0x43a,0x500c5,0x18,0x43c,0x429,
0x43b,0x200f9,0x437,0x200f8,0x437,0x700f5,0x18,0x40d,
0x429,0x423,0x43c,0x438,0x200f9,0x40e,0x200f8,0x40e,
0x50080,0x18,0x410,0x40f,0x27,0x200f9,0x40b,0x200f8,
0x412,0x500aa,0x20,0x43d,0x40c,0x19,0x300f7,0x43e,
0x0,0x400fa,0x43d,0x43f,0x43e,0x200f8,0x43f,0x100fc,
0x200f8,0x43e,0x500c2,0x18,0x440,0x3c6,0x27,0x500c7,
0x18,0x441,0x440,0x9f,0x50084,0x18,0x442,0x441,
0x32,0x50080,0x18,0x443,0x9e,0x442,0x50080,0x18,
0x444,0x443,0x40c,0x50080,0x18,0x445,0x3c1,0x32,
0x50080,0x18,0x446,0x445,0x444,0x60041,0x12a,0x447,
0x14,0x1c,0x446,0x4003d,0x18,0x448,0x447,0x50080,
0x18,0x449,0x3c1,0x48,0x60041,0x12a,0x44a,0x14,
0x1c,0x449,0x4003d,0x18,0x44b,0x44a,0x50082,0x18,
0x44c,0x41,0x44b,0x500c7,0x18,0x44d,0x448,0x2f,
0x500c2,0x18,0x44e,0x448,0x2a,0x500c7,0x18,0x44f,
0x44e,0x2f,0x500c2,0x18,0x450,0x448,0x32,0x500c7,
0x18,0x451,0x450,0x2f,0x60050,0x9b,0x452,0x44d,
0x44f,0x451,0x60050,0x9b,0x453,0x44c,0x44c,0x44c,
0x50084,0x9b,0x454,0x452,0x453,0x50086,0x9b,0x455,
0x454,0x9c,0x500c2,0x18,0x456,0x448,0x45,0x40070,
0x22,0x457,0x456,0x50051,0x18,0x458,0x455,0x0,
0x50051,0x18,0x459,0x455,0x1,0x50051,0x18,0x45a,
0x455,0x2,0x40070,0x22,0x45b,0x458,0x40070,0x22,
0x45c,0x459,0x40070,0x22,0x45d,0x45a,0x70050,0x34,
0x45e,0x45b,0x45c,0x45d,0x457,0x50085,0x34,0x45f,
0x45e,0x138,0x500c7,0x18,0x460,0x169,0x2c,0x500ab,
0x20,0x461,0x460,0x19,0x300f7,0x462,0x0,0x400fa,
0x461,0x463,0x462,0x200f8,0x463,0x8004f,0x36,0x464,
0x45f,0x45f,0x0,0x1,0x2,0x500bc,0x12c,0x465,
0x464,0x37,0x50085,0x36,0x466,0x464,0x13a,0x50081,
0x36,0x467,0x464,0x39,0x50085,0x36,0x468,0x467,
0x13c,0x7000c,0x36,0x469,0x1,0x1a,0x468,0x3b,
0x600a9,0x36,0x46a,0x465,0x466,0x469,0x9004f,0x34,
0x46b,0x45f,0x46a,0x4,0x5,0x6,0x3,0x200f9,
0x462,0x200f8,0x462,0x700f5,0x34,0x46c,0x45f,0x43e,
0x46b,0x463,0x200f9,0x164,0x200f8,0x3bf,0x300f7,0x46d,
0x0,0x400fa,0x2aa,0x46e,0x46d,0x200f8,0x46e,0x300f7,
0x46f,0x0,0x300fb,0x19,0x470,0x200f8,0x470,0x50051,
0x18,0x471,0x15d,0x0,0x50080,0x18,0x472,0x471,
0x41,0x60041,0x12a,0x473,0x14,0x1c,0x472,0x4003d,
0x18,0x474,0x473,0x500c7,0x18,0x475,0x474,0x3d,
0x500aa,0x20,0x476,0x475,0x19,0x300f7,0x477,0x0,
0x400fa,0x476,0x478,0x477,0x200f8,0x478,0x300f7,0x479,
0x0,0x300fb,0x19,0x47a,0x200f8,0x47a,0x50080,0x18,
0x47b,0x471,0x2c,0x60041,0x12a,0x47c,0x14,0x1c,
0x47b,0x4003d,0x18,0x47d,0x47c,0x50080,0x18,0x47e,
0x471,0x4d,0x60041,0x12a,0x47f,0x14,0x1c,0x47e,
0x4003d,0x18,0x480,0x47f,0x50080,0x18,0x481,0x471,
0x2a,0x60041,0x12a,0x482,0x14,0x1c,0x481,0x4003d,
0x18,0x483,0x482,0x500ab,0x20,0x484,0x483,0x19,
0x600a9,0x17,0x485,0x484,0x3f,0xc2,0x4007c,0x18,
0x486,0x485,0x6000c,0x24,0x487,0x1,0x8,0x2ac,
0x4006e,0x54,0x488,0x487,0x4003d,0x18,0x489,0x473,
0x500c7,0x18,0x48a,0x489,0x59,0x500ab,0x20,0x48b,
0x48a,0x19,0x300f7,0x48c,0x0,0x400fa,0x48b,0x48d,
0x48c,0x200f8,0x48d,0x50051,0x22,0x48e,0x161,0x1,
0x500ba,0x20,0x48f,0x48e,0x23,0x200f9,0x48c,0x200f8,
0x48c,0x700f5,0x20,0x490,0x21,0x47a,0x48f,0x48d,
0x300f7,0x491,0x0,0x400fa,0x490,0x492,0x491,0x200f8,
0x492,0x50051,0x22,0x493,0x161,0x1,0x7004f,0x24,
0x494,0x161,0x161,0x0,0x2,0x6000c,0x22,0x495,
0x1,0x42,0x494,0x7000c,0x22,0x496,0x1,0x50,
0x495,0xa8,0x7000c,0x22,0x497,0x1,0x19,0x493,
0x496,0x50085,0x22,0x498,0x497,0xaa,0x50083,0x22,
0x499,0xc3,0x498,0x6000c,0x22,0x49a,0x1,0x8,
0x499,0x4006e,0x17,0x49b,0x49a,0x60052,0x54,0x49c,
0x49b,0x488,0x1,0x200f9,0x491,0x200f8,0x491,0x700f5,
0x54,0x49d,0x488,0x48c,0x49c,0x492,0x4003d,0x18,
0x49e,0x473,0x500c7,0x18,0x49f,0x49e,0xc4,0x500ab,
0x20,0x4a0,0x49f,0x19,0x300f7,0x4a1,0x0,0x400fa,
0x4a0,0x4a2,0x4a1,0x200f8,0x4a2,0x50051,0x22,0x4a3,
0x161,0x1,0x500bc,0x20,0x4a4,0x4a3,0x23,0x200f9,
0x4a1,0x200f8,0x4a1,0x700f5,0x20,0x4a5,0x21,0x491,
0x4a4,0x4a2,0x300f7,0x4a6,0x0,0x400fa,0x4a5,0x4a7,
0x4a6,0x200f8,0x4a7,0x7004f,0x24,0x4a8,0x161,0x161,
0x0,0x2,0x6000c,0x22,0x4a9,0x1,0x42,0x4a8,
0x7000c,0x22,0x4aa,0x1,0x50,0x4a9,0xa8,0x50051,
0x22,0x4ab,0x161,0x0,0x50051,0x22,0x4ac,0x161,
0x2,0x4007f,0x22,0x4ad,0x4ac,0x7000c,0x22,0x4ae,
0x1,0x19,0x4ab,0x4ad,0x50085,0x22,0x4af,0x4ae,
0xaa,0x50081,0x22,0x4b0,0xa9,0x4af,0x500c7,0x18,
0x4b1,0x47d,0x2c,0x500ab,0x20,0x4b2,0x4b1,0x19,
0x600a9,0x17,0x4b3,0x4b2,0xc5,0xc6,0x4007c,0x18,
0x4b4,0x4b3,0x50084,0x18,0x4b5,0x4b4,0x486,0x50082,
0x18,0x4b6,0x4b5,0x27,0x40070,0x22,0x4b7,0x4b6,
0x50080,0x18,0x4b8,0x471,0x1f,0x60041,0x12a,0x4b9,
0x14,0x1c,0x4b8,0x4003d,0x18,0x4ba,0x4b9,0x4007c,
0x17,0x4bb,0x4ba,0x4006f,0x22,0x4bc,0x4bb,0x50083,
0x22,0x4bd,0x4b7,0x4bc,0x50051,0x22,0x4be,0x161,
0x1,0x50085,0x22,0x4bf,0x4be,0xaa,0x50088,0x22,
0x4c0,0x4bf,0x4aa,0x50083,0x22,0x4c1,0xc3,0x4c0,
0x7000c,0x22,0x4c2,0x1,0x50,0xc7,0x4bd,0x8000c,
0x22,0x4c3,0x1,0x2b,0x4c1,0x23,0x4c2,0x50050,
0x24,0x4c4,0x4b0,0x4c3,0x6000c,0x24,0x4c5,0x1,
0x8,0x4c4,0x4006e,0x54,0x4c6,0x4c5,0x200f9,0x4a6,
0x200f8,0x4a6,0x700f5,0x54,0x4c7,0x49d,0x4a1,0x4c6,
0x4a7,0x4003d,0x18,0x4c8,0x473,0x500c7,0x18,0x4c9,
0x4c8,0x49,0x500ab,0x20,0x4ca,0x4c9,0x19,0x300f7,
0x4cb,0x0,0x400fa,0x4ca,0x4cc,0x4cb,0x200f8,0x4cc,
0x50051,0x22,0x4cd,0x161,0x2,0x6000c,0x22,0x4ce,
0x1,0x4,0x4cd,0x7000c,0x22,0x4cf,0x1,0x50,
0x4ce,0xc8,0x500b8,0x20,0x4d0,0x4cd,0x23,0x300f7,
0x4d1,0x0,0x400fa,0x4d0,0x4d2,0x4d3,0x200f8,0x4d3,
0x200f9,0x4d1,0x200f8,0x4d2,0x50051,0x22,0x4d4,0x161,
0x0,0x50085,0x22,0x4d5,0x4d4,0x5f,0x50088,0x22,
0x4d6,0x4d5,0x4cf,0x50081,0x22,0x4d7,0xa9,0x4d6,
0x200f9,0x4d1,0x200f8,0x4d1,0x700f5,0x22,0x4d8,0x4d7,
0x4d2,0xc9,0x4d3,0x50051,0x22,0x4d9,0x161,0x1,
0x50085,0x22,0x4da,0x4d9,0x5f,0x50088,0x22,0x4db,
0x4da,0x4cf,0x50083,0x22,0x4dc,0xc3,0x4db,0x8000c,
0x22,0x4dd,0x1,0x2b,0x4dc,0x23,0xc7,0x50050,
0x24,0x4de,0x4d8,0x4dd,0x6000c,0x24,0x4df,0x1,
0x8,0x4de,0x4006e,0x54,0x4e0,0x4df,0x200f9,0x4cb,
0x200f8,0x4cb,0x700f5,0x54,0x4e1,0x4c7,0x4a6,0x4e0,
0x4d1,0x50051,0x17,0x4e2,0x4e1,0x1,0x50051,0x17,
0x4e3,0x4e1,0x0,0x4003d,0x18,0x4e4,0x473,0x500c7,
0x18,0x4e5,0x4e4,0x32,0x500ab,0x20,0x4e6,0x4e5,
0x19,0x300f7,0x4e7,0x0,0x400fa,0x4e6,0x4e8,0x4e7,
0x200f8,0x4e8,0x500af,0x20,0x4e9,0x4e2,0x1c,0x300f7,
0x4ea,0x0,0x400fa,0x4e9,0x4eb,0x4ea,0x200f8,0x4eb,
0x500af,0x20,0x4ec,0x4e2,0x56,0x200f9,0x4ea,0x200f8,
0x4ea,0x700f5,0x20,0x4ed,0x26,0x4e8,0x4ec,0x4eb,
0x200f9,0x4e7,0x200f8,0x4e7,0x700f5,0x20,0x4ee,0x21,
0x4cb,0x4ed,0x4ea,0x300f7,0x4ef,0x0,0x400fa,0x4ee,
0x4f0,0x4ef,0x200f8,0x4f0,0x200f9,0x479,0x200f8,0x4ef,
0x50080,0x18,0x4f1,0x471,0x8a,0x60041,0x12a,0x4f2,
0x14,0x1c,0x4f1,0x4003d,0x18,0x4f3,0x4f2,0x500ab,
0x20,0x4f4,0x4f3,0x19,0x300f7,0x4f5,0x0,0x400fa,
0x4f4,0x4f6,0x4f5,0x200f8,0x4f6,0x500af,0x20,0x4f7,
0x4e3,0x1c,0x300f7,0x4f8,0x0,0x400fa,0x4f7,0x4f9,
0x4f8,0x200f8,0x4f9,0x500af,0x20,0x4fa,0x4e3,0xcb,
0x200f9,0x4f8,0x200f8,0x4f8,0x700f5,0x20,0x4fb,0x26,
0x4f6,0x4fa,0x4f9,0x200f9,0x4f5,0x200f8,0x4f5,0x700f5,
0x20,0x4fc,0x21,0x4ef,0x4fb,0x4f8,0x300f7,0x4fd,
0x0,0x400fa,0x4fc,0x4fe,0x4fd,0x200f8,0x4fe,0x4003d,
0x18,0x4ff,0x4f2,0x50080,0x18,0x500,0x471,0x4ff,
0x50080,0x18,0x501,0x41,0x500,0x60041,0x12a,0x502,
0x14,0x1c,0x501,0x4003d,0x18,0x503,0x502,0x50080,
0x18,0x504,0x471,0x48,0x60041,0x12a,0x505,0x14,
0x1c,0x504,0x4003d,0x18,0x506,0x505,0x50082,0x18,
0x507,0x41,0x506,0x500c7,0x18,0x508,0x503,0x2f,
0x500c2,0x18,0x509,0x503,0x2a,0x500c7,0x18,0x50a,
0x509,0x2f,0x500c2,0x18,0x50b,0x503,0x32,0x500c7,
0x18,0x50c,0x50b,0x2f,0x60050,0x9b,0x50d,0x508,
0x50a,0x50c,0x60050,0x9b,0x50e,0x507,0x507,0x507,
0x50084,0x9b,0x50f,0x50d,0x50e,0x50086,0x9b,0x510,
0x50f,0x9c,0x500c2,0x18,0x511,0x503,0x45,0x40070,
0x22,0x512,0x511,0x50051,0x18,0x513,0x510,0x0,
0x50051,0x18,0x514,0x510,0x1,0x50051,0x18,0x515,
0x510,0x2,0x40070,0x22,0x516,0x513,0x40070,0x22,
0x517,0x514,0x40070,0x22,0x518,0x515,0x70050,0x34,
0x519,0x516,0x517,0x518,0x512,0x50085,0x34,0x51a,
0x519,0x138,0x500c7,0x18,0x51b,0x169,0x2c,0x500ab,
0x20,0x51c,0x51b,0x19,0x300f7,0x51d,0x0,0x400fa,
0x51c,0x51e,0x51d,0x200f8,0x51e,0x8004f,0x36,0x51f,
0x51a,0x51a,0x0,0x1,0x2,0x500bc,0x12c,0x520,
0x51f,0x37,0x50085,0x36,0x521,0x51f,0x13a,0x50081,
0x36,0x522,0x51f,0x39,0x50085,0x36,0x523,0x522,
0x13c,0x7000c,0x36,0x524,0x1,0x1a,0x523,0x3b,
0x600a9,0x36,0x525,0x520,0x521,0x524,0x9004f,0x34,
0x526,0x51a,0x525,0x4,0x5,0x6,0x3,0x200f9,
0x51d,0x200f8,0x51d,0x700f5,0x34,0x527,0x51a,0x4fe,
0x526,0x51e,0x200f9,0x479,0x200f8,0x4fd,0x50080,0x18,
0x528,0x471,0x1d,0x60041,0x12a,0x529,0x14,0x1c,
0x528,0x4003d,0x18,0x52a,0x529,0x4007c,0x17,0x52b,
0x52a,0x500ad,0x20,0x52c,0x52b,0x2b,0x300f7,0x52d,
0x0,0x400fa,0x52c,0x52e,0x52d,0x200f8,0x52e,0x50050,
0x54,0x52f,0x52b,0x52b,0x5008a,0x54,0x530,0x4e1,
0x52f,0x50080,0x54,0x531,0x530,0x52f,0x5008a,0x54,
0x532,0x531,0x52f,0x50082,0x54,0x533,0x4e1,0x532,
0x200f9,0x52d,0x200f8,0x52d,0x700f5,0x54,0x534,0x4e1,
0x4fd,0x533,0x52e,0x50080,0x18,0x535,0x471,0x2e,
0x60041,0x12a,0x536,0x14,0x1c,0x535,0x4003d,0x18,
0x537,0x536,0x4007c,0x17,0x538,0x537,0x50080,0x18,
0x539,0x471,0x1f,0x60041,0x12a,0x53a,0x14,0x1c,
0x539,0x4003d,0x18,0x53b,0x53a,0x4007c,0x17,0x53c,
0x53b,0x50050,0x54,0x53d,0x538,0x53c,0x50080,0x18,
0x53e,0x471,0x1e,0x60041,0x12a,0x53f,0x14,0x1c,
0x53e,0x4003d,0x18,0x540,0x53f,0x500c7,0x18,0x541,
0x540,0x27,0x500ab,0x20,0x542,0x541,0x19,0x300f7,
0x543,0x0,0x400fa,0x542,0x544,0x543,0x200f8,0x544,
0x50051,0x17,0x545,0x534,0x1,0x500af,0x20,0x546,
0x545,0x1c,0x200f9,0x543,0x200f8,0x543,0x700f5,0x20,
0x547,0x21,0x52d,0x546,0x544,0x300f7,0x548,0x0,
0x400fa,0x547,0x549,0x548,0x200f8,0x549,0x50051,0x17,
0x54a,0x534,0x1,0x500b1,0x20,0x54b,0x54a,0x56,
0x200f9,0x548,0x200f8,0x548,0x700f5,0x20,0x54c,0x21,
0x543,0x54b,0x549,0x300f7,0x54d,0x0,0x400fa,0x54c,
0x54e,0x54d,0x200f8,0x54e,0x50080,0x18,0x54f,0x471,
0x14b,0x50051,0x17,0x550,0x534,0x1,0x4007c,0x18,
0x551,0x550,0x50080,0x18,0x552,0x54f,0x551,0x60041,
0x12a,0x553,0x14,0x1c,0x552,0x4003d,0x18,0x554,
0x553,0x4007c,0x17,0x555,0x554,0x60052,0x54,0x556,
0x555,0x53d,0x0,0x200f9,0x54d,0x200f8,0x54d,0x700f5,
0x54,0x557,0x53d,0x548,0x556,0x54e,0x500c7,0x18,
0x558,0x540,0x2c,0x500ab,0x20,0x559,0x558,0x19,
0x300f7,0x55a,0x0,0x400fa,0x559,0x55b,0x55a,0x200f8,
0x55b,0x50080,0x18,0x55c,0x471,0x14c,0x50051,0x17,
0x55d,0x534,0x1,0x8000c,0x17,0x55e,0x1,0x2d,
0x55d,0x1c,0xcd,0x4007c,0x18,0x55f,0x55e,0x50080,
0x18,0x560,0x55c,0x55f,0x60041,0x12a,0x561,0x14,
0x1c,0x560,0x4003d,0x18,0x562,0x561,0x4007c,0x17,
0x563,0x562,0x60052,0x54,0x564,0x563,0x557,0x1,
0x200f9,0x55a,0x200f8,0x55a,0x700f5,0x54,0x565,0x557,
0x54d,0x564,0x55b,0x50080,0x18,0x566,0x471,0x47,
0x60041,0x12a,0x567,0x14,0x1c,0x566,0x4003d,0x18,
0x568,0x567,0x500ab,0x20,0x569,0x568,0x19,0x300f7,
0x56a,0x0,0x400fa,0x569,0x56b,0x56a,0x200f8,0x56b,
0x50051,0x17,0x56c,0x534,0x0,0x4003d,0x18,0x56d,
0x536,0x4007c,0x17,0x56e,0x56d,0x500c7,0x17,0x56f,
0x56e,0xa2,0x50080,0x17,0x570,0x56c,0x56f,0x50051,
0x17,0x571,0x565,0x1,0x300f7,0x572,0x0,0x300fb,
0x19,0x573,0x200f8,0x573,0x50051,0x22,0x574,0x15e,
0x2,0x500b6,0x20,0x575,0x574,0x23,0x300f7,0x576,
0x0,0x400fa,0x575,0x577,0x576,0x200f8,0x577,0x50051,
0x22,0x578,0x15e,0x0,0x50051,0x22,0x579,0x15e,
0x1,0x4006f,0x22,0x57a,0x570,0x50085,0x22,0x57b,
0x57a,0x141,0x50085,0x22,0x57c,0x579,0x57b,0x50081,
0x22,0x57d,0x578,0x57c,0x6000c,0x22,0x57e,0x1,
0x6,0x57d,0x4006e,0x17,0x57f,0x57e,0x4006f,0x22,
0x580,0x57f,0x6000c,0x22,0x581,0x1,0x4,0x57d,
0x50081,0x22,0x582,0x581,0x61,0x6000c,0x22,0x583,
0x1,0x8,0x582,0x50085,0x22,0x584,0x580,0x583,
0x4006e,0x17,0x585,0x584,0x500c7,0x17,0x586,0x585,
0x110,0x200f9,0x572,0x200f8,0x576,0x500af,0x20,0x587,
0x570,0x1c,0x300f7,0x588,0x0,0x400fa,0x587,0x589,
0x58a,0x200f8,0x58a,0x50082,0x17,0x58b,0xa2,0x570,
0x50087,0x17,0x58c,0x58b,0x14d,0x200f9,0x588,0x200f8,
0x589,0x50087,0x17,0x58d,0x570,0xc2,0x200f9,0x588,
0x200f8,0x588,0x700f5,0x17,0x58e,0x58d,0x589,0x58c,
0x58a,0x500af,0x20,0x58f,0x58e,0x2b,0x300f7,0x590,
0x0,0x400fa,0x58f,0x591,0x590,0x200f8,0x591,0x500b3,
0x20,0x592,0x58e,0xc6,0x200f9,0x590,0x200f8,0x590,
0x700f5,0x20,0x593,0x21,0x588,0x592,0x591,0x300f7,
0x594,0x0,0x400fa,0x593,0x595,0x594,0x200f8,0x595,
0x50082,0x17,0x596,0x58e,0x2b,0x4007c,0x18,0x597,
0x596,0x50080,0x18,0x598,0x111,0x597,0x50084,0x18,
0x599,0x598,0x2c,0x500c7,0x18,0x59a,0x599,0x3e,
0x50080,0x18,0x59b,0x471,0xc1,0x500c2,0x18,0x59c,
0x59a,0x2c,0x50080,0x18,0x59d,0x59b,0x59c,0x60041,
0x12a,0x59e,0x14,0x1c,0x59d,0x4003d,0x18,0x59f,
0x59e,0x500c7,0x18,0x5a0,0x599,0x2e,0x50084,0x18,
0x5a1,0x5a0,0x2a,0x500c7,0x18,0x5a2,0x5a1,0x2d,
0x500c2,0x18,0x5a3,0x59f,0x5a2,0x500c7,0x18,0x5a4,
0x5a3,0x2f,0x50080,0x18,0x5a5,0x599,0x27,0x500c7,
0x18,0x5a6,0x5a5,0x3e,0x500c2,0x18,0x5a7,0x5a6,
0x2c,0x50080,0x18,0x5a8,0x59b,0x5a7,0x60041,0x12a,
0x5a9,0x14,0x1c,0x5a8,0x4003d,0x18,0x5aa,0x5a9,
0x500c7,0x18,0x5ab,0x5a5,0x2e,0x50084,0x18,0x5ac,
0x5ab,0x2a,0x500c7,0x18,0x5ad,0x5ac,0x2d,0x500c2,
0x18,0x5ae,0x5aa,0x5ad,0x500c7,0x18,0x5af,0x5ae,
0x2f,0x500c4,0x18,0x5b0,0x5af,0x2a,0x500c5,0x18,
0x5b1,0x5a4,0x5b0,0x500c7,0x18,0x5b2,0x5b1,0xcc,
0x500ab,0x20,0x5b3,0x5b2,0x19,0x300f7,0x5b4,0x0,
0x400fa,0x5b3,0x5b5,0x5b6,0x200f8,0x5b6,0x200f9,0x5b4,
0x200f8,0x5b5,0x500c7,0x18,0x5b7,0x5b1,0x112,0x4007c,
0x17,0x5b8,0x5b7,0x200f9,0x5b4,0x200f8,0x5b4,0x700f5,
0x17,0x5b9,0x5b8,0x5b5,0x571,0x5b6,0x200f9,0x572,
0x200f8,0x594,0x200f9,0x5ba,0x200f8,0x5ba,0x700f5,0x17,
0x5bb,0x42,0x594,0x5bc,0x5bd,0x700f5,0x17,0x5be,
0x42,0x594,0x5bf,0x5bd,0x700f5,0x17,0x5c0,0x1c,
0x594,0x5c1,0x5bd,0x500b1,0x20,0x5c2,0x5c0,0xc6,
0x400f6,0x5c3,0x5bd,0x0,0x400fa,0x5c2,0x5c4,0x5c3,
0x200f8,0x5c4,0x4007c,0x18,0x5c5,0x5c0,0x50080,0x18,
0x5c6,0x111,0x5c5,0x50084,0x18,0x5c7,0x5c6,0x2c,
0x500c7,0x18,0x5c8,0x5c7,0x3e,0x50080,0x18,0x5c9,
0x471,0xc1,0x500c2,0x18,0x5ca,0x5c8,0x2c,0x50080,
0x18,0x5cb,0x5c9,0x5ca,0x60041,0x12a,0x5cc,0x14,
0x1c,0x5cb,0x4003d,0x18,0x5cd,0x5cc,0x500c7,0x18,
0x5ce,0x5c7,0x2e,0x50084,0x18,0x5cf,0x5ce,0x2a,
0x500c7,0x18,0x5d0,0x5cf,0x2d,0x500c2,0x18,0x5d1,
0x5cd,0x5d0,0x500c7,0x18,0x5d2,0x5d1,0x2f,0x50080,
0x18,0x5d3,0x5c7,0x27,0x500c7,0x18,0x5d4,0x5d3,
0x3e,0x500c2,0x18,0x5d5,0x5d4,0x2c,0x50080,0x18,
0x5d6,0x5c9,0x5d5,0x60041,0x12a,0x5d7,0x14,0x1c,
0x5d6,0x4003d,0x18,0x5d8,0x5d7,0x500c7,0x18,0x5d9,
0x5d3,0x2e,0x50084,0x18,0x5da,0x5d9,0x2a,0x500c7,
0x18,0x5db,0x5da,0x2d,0x500c2,0x18,0x5dc,0x5d8,
0x5db,0x500c7,0x18,0x5dd,0x5dc,0x2f,0x500c4,0x18,
0x5de,0x5dd,0x2a,0x500c5,0x18,0x5df,0x5d2,0x5de,
0x50041,0x126,0x5e0,0x155,0x5c0,0x3003e,0x5e0,0x5df,
0x4003d,0x18,0x5e1,0x5e0,0x500c7,0x18,0x5e2,0x5e1,
0xcc,0x500ab,0x20,0x5e3,0x5e2,0x19,0x300f7,0x5e4,
0x0,0x400fa,0x5e3,0x5e5,0x5e4,0x200f8,0x5e5,0x500b1,
0x20,0x5e6,0x5be,0x1c,0x600a9,0x17,0x5e7,0x5e6,
0x5c0,0x5be,0x200f9,0x5e4,0x200f8,0x5e4,0x700f5,0x17,
0x5bf,0x5be,0x5c4,0x5e7,0x5e5,0x600a9,0x17,0x5bc,
0x5e3,0x5c0,0x5bb,0x200f9,0x5bd,0x200f8,0x5bd,0x50080,
0x17,0x5c1,0x5c0,0x2b,0x200f9,0x5ba,0x200f8,0x5c3,
0x500b3,0x20,0x5e8,0x58e,0x1c,0x600a9,0x17,0x5e9,
0x5e8,0x1c,0x40,0x50041,0x126,0x5ea,0x155,0x5e9,
0x4003d,0x18,0x5eb,0x5ea,0x500c7,0x18,0x5ec,0x5eb,
0xcc,0x500aa,0x20,0x5ed,0x5ec,0x19,0x300f7,0x5ee,
0x0,0x400fa,0x5ed,0x5ef,0x5ee,0x200f8,0x5ef,0x200f9,
0x572,0x200f8,0x5ee,0x500af,0x20,0x5f0,0x5be,0x1c,
0x300f7,0x5f1,0x0,0x400fa,0x5f0,0x5f2,0x5f1,0x200f8,
0x5f2,0x500ab,0x20,0x5f3,0x5bb,0x5be,0x200f9,0x5f1,
0x200f8,0x5f1,0x700f5,0x20,0x5f4,0x21,0x5ee,0x5f3,
0x5f2,0x300f7,0x5f5,0x0,0x400fa,0x5f4,0x5f6,0x5f5,
0x200f8,0x5f6,0x50041,0x126,0x5f7,0x155,0x5bb,0x4003d,
0x18,0x5f8,0x5f7,0x500c7,0x18,0x5f9,0x5f8,0x112,
0x4007c,0x17,0x5fa,0x5f9,0x50041,0x126,0x5fb,0x155,
0x5be,0x4003d,0x18,0x5fc,0x5fb,0x500c7,0x18,0x5fd,
0x5fc,0x112,0x4007c,0x17,0x5fe,0x5fd,0x50082,0x17,
0x5ff,0x5fa,0x5fe,0x500c7,0x17,0x600,0x5ff,0x110,
0x500ad,0x20,0x601,0x600,0x113,0x300f7,0x602,0x0,
0x400fa,0x601,0x603,0x602,0x200f8,0x603,0x50082,0x17,
0x604,0x600,0x114,0x200f9,0x602,0x200f8,0x602,0x700f5,
0x17,0x605,0x600,0x5f6,0x604,0x603,0x50082,0x17,
0x606,0x5bb,0x5be,0x200f9,0x5f5,0x200f8,0x5f5,0x700f5,
0x17,0x607,0x2b,0x5f1,0x606,0x602,0x700f5,0x17,
0x608,0x1c,0x5f1,0x605,0x602,0x300f7,0x609,0x0,
0x400fa,0x5e8,0x60a,0x60b,0x200f8,0x60b,0x50082,0x17,
0x60c,0x58e,0xc6,0x200f9,0x609,0x200f8,0x60a,0x50080,
0x17,0x60d,0x58e,0x2b,0x7000c,0x17,0x60e,0x1,
0x27,0x60d,0x1c,0x200f9,0x609,0x200f8,0x609,0x700f5,
0x17,0x60f,0x60e,0x60a,0x60c,0x60b,0x4003d,0x18,
0x610,0x5ea,0x500c7,0x18,0x611,0x610,0x112,0x4007c,
0x17,0x612,0x611,0x50084,0x17,0x613,0x608,0x60f,
0x50087,0x17,0x614,0x613,0x607,0x50080,0x17,0x615,
0x612,0x614,0x500c7,0x17,0x616,0x615,0x110,0x200f9,
0x572,0x200f8,0x572,0xb00f5,0x17,0x617,0x586,0x577,
0x5b9,0x5b4,0x571,0x5ef,0x616,0x609,0x60052,0x54,
0x618,0x617,0x565,0x1,0x200f9,0x56a,0x200f8,0x56a,
0x700f5,0x54,0x619,0x565,0x55a,0x618,0x572,0x50080,
0x54,0x61a,0x534,0x619,0x4003d,0x18,0x61b,0x473,
0x500c7,0x18,0x61c,0x61b,0x5a,0x500ab,0x20,0x61d,
0x61c,0x19,0x300f7,0x61e,0x0,0x400fa,0x61d,0x61f,
0x61e,0x200f8,0x61f,0x50051,0x17,0x620,0x61a,0x1,
0x500c7,0x18,0x621,0x47d,0x2c,0x500ab,0x20,0x622,
0x621,0x19,0x600a9,0x17,0x623,0x622,0xc5,0xc6,
0x4007c,0x18,0x624,0x623,0x50084,0x18,0x625,0x624,
0x486,0x4007c,0x17,0x626,0x625,0x50082,0x17,0x627,
0x626,0x2b,0x8000c,0x17,0x628,0x1,0x2d,0x620,
0x1c,0x627,0x60052,0x54,0x629,0x628,0x61a,0x1,
0x200f9,0x61e,0x200f8,0x61e,0x700f5,0x54,0x62a,0x61a,
0x56a,0x629,0x61f,0x4003d,0x18,0x62b,0x473,0x500c7,
0x18,0x62c,0x62b,0x2c,0x500ab,0x20,0x62d,0x62c,
0x19,0x300f7,0x62e,0x0,0x400fa,0x62d,0x62f,0x62e,
0x200f8,0x62f,0x50051,0x17,0x630,0x62a,0x0,0x500af,
0x20,0x631,0x630,0x1c,0x300f7,0x632,0x0,0x400fa,
0x631,0x633,0x632,0x200f8,0x633,0x500c7,0x18,0x634,
0x47d,0x27,0x500ab,0x20,0x635,0x634,0x19,0x600a9,
0x17,0x636,0x635,0xc5,0xc6,0x4007c,0x18,0x637,
0x636,0x50084,0x18,0x638,0x637,0x486,0x4007c,0x17,
0x639,0x638,0x500af,0x20,0x63a,0x630,0x639,0x200f9,
0x632,0x200f8,0x632,0x700f5,0x20,0x63b,0x26,0x62f,
0x63a,0x633,0x200f9,0x62e,0x200f8,0x62e,0x700f5,0x20,
0x63c,0x21,0x61e,0x63b,0x632,0x300f7,0x63d,0x0,
0x400fa,0x63c,0x63e,0x63d,0x200f8,0x63e,0x200f9,0x479,
0x200f8,0x63d,0x4003d,0x18,0x63f,0x473,0x500c2,0x18,
0x640,0x63f,0x2a,0x500c7,0x18,0x641,0x640,0x3e,
0x500aa,0x20,0x642,0x641,0x53,0x300f7,0x643,0x0,
0x400fa,0x642,0x644,0x643,0x200f8,0x644,0x50051,0x17,
0x645,0x62a,0x1,0x500af,0x20,0x646,0x645,0x1c,
0x300f7,0x647,0x0,0x400fa,0x646,0x648,0x647,0x200f8,
0x648,0x500c7,0x18,0x649,0x47d,0x2c,0x500ab,0x20,
0x64a,0x649,0x19,0x600a9,0x17,0x64b,0x64a,0xc5,
0xc6,0x4007c,0x18,0x64c,0x64b,0x50084,0x18,0x64d,
0x64c,0x486,0x4007c,0x17,0x64e,0x64d,0x500af,0x20,
0x64f,0x645,0x64e,0x200f9,0x647,0x200f8,0x647,0x700f5,
0x20,0x650,0x26,0x644,0x64f,0x648,0x200f9,0x643,
0x200f8,0x643,0x700f5,0x20,0x651,0x21,0x63d,0x650,
0x647,0x300f7,0x652,0x0,0x400fa,0x651,0x653,0x652,
0x200f8,0x653,0x200f9,0x479,0x200f8,0x652,0x500ab,0x20,
0x654,0x641,0x19,0x300f7,0x655,0x0,0x400fa,0x654,
0x656,0x655,0x200f8,0x656,0x4007c,0x17,0x657,0x641,
0x500b1,0x20,0x658,0x4e2,0x657,0x200f9,0x655,0x200f8,
0x655,0x700f5,0x20,0x659,0x21,0x652,0x658,0x656,
0x300f7,0x65a,0x0,0x400fa,0x659,0x65b,0x65a,0x200f8,
0x65b,0x500af,0x20,0x65c,0x4e3,0x1c,0x300f7,0x65d,
0x0,0x400fa,0x65c,0x65e,0x65d,0x200f8,0x65e,0x500af,
0x20,0x65f,0x4e3,0xcb,0x200f9,0x65d,0x200f8,0x65d,
0x700f5,0x20,0x660,0x26,0x65b,0x65f,0x65e,0x200f9,
0x65a,0x200f8,0x65a,0x700f5,0x20,0x661,0x21,0x655,
0x660,0x65d,0x300f7,0x662,0x0,0x400fa,0x661,0x663,
0x662,0x200f8,0x663,0x50051,0x17,0x664,0x62a,0x0,
0x500af,0x20,0x665,0x664,0x1c,0x300f7,0x666,0x0,
0x400fa,0x665,0x667,0x666,0x200f8,0x667,0x500c7,0x18,
0x668,0x47d,0x27,0x500ab,0x20,0x669,0x668,0x19,
0x600a9,0x17,0x66a,0x669,0xc5,0xc6,0x4007c,0x18,
0x66b,0x66a,0x50084,0x18,0x66c,0x66b,0x486,0x4007c,
0x17,0x66d,0x66c,0x500af,0x20,0x66e,0x664,0x66d,
0x200f9,0x666,0x200f8,0x666,0x700f5,0x20,0x66f,0x26,
0x663,0x66e,0x667,0x200f9,0x662,0x200f8,0x662,0x700f5,
0x20,0x670,0x21,0x65a,0x66f,0x666,0x300f7,0x671,
0x0,0x400fa,0x670,0x672,0x671,0x200f8,0x672,0x4003d,
0x18,0x673,0x473,0x500c7,0x18,0x674,0x673,0x27,
0x500ab,0x20,0x675,0x674,0x19,0x300f7,0x676,0x0,
0x400fa,0x675,0x677,0x676,0x200f8,0x677,0x200f9,0x479,
0x200f8,0x676,0x50080,0x18,0x678,0x471,0x32,0x50080,
0x18,0x679,0x678,0x15f,0x60041,0x12a,0x67a,0x14,
0x1c,0x679,0x4003d,0x18,0x67b,0x67a,0x50080,0x18,
0x67c,0x471,0x48,0x60041,0x12a,0x67d,0x14,0x1c,
0x67c,0x4003d,0x18,0x67e,0x67d,0x50082,0x18,0x67f,
0x41,0x67e,0x500c7,0x18,0x680,0x67b,0x2f,0x500c2,
0x18,0x681,0x67b,0x2a,0x500c7,0x18,0x682,0x681,
0x2f,0x500c2,0x18,0x683,0x67b,0x32,0x500c7,0x18,
0x684,0x683,0x2f,0x60050,0x9b,0x685,0x680,0x682,
0x684,0x60050,0x9b,0x686,0x67f,0x67f,0x67f,0x50084,
0x9b,0x687,0x685,0x686,0x50086,0x9b,0x688,0x687,
0x9c,0x500c2,0x18,0x689,0x67b,0x45,0x40070,0x22,
0x68a,0x689,0x50051,0x18,0x68b,0x688,0x0,0x50051,
0x18,0x68c,0x688,0x1,0x50051,0x18,0x68d,0x688,
0x2,0x40070,0x22,0x68e,0x68b,0x40070,0x22,0x68f,
0x68c,0x40070,0x22,0x690,0x68d,0x70050,0x34,0x691,
0x68e,0x68f,0x690,0x68a,0x50085,0x34,0x692,0x691,
0x138,0x500c7,0x18,0x693,0x169,0x2c,0x500ab,0x20,
0x694,0x693,0x19,0x300f7,0x695,0x0,0x400fa,0x694,
0x696,0x695,0x200f8,0x696,0x8004f,0x36,0x697,0x692,
0x692,0x0,0x1,0x2,0x500bc,0x12c,0x698,0x697,
0x37,0x50085,0x36,0x699,0x697,0x13a,0x50081,0x36,
0x69a,0x697,0x39,0x50085,0x36,0x69b,0x69a,0x13c,
0x7000c,0x36,0x69c,0x1,0x1a,0x69b,0x3b,0x600a9,
0x36,0x69d,0x698,0x699,0x69c,0x9004f,0x34,0x69e,
0x692,0x69d,0x4,0x5,0x6,0x3,0x200f9,0x695,
0x200f8,0x695,0x700f5,0x34,0x69f,0x692,0x676,0x69e,
0x696,0x200f9,0x479,0x200f8,0x671,0x4007c,0x28,0x6a0,
0x62a,0x500c7,0x18,0x6a1,0x47d,0x27,0x500ab,0x20,
0x6a2,0x6a1,0x19,0x600a9,0x17,0x6a3,0x6a2,0xc5,
0xc6,0x4007c,0x18,0x6a4,0x6a3,0x50084,0x18,0x6a5,
0x6a4,0x486,0x50082,0x18,0x6a6,0x6a5,0x27,0x500c7,
0x18,0x6a7,0x47d,0x2c,0x500ab,0x20,0x6a8,0x6a7,
0x19,0x600a9,0x17,0x6a9,0x6a8,0xc5,0xc6,0x4007c,
0x18,0x6aa,0x6a9,0x50084,0x18,0x6ab,0x6aa,0x486,
0x50082,0x18,0x6ac,0x6ab,0x27,0x50050,0x28,0x6ad,
0x6a6,0x6ac,0x500c7,0x28,0x6ae,0x6a0,0x6ad,0x4003d,
0x18,0x6af,0x473,0x500c7,0x18,0x6b0,0x6af,0xa3,
0x500ab,0x20,0x6b1,0x6b0,0x19,0x300f7,0x6b2,0x0,
0x400fa,0x6b1,0x6b3,0x6b2,0x200f8,0x6b3,0x50051,0x18,
0x6b4,0x6ae,0x0,0x500ae,0x20,0x6b5,0x6b4,0xce,
0x200f9,0x6b2,0x200f8,0x6b2,0x700f5,0x20,0x6b6,0x21,
0x671,0x6b5,0x6b3,0x300f7,0x6b7,0x0,0x400fa,0x6b6,
0x6b8,0x6b7,0x200f8,0x6b8,0x50051,0x18,0x6b9,0x6ae,
0x0,0x500b0,0x20,0x6ba,0x6b9,0xcf,0x200f9,0x6b7,
0x200f8,0x6b7,0x700f5,0x20,0x6bb,0x21,0x6b2,0x6ba,
0x6b8,0x300f7,0x6bc,0x0,0x400fa,0x6bb,0x6bd,0x6bc,
0x200f8,0x6bd,0x50051,0x18,0x6be,0x6ae,0x1,0x500ae,
0x20,0x6bf,0x6be,0xd0,0x200f9,0x6bc,0x200f8,0x6bc,
0x700f5,0x20,0x6c0,0x21,0x6b7,0x6bf,0x6bd,0x300f7,
0x6c1,0x0,0x400fa,0x6c0,0x6c2,0x6c1,0x200f8,0x6c2,
0x50051,0x18,0x6c3,0x6ae,0x1,0x500b0,0x20,0x6c4,
0x6c3,0xd1,0x200f9,0x6c1,0x200f8,0x6c1,0x700f5,0x20,
0x6c5,0x21,0x6bc,0x6c4,0x6c2,0x300f7,0x6c6,0x0,
0x400fa,0x6c5,0x6c7,0x6c6,0x200f8,0x6c7,0x50051,0x18,
0x6c8,0x6ae,0x0,0x500c7,0x18,0x6c9,0x6c8,0xd2,
0x60052,0x28,0x6ca,0x6c9,0x6ae,0x0,0x200f9,0x6c6,
0x200f8,0x6c6,0x700f5,0x28,0x6cb,0x6ae,0x6c1,0x6ca,
0x6c7,0x4003d,0x18,0x6cc,0x473,0x500c7,0x18,0x6cd,
0x6cc,0xd3,0x500ab,0x20,0x6ce,0x6cd,0x19,0x300f7,
0x6cf,0x0,0x400fa,0x6ce,0x6d0,0x6cf,0x200f8,0x6d0,
0x500af,0x20,0x6d1,0x4e3,0x1c,0x300f7,0x6d2,0x0,
0x400fa,0x6d1,0x6d3,0x6d2,0x200f8,0x6d3,0x500af,0x20,
0x6d4,0x4e3,0xd4,0x200f9,0x6d2,0x200f8,0x6d2,0x700f5,
0x20,0x6d5,0x26,0x6d0,0x6d4,0x6d3,0x200f9,0x6cf,
0x200f8,0x6cf,0x700f5,0x20,0x6d6,0x21,0x6c6,0x6d5,
0x6d2,0x300f7,0x6d7,0x0,0x400fa,0x6d6,0x6d8,0x6d7,
0x200f8,0x6d8,0x50051,0x18,0x6d9,0x6cb,0x1,0x500ae,
0x20,0x6da,0x6d9,0xd5,0x200f9,0x6d7,0x200f8,0x6d7,
0x700f5,0x20,0x6db,0x21,0x6cf,0x6da,0x6d8,0x300f7,
0x6dc,0x0,0x400fa,0x6db,0x6dd,0x6dc,0x200f8,0x6dd,
0x50051,0x18,0x6de,0x6cb,0x1,0x500b0,0x20,0x6df,
0x6de,0xd6,0x200f9,0x6dc,0x200f8,0x6dc,0x700f5,0x20,
0x6e0,0x21,0x6d7,0x6df,0x6dd,0x300f7,0x6e1,0x0,
0x400fa,0x6e0,0x6e2,0x6e1,0x200f8,0x6e2,0x50051,0x18,
0x6e3,0x6cb,0x0,0x500c7,0x18,0x6e4,0x6e3,0xd2,
0x60052,0x28,0x6e5,0x6e4,0x6cb,0x0,0x200f9,0x6e1,
0x200f8,0x6e1,0x700f5,0x28,0x6e6,0x6cb,0x6dc,0x6e5,
0x6e2,0x4003d,0x18,0x6e7,0x473,0x500c7,0x18,0x6e8,
0x6e7,0xd7,0x500ab,0x20,0x6e9,0x6e8,0x19,0x300f7,
0x6ea,0x0,0x400fa,0x6e9,0x6eb,0x6ea,0x200f8,0x6eb,
0x500af,0x20,0x6ec,0x4e3,0x1c,0x300f7,0x6ed,0x0,
0x400fa,0x6ec,0x6ee,0x6ed,0x200f8,0x6ee,0x500af,0x20,
0x6ef,0x4e3,0xd4,0x200f9,0x6ed,0x200f8,0x6ed,0x700f5,
0x20,0x6f0,0x26,0x6eb,0x6ef,0x6ee,0x200f9,0x6ea,
0x200f8,0x6ea,0x700f5,0x20,0x6f1,0x21,0x6e1,0x6f0,
0x6ed,0x300f7,0x6f2,0x0,0x400fa,0x6f1,0x6f3,0x6f2,
0x200f8,0x6f3,0x50051,0x18,0x6f4,0x6e6,0x1,0x500ae,
0x20,0x6f5,0x6f4,0xd0,0x200f9,0x6f2,0x200f8,0x6f2,
0x700f5,0x20,0x6f6,0x21,0x6ea,0x6f5,0x6f3,0x300f7,
0x6f7,0x0,0x400fa,0x6f6,0x6f8,0x6f7,0x200f8,0x6f8,
0x50051,0x18,0x6f9,0x6e6,0x1,0x500b0,0x20,0x6fa,
0x6f9,0xd8,0x200f9,0x6f7,0x200f8,0x6f7,0x700f5,0x20,
0x6fb,0x21,0x6f2,0x6fa,0x6f8,0x300f7,0x6fc,0x0,
0x400fa,0x6fb,0x6fd,0x6fc,0x200f8,0x6fd,0x50051,0x18,
0x6fe,0x6e6,0x0,0x500c7,0x18,0x6ff,0x6fe,0xd2,
0x60052,0x28,0x700,0x6ff,0x6e6,0x0,0x200f9,0x6fc,
0x200f8,0x6fc,0x700f5,0x28,0x701,0x6e6,0x6f7,0x700,
0x6fd,0x4003d,0x18,0x702,0x473,0x500c7,0x18,0x703,
0x702,0xd9,0x500aa,0x20,0x704,0x703,0xd9,0x600a9,
0x18,0x705,0x6a2,0x9d,0x49,0x50084,0x18,0x706,
0x705,0x486,0x50086,0x18,0x707,0x706,0x2c,0x4003d,
0x18,0x708,0x473,0x500c7,0x18,0x709,0x708,0x9d,
0x500ab,0x20,0x70a,0x709,0x19,0x300f7,0x70b,0x0,
0x400fa,0x70a,0x70c,0x70b,0x200f8,0x70c,0x500af,0x20,
0x70d,0x4e3,0x1c,0x300f7,0x70e,0x0,0x400fa,0x70d,
0x70f,0x70e,0x200f8,0x70f,0x600a9,0x18,0x710,0x704,
0x53,0x707,0x4007c,0x17,0x711,0x710,0x500af,0x20,
0x712,0x4e3,0x711,0x200f9,0x70e,0x200f8,0x70e,0x700f5,
0x20,0x713,0x26,0x70c,0x712,0x70f,0x200f9,0x70b,
0x200f8,0x70b,0x700f5,0x20,0x714,0x21,0x6fc,0x713,
0x70e,0x300f7,0x715,0x0,0x400fa,0x714,0x716,0x715,
0x200f8,0x716,0x300f7,0x717,0x0,0x400fa,0x704,0x718,
0x719,0x200f8,0x719,0x50051,0x18,0x71a,0x701,0x0,
0x50082,0x18,0x71b,0x707,0x27,0x500c7,0x18,0x71c,
0x71a,0x71b,0x500c5,0x18,0x71d,0x71c,0x707,0x200f9,
0x717,0x200f8,0x718,0x50051,0x18,0x71e,0x701,0x0,
0x500c7,0x18,0x71f,0x71e,0x2f,0x200f9,0x717,0x200f8,
0x717,0x700f5,0x18,0x720,0x71f,0x718,0x71d,0x719,
0x60052,0x28,0x721,0x720,0x701,0x0,0x200f9,0x715,
0x200f8,0x715,0x700f5,0x28,0x722,0x701,0x70b,0x721,
0x717,0x4003d,0x18,0x723,0x473,0x500c7,0x18,0x724,
0x723,0x2a,0x500ab,0x20,0x725,0x724,0x19,0x300f7,
0x726,0x0,0x400fa,0x725,0x727,0x726,0x200f8,0x727,
0x50051,0x18,0x728,0x722,0x1,0x500c7,0x18,0x729,
0x728,0x2f,0x60052,0x28,0x72a,0x729,0x722,0x1,
0x200f9,0x726,0x200f8,0x726,0x700f5,0x28,0x72b,0x722,
0x715,0x72a,0x727,0x4003d,0x18,0x72c,0x473,0x500c7,
0x18,0x72d,0x72c,0xd9,0x500aa,0x20,0x72e,0x72d,
0x9e,0x300f7,0x72f,0x0,0x400fa,0x72e,0x730,0x72f,
0x200f8,0x730,0x50051,0x18,0x731,0x72b,0x0,0x500c7,
0x18,0x732,0x731,0x2f,0x60052,0x28,0x733,0x732,
0x72b,0x0,0x200f9,0x72f,0x200f8,0x72f,0x700f5,0x28,
0x734,0x72b,0x726,0x733,0x730,0x4003d,0x18,0x735,
0x473,0x500c7,0x18,0x736,0x735,0xda,0x500ab,0x20,
0x737,0x736,0x19,0x300f7,0x738,0x0,0x400fa,0x737,
0x739,0x738,0x200f8,0x739,0x50051,0x18,0x73a,0x734,
0x0,0x500ae,0x20,0x73b,0x73a,0xd1,0x300f7,0x73c,
0x0,0x400fa,0x73b,0x73d,0x73c,0x200f8,0x73d,0x500b0,
0x20,0x73e,0x73a,0xdb,0x200f9,0x73c,0x200f8,0x73c,
0x700f5,0x20,0x73f,0x21,0x739,0x73e,0x73d,0x300f7,
0x740,0x0,0x400fa,0x73f,0x741,0x740,0x200f8,0x741,
0x50051,0x18,0x742,0x734,0x1,0x500ae,0x20,0x743,
0x742,0xd9,0x200f9,0x740,0x200f8,0x740,0x700f5,0x20,
0x744,0x21,0x73c,0x743,0x741,0x300f7,0x745,0x0,
0x400fa,0x744,0x746,0x745,0x200f8,0x746,0x50051,0x18,
0x747,0x734,0x1,0x500b0,0x20,0x748,0x747,0x58,
0x200f9,0x745,0x200f8,0x745,0x700f5,0x20,0x749,0x21,
0x740,0x748,0x746,0x300f7,0x74a,0x0,0x400fa,0x749,
0x74b,0x74a,0x200f8,0x74b,0x500c7,0x18,0x74c,0x73a,
0x2f,0x60052,0x28,0x74d,0x74c,0x734,0x0,0x200f9,
0x74a,0x200f8,0x74a,0x700f5,0x28,0x74e,0x734,0x745,
0x74d,0x74b,0x50051,0x17,0x74f,0x62a,0x1,0x500b1,
0x20,0x750,0x74f,0xdc,0x300f7,0x751,0x0,0x400fa,
0x750,0x752,0x753,0x200f8,0x753,0x500af,0x20,0x754,
0x4e3,0x1c,0x300f7,0x755,0x0,0x400fa,0x754,0x756,
0x755,0x200f8,0x756,0x500af,0x20,0x757,0x4e3,0xd4,
0x200f9,0x755,0x200f8,0x755,0x700f5,0x20,0x758,0x26,
0x753,0x757,0x756,0x300f7,0x759,0x0,0x400fa,0x758,
0x75a,0x759,0x200f8,0x75a,0x50051,0x18,0x75b,0x74e,
0x1,0x500ae,0x20,0x75c,0x75b,0xde,0x200f9,0x759,
0x200f8,0x759,0x700f5,0x20,0x75d,0x21,0x755,0x75c,
0x75a,0x300f7,0x75e,0x0,0x400fa,0x75d,0x75f,0x75e,
0x200f8,0x75f,0x50051,0x18,0x760,0x74e,0x1,0x500b0,
0x20,0x761,0x760,0xd6,0x200f9,0x75e,0x200f8,0x75e,
0x700f5,0x20,0x762,0x21,0x759,0x761,0x75f,0x300f7,
0x763,0x0,0x400fa,0x762,0x764,0x763,0x200f8,0x764,
0x50051,0x18,0x765,0x74e,0x0,0x500c7,0x18,0x766,
0x765,0xd2,0x50080,0x18,0x767,0x766,0x58,0x60052,
0x28,0x768,0x767,0x74e,0x0,0x200f9,0x763,0x200f8,
0x763,0x700f5,0x28,0x769,0x74e,0x75e,0x768,0x764,
0x200f9,0x751,0x200f8,0x752,0x4007c,0x18,0x76a,0x74f,
0x500c7,0x18,0x76b,0x76a,0x2d,0x50080,0x18,0x76c,
0xdd,0x76b,0x50051,0x18,0x76d,0x74e,0x0,0x500c7,
0x18,0x76e,0x76d,0x2f,0x50050,0x28,0x76f,0x76e,
0x76c,0x200f9,0x751,0x200f8,0x751,0x700f5,0x28,0x770,
0x76f,0x752,0x769,0x763,0x200f9,0x738,0x200f8,0x738,
0x700f5,0x28,0x771,0x734,0x72f,0x770,0x751,0x50080,
0x18,0x772,0x471,0x31,0x60041,0x12a,0x773,0x14,
0x1c,0x772,0x4003d,0x18,0x774,0x773,0x500ab,0x20,
0x775,0x774,0x19,0x300f7,0x776,0x0,0x400fa,0x775,
0x777,0x776,0x200f8,0x777,0x500af,0x20,0x778,0x4e3,
0x1c,0x300f7,0x779,0x0,0x400fa,0x778,0x77a,0x779,
0x200f8,0x77a,0x500af,0x20,0x77b,0x4e3,0xcb,0x200f9,
0x779,0x200f8,0x779,0x700f5,0x20,0x77c,0x26,0x777,
0x77b,0x77a,0x200f9,0x776,0x200f8,0x776,0x700f5,0x20,
0x77d,0x21,0x738,0x77c,0x779,0x300f7,0x77e,0x0,
0x400fa,0x77d,0x77f,0x77e,0x200f8,0x77f,0x4007c,0x17,
0x780,0x6a5,0x50051,0x17,0x781,0x619,0x0,0x50080,
0x17,0x782,0xdf,0x781,0x4007c,0x18,0x783,0x782,
0x50082,0x17,0x784,0x780,0x2b,0x4007c,0x18,0x785,
0x784,0x500c7,0x18,0x786,0x783,0x785,0x4007c,0x17,
0x787,0x786,0x50051,0x17,0x788,0x534,0x0,0x50080,
0x17,0x789,0x787,0x788,0x50082,0x17,0x78a,0x789,
0xdf,0x8000c,0x17,0x78b,0x1,0x2d,0x78a,0x1c,
0x784,0x4007c,0x18,0x78c,0x78b,0x60052,0x28,0x78d,
0x78c,0x771,0x0,0x200f9,0x77e,0x200f8,0x77e,0x700f5,
0x28,0x78e,0x771,0x776,0x78d,0x77f,0x50050,0x28,
0x78f,0x486,0x486,0x50086,0x28,0x790,0x78e,0x78f,
0x50051,0x18,0x791,0x790,0x0,0x500ae,0x20,0x792,
0x791,0x49,0x600a9,0x17,0x793,0x792,0xe0,0x1c,
0x50051,0x18,0x794,0x790,0x1,0x500ae,0x20,0x795,
0x794,0x49,0x300f7,0x796,0x0,0x400fa,0x795,0x797,
0x798,0x200f8,0x798,0x200f9,0x796,0x200f8,0x797,0x600a9,
0x17,0x799,0x6a2,0xe1,0xe0,0x200f9,0x796,0x200f8,
0x796,0x700f5,0x17,0x79a,0x799,0x797,0x1c,0x798,
0x50080,0x17,0x79b,0x793,0x79a,0x4007c,0x18,0x79c,
0x79b,0x50080,0x18,0x79d,0x471,0x27,0x60041,0x12a,
0x79e,0x14,0x1c,0x79d,0x4003d,0x18,0x79f,0x79e,
0x50080,0x18,0x7a0,0x79f,0x79c,0x500c7,0x18,0x7a1,
0x794,0x2d,0x50084,0x18,0x7a2,0x7a1,0x49,0x50080,
0x18,0x7a3,0x7a0,0x7a2,0x500c7,0x18,0x7a4,0x791,
0x2d,0x50080,0x18,0x7a5,0x7a3,0x7a4,0x50084,0x18,
0x7a6,0x7a5,0x2c,0x500c7,0x18,0x7a7,0x7a6,0x3e,
0x50080,0x18,0x7a8,0x471,0xc1,0x500c2,0x18,0x7a9,
0x7a7,0x2c,0x50080,0x18,0x7aa,0x7a8,0x7a9,0x60041,
0x12a,0x7ab,0x14,0x1c,0x7aa,0x4003d,0x18,0x7ac,
0x7ab,0x500c7,0x18,0x7ad,0x7a6,0x2e,0x50084,0x18,
0x7ae,0x7ad,0x2a,0x500c7,0x18,0x7af,0x7ae,0x2d,
0x500c2,0x18,0x7b0,0x7ac,0x7af,0x500c7,0x18,0x7b1,
0x7b0,0x2f,0x50080,0x18,0x7b2,0x7a6,0x27,0x500c7,
0x18,0x7b3,0x7b2,0x3e,0x500c2,0x18,0x7b4,0x7b3,
0x2c,0x50080,0x18,0x7b5,0x7a8,0x7b4,0x60041,0x12a,
0x7b6,0x14,0x1c,0x7b5,0x4003d,0x18,0x7b7,0x7b6,
0x500c7,0x18,0x7b8,0x7b2,0x2e,0x50084,0x18,0x7b9,
0x7b8,0x2a,0x500c7,0x18,0x7ba,0x7b9,0x2d,0x500c2,
0x18,0x7bb,0x7b7,0x7ba,0x500c7,0x18,0x7bc,0x7bb,
0x2f,0x500c4,0x18,0x7bd,0x7bc,0x2a,0x500c5,0x18,
0x7be,0x7b1,0x7bd,0x50080,0x18,0x7bf,0x471,0x9f,
0x60041,0x12a,0x7c0,0x14,0x1c,0x7bf,0x4003d,0x18,
0x7c1,0x7c0,0x500c7,0x18,0x7c2,0x7c1,0x2e,0x500aa,
0x20,0x7c3,0x7c2,0x27,0x300f7,0x7c4,0x0,0x400fa,
0x7c3,0x7c5,0x7c4,0x200f8,0x7c5,0x500c7,0x18,0x7c6,
0x7be,0xa0,0x500ab,0x20,0x7c7,0x7c6,0x19,0x200f9,
0x7c4,0x200f8,0x7c4,0x700f5,0x20,0x7c8,0x21,0x796,
0x7c7,0x7c5,0x400a8,0x20,0x7c9,0x7c8,0x300f7,0x7ca,
0x0,0x400fa,0x7c9,0x7cb,0x7ca,0x200f8,0x7cb,0x500aa,
0x20,0x7cc,0x7c2,0x2c,0x300f7,0x7cd,0x0,0x400fa,
0x7cc,0x7ce,0x7cd,0x200f8,0x7ce,0x500c7,0x18,0x7cf,
0x7be,0xa0,0x500aa,0x20,0x7d0,0x7cf,0x19,0x200f9,
0x7cd,0x200f8,0x7cd,0x700f5,0x20,0x7d1,0x21,0x7cb,
0x7d0,0x7ce,0x200f9,0x7ca,0x200f8,0x7ca,0x700f5,0x20,
0x7d2,0x26,0x7c4,0x7d1,0x7cd,0x300f7,0x7d3,0x0,
0x400fa,0x7d2,0x7d4,0x7d3,0x200f8,0x7d4,0x200f9,0x479,
0x200f8,0x7d3,0x50082,0x18,0x7d5,0x486,0x27,0x50050,
0x28,0x7d6,0x7d5,0x7d5,0x500c7,0x28,0x7d7,0x78e,
0x7d6,0x500c7,0x18,0x7d8,0x7be,0xcc,0x500ab,0x20,
0x7d9,0x7d8,0x19,0x300f7,0x7da,0x0,0x400fa,0x7d9,
0x7db,0x7da,0x200f8,0x7db,0x50051,0x18,0x7dc,0x7d7,
0x0,0x50082,0x18,0x7dd,0x7d5,0x7dc,0x60052,0x28,
0x7de,0x7dd,0x7d7,0x0,0x200f9,0x7da,0x200f8,0x7da,
0x700f5,0x28,0x7df,0x7d7,0x7d3,0x7de,0x7db,0x500c7,
0x18,0x7e0,0x7be,0x52,0x500ab,0x20,0x7e1,0x7e0,
0x19,0x300f7,0x7e2,0x0,0x400fa,0x7e1,0x7e3,0x7e2,
0x200f8,0x7e3,0x50051,0x18,0x7e4,0x7df,0x1,0x50082,
0x18,0x7e5,0x7d5,0x7e4,0x60052,0x28,0x7e6,0x7e5,
0x7df,0x1,0x200f9,0x7e2,0x200f8,0x7e2,0x700f5,0x28,
0x7e7,0x7df,0x7da,0x7e6,0x7e3,0x500c7,0x18,0x7e8,
0x7be,0xe2,0x50051,0x18,0x7e9,0x7e7,0x0,0x500c2,
0x18,0x7ea,0x7e9,0x2e,0x50080,0x18,0x7eb,0x7e8,
0x7ea,0x50051,0x18,0x7ec,0x7e7,0x1,0x500c2,0x18,
0x7ed,0x7ec,0x2e,0x50084,0x18,0x7ee,0x7ed,0x32,
0x50080,0x18,0x7ef,0x7eb,0x7ee,0x500c7,0x18,0x7f0,
0x7ef,0xe2,0x60041,0x12a,0x7f1,0x14,0x1c,0x471,
0x4003d,0x18,0x7f2,0x7f1,0x50084,0x18,0x7f3,0x7f2,
0x2c,0x50084,0x18,0x7f4,0x480,0x2a,0x50084,0x18,
0x7f5,0x7f0,0x7f4,0x50080,0x18,0x7f6,0x7f3,0x7f5,
0x500c7,0x18,0x7f7,0x7ec,0x9f,0x50084,0x18,0x7f8,
0x7f7,0x2c,0x50080,0x18,0x7f9,0x7f6,0x7f8,0x500c7,
0x18,0x7fa,0x7e9,0x9f,0x500c2,0x18,0x7fb,0x9e,
0x7fa,0x200f9,0x7fc,0x200f8,0x7fc,0x700f5,0x18,0x7fd,
0x19,0x7e2,0x7fe,0x7ff,0x700f5,0x18,0x800,0x19,
0x7e2,0x801,0x7ff,0x50086,0x18,0x802,0x480,0x2c,
0x500b0,0x20,0x803,0x800,0x802,0x400f6,0x804,0x7ff,
0x0,0x400fa,0x803,0x805,0x804,0x200f8,0x805,0x50084,
0x18,0x806,0x800,0x32,0x50080,0x18,0x807,0x7f9,
0x806,0x500c7,0x18,0x808,0x807,0x3e,0x500c2,0x18,
0x809,0x808,0x2c,0x50080,0x18,0x80a,0x7a8,0x809,
0x60041,0x12a,0x80b,0x14,0x1c,0x80a,0x4003d,0x18,
0x80c,0x80b,0x500c7,0x18,0x80d,0x807,0x2e,0x50084,
0x18,0x80e,0x80d,0x2a,0x500c7,0x18,0x80f,0x80e,
0x2d,0x500c2,0x18,0x810,0x80c,0x80f,0x500c7,0x18,
0x811,0x810,0x2f,0x500c7,0x18,0x812,0x811,0x7fb,
0x500ab,0x20,0x813,0x812,0x19,0x300f7,0x814,0x0,
0x400fa,0x813,0x815,0x814,0x200f8,0x815,0x50084,0x18,
0x816,0x800,0x2c,0x500c7,0x18,0x817,0x816,0x2d,
0x500c4,0x18,0x818,0x27,0x817,0x500c5,0x18,0x819,
0x7fd,0x818,0x200f9,0x814,0x200f8,0x814,0x700f5,0x18,
0x81a,0x7fd,0x805,0x819,0x815,0x50080,0x18,0x81b,
0x807,0x27,0x500c7,0x18,0x81c,0x81b,0x3e,0x500c2,
0x18,0x81d,0x81c,0x2c,0x50080,0x18,0x81e,0x7a8,
0x81d,0x60041,0x12a,0x81f,0x14,0x1c,0x81e,0x4003d,
0x18,0x820,0x81f,0x500c7,0x18,0x821,0x81b,0x2e,
0x50084,0x18,0x822,0x821,0x2a,0x500c7,0x18,0x823,
0x822,0x2d,0x500c2,0x18,0x824,0x820,0x823,0x500c7,
0x18,0x825,0x824,0x2f,0x500c7,0x18,0x826,0x825,
0x7fb,0x500ab,0x20,0x827,0x826,0x19,0x300f7,0x828,
0x0,0x400fa,0x827,0x829,0x828,0x200f8,0x829,0x50084,
0x18,0x82a,0x800,0x2c,0x500c7,0x18,0x82b,0x82a,
0x2d,0x500c4,0x18,0x82c,0x2c,0x82b,0x500c5,0x18,
0x82d,0x81a,0x82c,0x200f9,0x828,0x200f8,0x828,0x700f5,
0x18,0x7fe,0x81a,0x814,0x82d,0x829,0x200f9,0x7ff,
0x200f8,0x7ff,0x50080,0x18,0x801,0x800,0x27,0x200f9,
0x7fc,0x200f8,0x804,0x500aa,0x20,0x82e,0x7fd,0x19,
0x300f7,0x82f,0x0,0x400fa,0x82e,0x830,0x82f,0x200f8,
0x830,0x200f9,0x479,0x200f8,0x82f,0x500ab,0x20,0x831,
0x480,0x2a,0x300f7,0x832,0x0,0x400fa,0x831,0x833,
0x832,0x200f8,0x833,0x500c2,0x18,0x834,0x7be,0x1e,
0x500c7,0x18,0x835,0x834,0x9f,0x500c7,0x18,0x836,
0x480,0x2d,0x500c4,0x18,0x837,0x27,0x836,0x50084,
0x18,0x838,0x835,0x837,0x50080,0x18,0x839,0x7fd,
0x838,0x200f9,0x832,0x200f8,0x832,0x700f5,0x18,0x83a,
0x7fd,0x82f,0x839,0x833,0x50080,0x18,0x83b,0x471,
0x4c,0x60041,0x12a,0x83c,0x14,0x1c,0x83b,0x4003d,
0x18,0x83d,0x83c,0x50080,0x18,0x83e,0x83a,0x83d,
0x500c7,0x18,0x83f,0x83e,0x2f,0x4003d,0x18,0x840,
0x473,0x500c7,0x18,0x841,0x840,0x1f,0x500ab,0x20,
0x842,0x841,0x19,0x300f7,0x843,0x0,0x400fa,0x842,
0x844,0x843,0x200f8,0x844,0x500af,0x20,0x845,0x4e3,
0x1c,0x300f7,0x846,0x0,0x400fa,0x845,0x847,0x846,
0x200f8,0x847,0x500af,0x20,0x848,0x4e3,0xcb,0x200f9,
0x846,0x200f8,0x846,0x700f5,0x20,0x849,0x26,0x844,
0x848,0x847,0x200f9,0x843,0x200f8,0x843,0x700f5,0x20,
0x84a,0x21,0x832,0x849,0x846,0x300f7,0x84b,0x0,
0x400fa,0x84a,0x84c,0x84b,0x200f8,0x84c,0x4007c,0x17,
0x84d,0x6a5,0x50051,0x17,0x84e,0x619,0x0,0x50087,
0x17,0x84f,0x84d,0x30,0x50080,0x17,0x850,0x84e,
0x84f,0x5008a,0x17,0x851,0x850,0x84d,0x50080,0x17,
0x852,0x851,0x84d,0x5008a,0x17,0x853,0x852,0x84d,
0x50082,0x17,0x854,0x853,0x84f,0x50051,0x17,0x855,
0x534,0x0,0x50080,0x17,0x856,0x855,0x854,0x50051,
0x18,0x857,0x78e,0x0,0x500ae,0x20,0x858,0x857,
0x58,0x300f7,0x859,0x0,0x400fa,0x858,0x85a,0x859,
0x200f8,0x85a,0x500b0,0x20,0x85b,0x857,0xe3,0x200f9,
0x859,0x200f8,0x859,0x700f5,0x20,0x85c,0x21,0x84c,
0x85b,0x85a,0x300f7,0x85d,0x0,0x400fa,0x85c,0x85e,
0x85d,0x200f8,0x85e,0x50051,0x18,0x85f,0x78e,0x1,
0x500ae,0x20,0x860,0x85f,0xe3,0x200f9,0x85d,0x200f8,
0x85d,0x700f5,0x20,0x861,0x21,0x859,0x860,0x85e,
0x300f7,0x862,0x0,0x400fa,0x861,0x863,0x862,0x200f8,
0x863,0x50051,0x18,0x864,0x78e,0x1,0x500b0,0x20,
0x865,0x864,0xd0,0x200f9,0x862,0x200f8,0x862,0x700f5,
0x20,0x866,0x21,0x85d,0x865,0x863,0x300f7,0x867,
0x0,0x400fa,0x866,0x868,0x867,0x200f8,0x868,0x500ae,
0x20,0x869,0x83f,0xe4,0x200f9,0x867,0x200f8,0x867,
0x700f5,0x20,0x86a,0x21,0x862,0x869,0x868,0x300f7,
0x86b,0x0,0x400fa,0x86a,0x86c,0x86b,0x200f8,0x86c,
0x500b2,0x20,0x86d,0x83f,0xe5,0x200f9,0x86b,0x200f8,
0x86b,0x700f5,0x20,0x86e,0x21,0x867,0x86d,0x86c,
0x500ae,0x20,0x86f,0x857,0xe3,0x300f7,0x870,0x0,
0x400fa,0x86f,0x871,0x870,0x200f8,0x871,0x500b0,0x20,
0x872,0x857,0xe6,0x200f9,0x870,0x200f8,0x870,0x700f5,
0x20,0x873,0x21,0x86b,0x872,0x871,0x300f7,0x874,
0x0,0x400fa,0x873,0x875,0x874,0x200f8,0x875,0x50051,
0x18,0x876,0x78e,0x1,0x500ae,0x20,0x877,0x876,
0xe6,0x200f9,0x874,0x200f8,0x874,0x700f5,0x20,0x878,
0x21,0x870,0x877,0x875,0x300f7,0x879,0x0,0x400fa,
0x878,0x87a,0x879,0x200f8,0x87a,0x50051,0x18,0x87b,
0x78e,0x1,0x500b0,0x20,0x87c,0x87b,0xd0,0x200f9,
0x879,0x200f8,0x879,0x700f5,0x20,0x87d,0x21,0x874,
0x87c,0x87a,0x300f7,0x87e,0x0,0x400fa,0x87d,0x87f,
0x87e,0x200f8,0x87f,0x500ae,0x20,0x880,0x83f,0xe4,
0x200f9,0x87e,0x200f8,0x87e,0x700f5,0x20,0x881,0x21,
0x879,0x880,0x87f,0x300f7,0x882,0x0,0x400fa,0x881,
0x883,0x882,0x200f8,0x883,0x500b2,0x20,0x884,0x83f,
0xe7,0x200f9,0x882,0x200f8,0x882,0x700f5,0x20,0x885,
0x21,0x87e,0x884,0x883,0x500af,0x20,0x886,0x856,
0x1c,0x300f7,0x887,0x0,0x400fa,0x886,0x888,0x887,
0x200f8,0x888,0x500af,0x20,0x889,0x856,0x84d,0x200f9,
0x887,0x200f8,0x887,0x700f5,0x20,0x88a,0x26,0x882,
0x889,0x888,0x300f7,0x88b,0x0,0x400fa,0x88a,0x88c,
0x88b,0x200f8,0x88c,0x400a8,0x20,0x88d,0x86e,0x600a9,
0x20,0x88e,0x88d,0x885,0x26,0x200f9,0x88b,0x200f8,
0x88b,0x700f5,0x20,0x88f,0x21,0x887,0x88e,0x88c,
0x600a9,0x18,0x890,0x88f,0xe8,0x83f,0x200f9,0x84b,
0x200f8,0x84b,0x700f5,0x18,0x891,0x83f,0x843,0x890,
0x88b,0x4003d,0x18,0x892,0x7c0,0x500c7,0x18,0x893,
0x892,0x58,0x500ab,0x20,0x894,0x893,0x19,0x300f7,
0x895,0x0,0x400fa,0x894,0x896,0x895,0x200f8,0x896,
0x500af,0x20,0x897,0x4e3,0x1c,0x300f7,0x898,0x0,
0x400fa,0x897,0x899,0x898,0x200f8,0x899,0x500af,0x20,
0x89a,0x4e3,0xcb,0x200f9,0x898,0x200f8,0x898,0x700f5,
0x20,0x89b,0x26,0x896,0x89a,0x899,0x400a8,0x20,
0x89c,0x89b,0x300f7,0x89d,0x0,0x400fa,0x89c,0x89e,
0x89d,0x200f8,0x89e,0x500b1,0x20,0x89f,0x4e2,0x1c,
0x200f9,0x89d,0x200f8,0x89d,0x700f5,0x20,0x8a0,0x26,
0x898,0x89f,0x89e,0x400a8,0x20,0x8a1,0x8a0,0x300f7,
0x8a2,0x0,0x400fa,0x8a1,0x8a3,0x8a2,0x200f8,0x8a3,
0x500af,0x20,0x8a4,0x4e2,0x56,0x200f9,0x8a2,0x200f8,
0x8a2,0x700f5,0x20,0x8a5,0x26,0x89d,0x8a4,0x8a3,
0x200f9,0x895,0x200f8,0x895,0x700f5,0x20,0x8a6,0x21,
0x84b,0x8a5,0x8a2,0x300f7,0x8a7,0x0,0x400fa,0x8a6,
0x8a8,0x8a7,0x200f8,0x8a8,0x4007c,0x17,0x8a9,0x6a5,
0x50051,0x17,0x8aa,0x619,0x0,0x50087,0x17,0x8ab,
0x8a9,0x30,0x50080,0x17,0x8ac,0x8aa,0x8ab,0x5008a,
0x17,0x8ad,0x8ac,0x8a9,0x50080,0x17,0x8ae,0x8ad,
0x8a9,0x5008a,0x17,0x8af,0x8ae,0x8a9,0x50082,0x17,
0x8b0,0x8af,0x8ab,0x50051,0x17,0x8b1,0x534,0x0,
0x50080,0x17,0x8b2,0x8b1,0x8b0,0x50051,0x18,0x8b3,
0x78e,0x0,0x500ae,0x20,0x8b4,0x8b3,0xe9,0x300f7,
0x8b5,0x0,0x400fa,0x8b4,0x8b6,0x8b5,0x200f8,0x8b6,
0x500b0,0x20,0x8b7,0x8b3,0xea,0x200f9,0x8b5,0x200f8,
0x8b5,0x700f5,0x20,0x8b8,0x21,0x8a8,0x8b7,0x8b6,
0x300f7,0x8b9,0x0,0x400fa,0x8b8,0x8ba,0x8b9,0x200f8,
0x8ba,0x50051,0x18,0x8bb,0x78e,0x1,0x500ae,0x20,
0x8bc,0x8bb,0x32,0x200f9,0x8b9,0x200f8,0x8b9,0x700f5,
0x20,0x8bd,0x21,0x8b5,0x8bc,0x8ba,0x300f7,0x8be,
0x0,0x400fa,0x8bd,0x8bf,0x8be,0x200f8,0x8bf,0x50051,
0x18,0x8c0,0x78e,0x1,0x500b0,0x20,0x8c1,0x8c0,
0xeb,0x200f9,0x8be,0x200f8,0x8be,0x700f5,0x20,0x8c2,
0x21,0x8b9,0x8c1,0x8bf,0x400a8,0x20,0x8c3,0x8c2,
0x300f7,0x8c4,0x0,0x400fa,0x8c3,0x8c5,0x8c4,0x200f8,
0x8c5,0x500ae,0x20,0x8c6,0x8b3,0xeb,0x300f7,0x8c7,
0x0,0x400fa,0x8c6,0x8c8,0x8c7,0x200f8,0x8c8,0x500b0,
0x20,0x8c9,0x8b3,0xec,0x200f9,0x8c7,0x200f8,0x8c7,
0x700f5,0x20,0x8ca,0x21,0x8c5,0x8c9,0x8c8,0x300f7,
0x8cb,0x0,0x400fa,0x8ca,0x8cc,0x8cb,0x200f8,0x8cc,
0x50051,0x18,0x8cd,0x78e,0x1,0x500ae,0x20,0x8ce,
0x8cd,0x9d,0x200f9,0x8cb,0x200f8,0x8cb,0x700f5,0x20,
0x8cf,0x21,0x8c7,0x8ce,0x8cc,0x300f7,0x8d0,0x0,
0x400fa,0x8cf,0x8d1,0x8d0,0x200f8,0x8d1,0x50051,0x18,
0x8d2,0x78e,0x1,0x500b0,0x20,0x8d3,0x8d2,0xed,
0x200f9,0x8d0,0x200f8,0x8d0,0x700f5,0x20,0x8d4,0x21,
0x8cb,0x8d3,0x8d1,0x200f9,0x8c4,0x200f8,0x8c4,0x700f5,
0x20,0x8d5,0x26,0x8be,0x8d4,0x8d0,0x400a8,0x20,
0x8d6,0x8d5,0x300f7,0x8d7,0x0,0x400fa,0x8d6,0x8d8,
0x8d7,0x200f8,0x8d8,0x500ae,0x20,0x8d9,0x8b3,0xee,
0x300f7,0x8da,0x0,0x400fa,0x8d9,0x8db,0x8da,0x200f8,
0x8db,0x500b0,0x20,0x8dc,0x8b3,0xef,0x200f9,0x8da,
0x200f8,0x8da,0x700f5,0x20,0x8dd,0x21,0x8d8,0x8dc,
0x8db,0x300f7,0x8de,0x0,0x400fa,0x8dd,0x8df,0x8de,
0x200f8,0x8df,0x50051,0x18,0x8e0,0x78e,0x1,0x500ae,
0x20,0x8e1,0x8e0,0xe8,0x200f9,0x8de,0x200f8,0x8de,
0x700f5,0x20,0x8e2,0x21,0x8da,0x8e1,0x8df,0x300f7,
0x8e3,0x0,0x400fa,0x8e2,0x8e4,0x8e3,0x200f8,0x8e4,
0x50051,0x18,0x8e5,0x78e,0x1,0x500b0,0x20,0x8e6,
0x8e5,0xee,0x200f9,0x8e3,0x200f8,0x8e3,0x700f5,0x20,
0x8e7,0x21,0x8de,0x8e6,0x8e4,0x200f9,0x8d7,0x200f8,
0x8d7,0x700f5,0x20,0x8e8,0x26,0x8c4,0x8e7,0x8e3,
0x400a8,0x20,0x8e9,0x8e8,0x300f7,0x8ea,0x0,0x400fa,
0x8e9,0x8eb,0x8ea,0x200f8,0x8eb,0x500ae,0x20,0x8ec,
0x8b3,0xe6,0x300f7,0x8ed,0x0,0x400fa,0x8ec,0x8ee,
0x8ed,0x200f8,0x8ee,0x500b0,0x20,0x8ef,0x8b3,0xd1,
0x200f9,0x8ed,0x200f8,0x8ed,0x700f5,0x20,0x8f0,0x21,
0x8eb,0x8ef,0x8ee,0x300f7,0x8f1,0x0,0x400fa,0x8f0,
0x8f2,0x8f1,0x200f8,0x8f2,0x50051,0x18,0x8f3,0x78e,
0x1,0x500ae,0x20,0x8f4,0x8f3,0xf0,0x200f9,0x8f1,
0x200f8,0x8f1,0x700f5,0x20,0x8f5,0x21,0x8ed,0x8f4,
0x8f2,0x300f7,0x8f6,0x0,0x400fa,0x8f5,0x8f7,0x8f6,
0x200f8,0x8f7,0x50051,0x18,0x8f8,0x78e,0x1,0x500b0,
0x20,0x8f9,0x8f8,0xee,0x200f9,0x8f6,0x200f8,0x8f6,
0x700f5,0x20,0x8fa,0x21,0x8f1,0x8f9,0x8f7,0x200f9,
0x8ea,0x200f8,0x8ea,0x700f5,0x20,0x8fb,0x26,0x8d7,
0x8fa,0x8f6,0x400a8,0x20,0x8fc,0x8fb,0x300f7,0x8fd,
0x0,0x400fa,0x8fc,0x8fe,0x8fd,0x200f8,0x8fe,0x500ae,
0x20,0x8ff,0x8b3,0xf1,0x300f7,0x900,0x0,0x400fa,
0x8ff,0x901,0x900,0x200f8,0x901,0x500b0,0x20,0x902,
0x8b3,0x58,0x200f9,0x900,0x200f8,0x900,0x700f5,0x20,
0x903,0x21,0x8fe,0x902,0x901,0x300f7,0x904,0x0,
0x400fa,0x903,0x905,0x904,0x200f8,0x905,0x50051,0x18,
0x906,0x78e,0x1,0x500ae,0x20,0x907,0x906,0xee,
0x200f9,0x904,0x200f8,0x904,0x700f5,0x20,0x908,0x21,
0x900,0x907,0x905,0x300f7,0x909,0x0,0x400fa,0x908,
0x90a,0x909,0x200f8,0x90a,0x50051,0x18,0x90b,0x78e,
0x1,0x500b0,0x20,0x90c,0x90b,0xf2,0x200f9,0x909,
0x200f8,0x909,0x700f5,0x20,0x90d,0x21,0x904,0x90c,
0x90a,0x200f9,0x8fd,0x200f8,0x8fd,0x700f5,0x20,0x90e,
0x26,0x8ea,0x90d,0x909,0x400a8,0x20,0x90f,0x90e,
0x300f7,0x910,0x0,0x400fa,0x90f,0x911,0x910,0x200f8,
0x911,0x500ae,0x20,0x912,0x8b3,0xf3,0x300f7,0x913,
0x0,0x400fa,0x912,0x914,0x913,0x200f8,0x914,0x500b0,
0x20,0x915,0x8b3,0xf4,0x200f9,0x913,0x200f8,0x913,
0x700f5,0x20,0x916,0x21,0x911,0x915,0x914,0x300f7,
0x917,0x0,0x400fa,0x916,0x918,0x917,0x200f8,0x918,
0x50051,0x18,0x919,0x78e,0x1,0x500ae,0x20,0x91a,
0x919,0x9e,0x200f9,0x917,0x200f8,0x917,0x700f5,0x20,
0x91b,0x21,0x913,0x91a,0x918,0x300f7,0x91c,0x0,
0x400fa,0x91b,0x91d,0x91c,0x200f8,0x91d,0x50051,0x18,
0x91e,0x78e,0x1,0x500b0,0x20,0x91f,0x91e,0xf5,
0x200f9,0x91c,0x200f8,0x91c,0x700f5,0x20,0x920,0x21,
0x917,0x91f,0x91d,0x200f9,0x910,0x200f8,0x910,0x700f5,
0x20,0x921,0x26,0x8fd,0x920,0x91c,0x400a8,0x20,
0x922,0x921,0x300f7,0x923,0x0,0x400fa,0x922,0x924,
0x923,0x200f8,0x924,0x500ae,0x20,0x925,0x8b3,0xf6,
0x300f7,0x926,0x0,0x400fa,0x925,0x927,0x926,0x200f8,
0x927,0x500b0,0x20,0x928,0x8b3,0xf7,0x200f9,0x926,
0x200f8,0x926,0x700f5,0x20,0x929,0x21,0x924,0x928,
0x927,0x300f7,0x92a,0x0,0x400fa,0x929,0x92b,0x92a,
0x200f8,0x92b,0x50051,0x18,0x92c,0x78e,0x1,0x500ae,
0x20,0x92d,0x92c,0xf8,0x200f9,0x92a,0x200f8,0x92a,
0x700f5,0x20,0x92e,0x21,0x926,0x92d,0x92b,0x300f7,
0x92f,0x0,0x400fa,0x92e,0x930,0x92f,0x200f8,0x930,
0x50051,0x18,0x931,0x78e,0x1,0x500b0,0x20,0x932,
0x931,0xf2,0x200f9,0x92f,0x200f8,0x92f,0x700f5,0x20,
0x933,0x21,0x92a,0x932,0x930,0x200f9,0x923,0x200f8,
0x923,0x700f5,0x20,0x934,0x26,0x910,0x933,0x92f,
0x400a8,0x20,0x935,0x934,0x300f7,0x936,0x0,0x400fa,
0x935,0x937,0x936,0x200f8,0x937,0x500ae,0x20,0x938,
0x8b3,0xf7,0x300f7,0x939,0x0,0x400fa,0x938,0x93a,
0x939,0x200f8,0x93a,0x500b0,0x20,0x93b,0x8b3,0xf9,
0x200f9,0x939,0x200f8,0x939,0x700f5,0x20,0x93c,0x21,
0x937,0x93b,0x93a,0x300f7,0x93d,0x0,0x400fa,0x93c,
0x93e,0x93d,0x200f8,0x93e,0x50051,0x18,0x93f,0x78e,
0x1,0x500ae,0x20,0x940,0x93f,0xfa,0x200f9,0x93d,
0x200f8,0x93d,0x700f5,0x20,0x941,0x21,0x939,0x940,
0x93e,0x300f7,0x942,0x0,0x400fa,0x941,0x943,0x942,
0x200f8,0x943,0x50051,0x18,0x944,0x78e,0x1,0x500b0,
0x20,0x945,0x944,0xfb,0x200f9,0x942,0x200f8,0x942,
0x700f5,0x20,0x946,0x21,0x93d,0x945,0x943,0x200f9,
0x936,0x200f8,0x936,0x700f5,0x20,0x947,0x26,0x923,
0x946,0x942,0x400a8,0x20,0x948,0x947,0x300f7,0x949,
0x0,0x400fa,0x948,0x94a,0x949,0x200f8,0x94a,0x500ae,
0x20,0x94b,0x8b3,0xfc,0x300f7,0x94c,0x0,0x400fa,
0x94b,0x94d,0x94c,0x200f8,0x94d,0x500b0,0x20,0x94e,
0x8b3,0xfd,0x200f9,0x94c,0x200f8,0x94c,0x700f5,0x20,
0x94f,0x21,0x94a,0x94e,0x94d,0x300f7,0x950,0x0,
0x400fa,0x94f,0x951,0x950,0x200f8,0x951,0x50051,0x18,
0x952,0x78e,0x1,0x500ae,0x20,0x953,0x952,0xfe,
0x200f9,0x950,0x200f8,0x950,0x700f5,0x20,0x954,0x21,
0x94c,0x953,0x951,0x300f7,0x955,0x0,0x400fa,0x954,
0x956,0x955,0x200f8,0x956,0x50051,0x18,0x957,0x78e,
0x1,0x500b0,0x20,0x958,0x957,0xf3,0x200f9,0x955,
0x200f8,0x955,0x700f5,0x20,0x959,0x21,0x950,0x958,
0x956,0x200f9,0x949,0x200f8,0x949,0x700f5,0x20,0x95a,
0x26,0x936,0x959,0x955,0x400a8,0x20,0x95b,0x95a,
0x300f7,0x95c,0x0,0x400fa,0x95b,0x95d,0x95c,0x200f8,
0x95d,0x500ae,0x20,0x95e,0x8b3,0xff,0x300f7,0x95f,
0x0,0x400fa,0x95e,0x960,0x95f,0x200f8,0x960,0x500b0,
0x20,0x961,0x8b3,0xd6,0x200f9,0x95f,0x200f8,0x95f,
0x700f5,0x20,0x962,0x21,0x95d,0x961,0x960,0x300f7,
0x963,0x0,0x400fa,0x962,0x964,0x963,0x200f8,0x964,
0x50051,0x18,0x965,0x78e,0x1,0x500ae,0x20,0x966,
0x965,0xfc,0x200f9,0x963,0x200f8,0x963,0x700f5,0x20,
0x967,0x21,0x95f,0x966,0x964,0x300f7,0x968,0x0,
0x400fa,0x967,0x969,0x968,0x200f8,0x969,0x50051,0x18,
0x96a,0x78e,0x1,0x500b0,0x20,0x96b,0x96a,0x100,
0x200f9,0x968,0x200f8,0x968,0x700f5,0x20,0x96c,0x21,
0x963,0x96b,0x969,0x200f9,0x95c,0x200f8,0x95c,0x700f5,
0x20,0x96d,0x26,0x949,0x96c,0x968,0x400a8,0x20,
0x96e,0x96d,0x300f7,0x96f,0x0,0x400fa,0x96e,0x970,
0x96f,0x200f8,0x970,0x500ae,0x20,0x971,0x8b3,0x101,
0x300f7,0x972,0x0,0x400fa,0x971,0x973,0x972,0x200f8,
0x973,0x500b0,0x20,0x974,0x8b3,0xfa,0x200f9,0x972,
0x200f8,0x972,0x700f5,0x20,0x975,0x21,0x970,0x974,
0x973,0x300f7,0x976,0x0,0x400fa,0x975,0x977,0x976,
0x200f8,0x977,0x50051,0x18,0x978,0x78e,0x1,0x500ae,
0x20,0x979,0x978,0xf3,0x200f9,0x976,0x200f8,0x976,
0x700f5,0x20,0x97a,0x21,0x972,0x979,0x977,0x300f7,
0x97b,0x0,0x400fa,0x97a,0x97c,0x97b,0x200f8,0x97c,
0x50051,0x18,0x97d,0x78e,0x1,0x500b0,0x20,0x97e,
0x97d,0xf4,0x200f9,0x97b,0x200f8,0x97b,0x700f5,0x20,
0x97f,0x21,0x976,0x97e,0x97c,0x200f9,0x96f,0x200f8,
0x96f,0x700f5,0x20,0x980,0x26,0x95c,0x97f,0x97b,
0x400a8,0x20,0x981,0x980,0x300f7,0x982,0x0,0x400fa,
0x981,0x983,0x982,0x200f8,0x983,0x500ae,0x20,0x984,
0x8b3,0xdb,0x300f7,0x985,0x0,0x400fa,0x984,0x986,
0x985,0x200f8,0x986,0x500b0,0x20,0x987,0x8b3,0x102,
0x200f9,0x985,0x200f8,0x985,0x700f5,0x20,0x988,0x21,
0x983,0x987,0x986,0x300f7,0x989,0x0,0x400fa,0x988,
0x98a,0x989,0x200f8,0x98a,0x50051,0x18,0x98b,0x78e,
0x1,0x500ae,0x20,0x98c,0x98b,0xf4,0x200f9,0x989,
0x200f8,0x989,0x700f5,0x20,0x98d,0x21,0x985,0x98c,
0x98a,0x300f7,0x98e,0x0,0x400fa,0x98d,0x98f,0x98e,
0x200f8,0x98f,0x50051,0x18,0x990,0x78e,0x1,0x500b0,
0x20,0x991,0x990,0xdb,0x200f9,0x98e,0x200f8,0x98e,
0x700f5,0x20,0x992,0x21,0x989,0x991,0x98f,0x200f9,
0x982,0x200f8,0x982,0x700f5,0x20,0x993,0x26,0x96f,
0x992,0x98e,0x400a8,0x20,0x994,0x993,0x300f7,0x995,
0x0,0x400fa,0x994,0x996,0x995,0x200f8,0x996,0x500ae,
0x20,0x997,0x8b3,0xeb,0x300f7,0x998,0x0,0x400fa,
0x997,0x999,0x998,0x200f8,0x999,0x500b0,0x20,0x99a,
0x8b3,0x9e,0x200f9,0x998,0x200f8,0x998,0x700f5,0x20,
0x99b,0x21,0x996,0x99a,0x999,0x300f7,0x99c,0x0,
0x400fa,0x99b,0x99d,0x99c,0x200f8,0x99d,0x50051,0x18,
0x99e,0x78e,0x1,0x500ae,0x20,0x99f,0x99e,0xe6,
0x200f9,0x99c,0x200f8,0x99c,0x700f5,0x20,0x9a0,0x21,
0x998,0x99f,0x99d,0x300f7,0x9a1,0x0,0x400fa,0x9a0,
0x9a2,0x9a1,0x200f8,0x9a2,0x50051,0x18,0x9a3,0x78e,
0x1,0x500b0,0x20,0x9a4,0x9a3,0xd1,0x200f9,0x9a1,
0x200f8,0x9a1,0x700f5,0x20,0x9a5,0x21,0x99c,0x9a4,
0x9a2,0x200f9,0x995,0x200f8,0x995,0x700f5,0x20,0x9a6,
0x26,0x982,0x9a5,0x9a1,0x400a8,0x20,0x9a7,0x9a6,
0x300f7,0x9a8,0x0,0x400fa,0x9a7,0x9a9,0x9a8,0x200f8,
0x9a9,0x500ae,0x20,0x9aa,0x8b3,0x49,0x300f7,0x9ab,
0x0,0x400fa,0x9aa,0x9ac,0x9ab,0x200f8,0x9ac,0x500b0,
0x20,0x9ad,0x8b3,0xed,0x200f9,0x9ab,0x200f8,0x9ab,
0x700f5,0x20,0x9ae,0x21,0x9a9,0x9ad,0x9ac,0x300f7,
0x9af,0x0,0x400fa,0x9ae,0x9b0,0x9af,0x200f8,0x9b0,
0x50051,0x18,0x9b1,0x78e,0x1,0x500ae,0x20,0x9b2,
0x9b1,0xf5,0x200f9,0x9af,0x200f8,0x9af,0x700f5,0x20,
0x9b3,0x21,0x9ab,0x9b2,0x9b0,0x300f7,0x9b4,0x0,
0x400fa,0x9b3,0x9b5,0x9b4,0x200f8,0x9b5,0x50051,0x18,
0x9b6,0x78e,0x1,0x500b0,0x20,0x9b7,0x9b6,0x101,
0x200f9,0x9b4,0x200f8,0x9b4,0x700f5,0x20,0x9b8,0x21,
0x9af,0x9b7,0x9b5,0x200f9,0x9a8,0x200f8,0x9a8,0x700f5,
0x20,0x9b9,0x26,0x995,0x9b8,0x9b4,0x400a8,0x20,
0x9ba,0x9b9,0x300f7,0x9bb,0x0,0x400fa,0x9ba,0x9bc,
0x9bb,0x200f8,0x9bc,0x500ae,0x20,0x9bd,0x8b3,0xd8,
0x300f7,0x9be,0x0,0x400fa,0x9bd,0x9bf,0x9be,0x200f8,
0x9bf,0x500b0,0x20,0x9c0,0x8b3,0x103,0x200f9,0x9be,
0x200f8,0x9be,0x700f5,0x20,0x9c1,0x21,0x9bc,0x9c0,
0x9bf,0x300f7,0x9c2,0x0,0x400fa,0x9c1,0x9c3,0x9c2,
0x200f8,0x9c3,0x50051,0x18,0x9c4,0x78e,0x1,0x500ae,
0x20,0x9c5,0x9c4,0x104,0x200f9,0x9c2,0x200f8,0x9c2,
0x700f5,0x20,0x9c6,0x21,0x9be,0x9c5,0x9c3,0x300f7,
0x9c7,0x0,0x400fa,0x9c6,0x9c8,0x9c7,0x200f8,0x9c8,
0x50051,0x18,0x9c9,0x78e,0x1,0x500b0,0x20,0x9ca,
0x9c9,0x58,0x200f9,0x9c7,0x200f8,0x9c7,0x700f5,0x20,
0x9cb,0x21,0x9c2,0x9ca,0x9c8,0x200f9,0x9bb,0x200f8,
0x9bb,0x700f5,0x20,0x9cc,0x26,0x9a8,0x9cb,0x9c7,
0x400a8,0x20,0x9cd,0x9cc,0x300f7,0x9ce,0x0,0x400fa,
0x9cd,0x9cf,0x9ce,0x200f8,0x9cf,0x500ae,0x20,0x9d0,
0x8b3,0x105,0x300f7,0x9d1,0x0,0x400fa,0x9d0,0x9d2,
0x9d1,0x200f8,0x9d2,0x500b0,0x20,0x9d3,0x8b3,0xf2,
0x200f9,0x9d1,0x200f8,0x9d1,0x700f5,0x20,0x9d4,0x21,
0x9cf,0x9d3,0x9d2,0x300f7,0x9d5,0x0,0x400fa,0x9d4,
0x9d6,0x9d5,0x200f8,0x9d6,0x50051,0x18,0x9d7,0x78e,
0x1,0x500ae,0x20,0x9d8,0x9d7,0xe3,0x200f9,0x9d5,
0x200f8,0x9d5,0x700f5,0x20,0x9d9,0x21,0x9d1,0x9d8,
0x9d6,0x300f7,0x9da,0x0,0x400fa,0x9d9,0x9db,0x9da,
0x200f8,0x9db,0x50051,0x18,0x9dc,0x78e,0x1,0x500b0,
0x20,0x9dd,0x9dc,0x106,0x200f9,0x9da,0x200f8,0x9da,
0x700f5,0x20,0x9de,0x21,0x9d5,0x9dd,0x9db,0x200f9,
0x9ce,0x200f8,0x9ce,0x700f5,0x20,0x9df,0x26,0x9bb,
0x9de,0x9da,0x4007c,0x17,0x9e0,0x6ab,0x500af,0x20,
0x9e1,0x8b2,0x1c,0x300f7,0x9e2,0x0,0x400fa,0x9e1,
0x9e3,0x9e2,0x200f8,0x9e3,0x500af,0x20,0x9e4,0x8b2,
0x8a9,0x200f9,0x9e2,0x200f8,0x9e2,0x700f5,0x20,0x9e5,
0x26,0x9ce,0x9e4,0x9e3,0x400a8,0x20,0x9e6,0x9e5,
0x300f7,0x9e7,0x0,0x400fa,0x9e6,0x9e8,0x9e7,0x200f8,
0x9e8,0x50051,0x17,0x9e9,0x62a,0x1,0x500b1,0x20,
0x9ea,0x9e9,0x1c,0x200f9,0x9e7,0x200f8,0x9e7,0x700f5,
0x20,0x9eb,0x26,0x9e2,0x9ea,0x9e8,0x400a8,0x20,
0x9ec,0x9eb,0x300f7,0x9ed,0x0,0x400fa,0x9ec,0x9ee,
0x9ed,0x200f8,0x9ee,0x50051,0x17,0x9ef,0x62a,0x1,
0x500af,0x20,0x9f0,0x9ef,0x9e0,0x200f9,0x9ed,0x200f8,
0x9ed,0x700f5,0x20,0x9f1,0x26,0x9e7,0x9f0,0x9ee,
0x600a9,0x20,0x9f2,0x9f1,0x9df,0x21,0x600a9,0x18,
0x9f3,0x9f2,0x8a,0x891,0x200f9,0x8a7,0x200f8,0x8a7,
0x700f5,0x18,0x9f4,0x891,0x895,0x9f3,0x9ed,0x4003d,
0x18,0x9f5,0x473,0x500c7,0x18,0x9f6,0x9f5,0x27,
0x500ab,0x20,0x9f7,0x9f6,0x19,0x300f7,0x9f8,0x0,
0x400fa,0x9f7,0x9f9,0x9f8,0x200f8,0x9f9,0x50080,0x18,
0x9fa,0x471,0x32,0x50080,0x18,0x9fb,0x9fa,0x9f4,
0x60041,0x12a,0x9fc,0x14,0x1c,0x9fb,0x4003d,0x18,
0x9fd,0x9fc,0x500c7,0x18,0x9fe,0x9fd,0x107,0x500aa,
0x20,0x9ff,0x9fe,0x19,0x200f9,0x9f8,0x200f8,0x9f8,
0x700f5,0x20,0xa00,0x21,0x8a7,0x9ff,0x9f9,0x300f7,
0xa01,0x0,0x400fa,0xa00,0xa02,0xa01,0x200f8,0xa02,
0x200f9,0x479,0x200f8,0xa01,0x50080,0x18,0xa03,0x471,
0x32,0x50080,0x18,0xa04,0xa03,0x9f4,0x60041,0x12a,
0xa05,0x14,0x1c,0xa04,0x4003d,0x18,0xa06,0xa05,
0x50080,0x18,0xa07,0x471,0x48,0x60041,0x12a,0xa08,
0x14,0x1c,0xa07,0x4003d,0x18,0xa09,0xa08,0x50082,
0x18,0xa0a,0x41,0xa09,0x500c7,0x18,0xa0b,0xa06,
0x2f,0x500c2,0x18,0xa0c,0xa06,0x2a,0x500c7,0x18,
0xa0d,0xa0c,0x2f,0x500c2,0x18,0xa0e,0xa06,0x32,
0x500c7,0x18,0xa0f,0xa0e,0x2f,0x60050,0x9b,0xa10,
0xa0b,0xa0d,0xa0f,0x60050,0x9b,0xa11,0xa0a,0xa0a,
0xa0a,0x50084,0x9b,0xa12,0xa10,0xa11,0x50086,0x9b,
0xa13,0xa12,0x9c,0x500c2,0x18,0xa14,0xa06,0x45,
0x40070,0x22,0xa15,0xa14,0x50051,0x18,0xa16,0xa13,
0x0,0x50051,0x18,0xa17,0xa13,0x1,0x50051,0x18,
0xa18,0xa13,0x2,0x40070,0x22,0xa19,0xa16,0x40070,
0x22,0xa1a,0xa17,0x40070,0x22,0xa1b,0xa18,0x70050,
0x34,0xa1c,0xa19,0xa1a,0xa1b,0xa15,0x50085,0x34,
0xa1d,0xa1c,0x138,0x500c7,0x18,0xa1e,0x169,0x2c,
0x500ab,0x20,0xa1f,0xa1e,0x19,0x300f7,0xa20,0x0,
0x400fa,0xa1f,0xa21,0xa20,0x200f8,0xa21,0x8004f,0x36,
0xa22,0xa1d,0xa1d,0x0,0x1,0x2,0x500bc,0x12c,
0xa23,0xa22,0x37,0x50085,0x36,0xa24,0xa22,0x13a,
0x50081,0x36,0xa25,0xa22,0x39,0x50085,0x36,0xa26,
0xa25,0x13c,0x7000c,0x36,0xa27,0x1,0x1a,0xa26,
0x3b,0x600a9,0x36,0xa28,0xa23,0xa24,0xa27,0x9004f,
0x34,0xa29,0xa1d,0xa28,0x4,0x5,0x6,0x3,
0x200f9,0xa20,0x200f8,0xa20,0x700f5,0x34,0xa2a,0xa1d,
0xa01,0xa29,0xa21,0x200f9,0x479,0x200f8,0x479,0x1700f5,
0x34,0xa2b,0xca,0x4f0,0x527,0x51d,0xca,0x63e,
0xca,0x653,0xca,0x677,0x69f,0x695,0xca,0x7d4,
0xca,0x830,0xca,0xa02,0xa2a,0xa20,0x50051,0x22,
0xa2c,0xa2b,0x3,0x500b4,0x20,0xa2d,0xa2c,0x23,
0x300f7,0xa2e,0x0,0x400fa,0xa2d,0xa2f,0xa2e,0x200f8,
0xa2f,0x100fc,0x200f8,0xa2e,0x200f9,0x46f,0x200f8,0x477,
0x500c7,0x18,0xa30,0x474,0xa3,0x500ab,0x20,0xa31,
0xa30,0x19,0x500c7,0x18,0xa32,0x474,0x59,0x500ab,
0x20,0xa33,0xa32,0x19,0x300f7,0xa34,0x0,0x400fa,
0xa31,0xa35,0xa36,0x200f8,0xa36,0x600a9,0x22,0xa37,
0xa33,0xa5,0xa6,0x200f9,0xa34,0x200f8,0xa35,0x200f9,
0xa34,0x200f8,0xa34,0x700f5,0x22,0xa38,0xa4,0xa35,
0xa37,0xa36,0x300f7,0xa39,0x0,0x400fa,0xa31,0xa3a,
0xa3b,0x200f8,0xa3b,0x600a9,0x22,0xa3c,0xa33,0x7c,
0xa7,0x200f9,0xa39,0x200f8,0xa3a,0x200f9,0xa39,0x200f8,
0xa39,0x700f5,0x22,0xa3d,0x74,0xa3a,0xa3c,0xa3b,
0x6000c,0x36,0xa3e,0x1,0x45,0x161,0x50051,0x22,
0xa3f,0xa3e,0x1,0x7004f,0x24,0xa40,0xa3e,0xa3e,
0x0,0x2,0x6000c,0x22,0xa41,0x1,0x42,0xa40,
0x7000c,0x22,0xa42,0x1,0x50,0xa41,0xa8,0x7000c,
0x22,0xa43,0x1,0x19,0xa3f,0xa42,0x50051,0x22,
0xa44,0xa3e,0x0,0x50051,0x22,0xa45,0xa3e,0x2,
0x4007f,0x22,0xa46,0xa45,0x7000c,0x22,0xa47,0x1,
0x19,0xa44,0xa46,0x50085,0x22,0xa48,0xa47,0xaa,
0x50081,0x22,0xa49,0xa9,0xa48,0x50085,0x22,0xa4a,
0xa43,0xaa,0x50083,0x22,0xa4b,0xa38,0xa4a,0x7000c,
0x22,0xa4c,0x1,0x50,0x23,0xa4b,0x50050,0x24,
0xa4d,0xa49,0xa4c,0x50085,0x22,0xa4e,0xa3d,0x146,
0x7000c,0x22,0xa4f,0x1,0x4f,0xab,0xa4e,0x4007f,
0x22,0xa50,0xa43,0x8000c,0x22,0xa51,0x1,0x31,
0x23,0xa4f,0xa50,0x500b8,0x20,0xa52,0xa51,0x70,
0x300f7,0xa53,0x0,0x400fa,0xa52,0xa54,0xa55,0x200f8,
0xa55,0x200f9,0xa53,0x200f8,0xa54,0x300f7,0xa56,0x0,
0x300fb,0x19,0xa57,0x200f8,0xa57,0x50080,0x18,0xa58,
0x471,0x2c,0x60041,0x12a,0xa59,0x14,0x1c,0xa58,
0x4003d,0x18,0xa5a,0xa59,0x50080,0x18,0xa5b,0x471,
0x4d,0x60041,0x12a,0xa5c,0x14,0x1c,0xa5b,0x4003d,
0x18,0xa5d,0xa5c,0x50080,0x18,0xa5e,0x471,0x2a,
0x60041,0x12a,0xa5f,0x14,0x1c,0xa5e,0x4003d,0x18,
0xa60,0xa5f,0x500ab,0x20,0xa61,0xa60,0x19,0x600a9,
0x17,0xa62,0xa61,0x3f,0xc2,0x4007c,0x18,0xa63,
0xa62,0x6000c,0x24,0xa64,0x1,0x8,0xa4d,0x4006e,
0x54,0xa65,0xa64,0x4003d,0x18,0xa66,0x473,0x500c7,
0x18,0xa67,0xa66,0xc4,0x500ab,0x20,0xa68,0xa67,
0x19,0x300f7,0xa69,0x0,0x400fa,0xa68,0xa6a,0xa69,
0x200f8,0xa6a,0x500c7,0x18,0xa6b,0xa5a,0x2c,0x500ab,
0x20,0xa6c,0xa6b,0x19,0x600a9,0x17,0xa6d,0xa6c,
0xc5,0xc6,0x4007c,0x18,0xa6e,0xa6d,0x50084,0x18,
0xa6f,0xa6e,0xa63,0x50082,0x18,0xa70,0xa6f,0x27,
0x40070,0x22,0xa71,0xa70,0x50080,0x18,0xa72,0x471,
0x1f,0x60041,0x12a,0xa73,0x14,0x1c,0xa72,0x4003d,
0x18,0xa74,0xa73,0x4007c,0x17,0xa75,0xa74,0x4006f,
0x22,0xa76,0xa75,0x50083,0x22,0xa77,0xa71,0xa76,
0x7000c,0x22,0xa78,0x1,0x50,0xc7,0xa77,0x8000c,
0x22,0xa79,0x1,0x2b,0xc3,0x23,0xa78,0x50050,
0x24,0xa7a,0x14a,0xa79,0x6000c,0x24,0xa7b,0x1,
0x8,0xa7a,0x4006e,0x54,0xa7c,0xa7b,0x200f9,0xa69,
0x200f8,0xa69,0x700f5,0x54,0xa7d,0xa65,0xa57,0xa7c,
0xa6a,0x4003d,0x18,0xa7e,0x473,0x500c7,0x18,0xa7f,
0xa7e,0x49,0x500ab,0x20,0xa80,0xa7f,0x19,0x300f7,
0xa81,0x0,0x400fa,0xa80,0xa82,0xa81,0x200f8,0xa82,
0x6000c,0x24,0xa83,0x1,0x8,0x14f,0x4006e,0x54,
0xa84,0xa83,0x200f9,0xa81,0x200f8,0xa81,0x700f5,0x54,
0xa85,0xa7d,0xa69,0xa84,0xa82,0x50051,0x17,0xa86,
0xa85,0x1,0x50051,0x17,0xa87,0xa85,0x0,0x4003d,
0x18,0xa88,0x473,0x500c7,0x18,0xa89,0xa88,0x32,
0x500ab,0x20,0xa8a,0xa89,0x19,0x300f7,0xa8b,0x0,
0x400fa,0xa8a,0xa8c,0xa8b,0x200f8,0xa8c,0x500af,0x20,
0xa8d,0xa86,0x1c,0x300f7,0xa8e,0x0,0x400fa,0xa8d,
0xa8f,0xa8e,0x200f8,0xa8f,0x500af,0x20,0xa90,0xa86,
0x56,0x200f9,0xa8e,0x200f8,0xa8e,0x700f5,0x20,0xa91,
0x26,0xa8c,0xa90,0xa8f,0x200f9,0xa8b,0x200f8,0xa8b,
0x700f5,0x20,0xa92,0x21,0xa81,0xa91,0xa8e,0x300f7,
0xa93,0x0,0x400fa,0xa92,0xa94,0xa93,0x200f8,0xa94,
0x200f9,0xa56,0x200f8,0xa93,0x50080,0x18,0xa95,0x471,
0x8a,0x60041,0x12a,0xa96,0x14,0x1c,0xa95,0x4003d,
0x18,0xa97,0xa96,0x500ab,0x20,0xa98,0xa97,0x19,
0x300f7,0xa99,0x0,0x400fa,0xa98,0xa9a,0xa99,0x200f8,
0xa9a,0x500af,0x20,0xa9b,0xa87,0x1c,0x300f7,0xa9c,
0x0,0x400fa,0xa9b,0xa9d,0xa9c,0x200f8,0xa9d,0x500af,
0x20,0xa9e,0xa87,0xcb,0x200f9,0xa9c,0x200f8,0xa9c,
0x700f5,0x20,0xa9f,0x26,0xa9a,0xa9e,0xa9d,0x200f9,
0xa99,0x200f8,0xa99,0x700f5,0x20,0xaa0,0x21,0xa93,
0xa9f,0xa9c,0x300f7,0xaa1,0x0,0x400fa,0xaa0,0xaa2,
0xaa1,0x200f8,0xaa2,0x4003d,0x18,0xaa3,0xa96,0x50080,
0x18,0xaa4,0x471,0xaa3,0x50080,0x18,0xaa5,0x41,
0xaa4,0x60041,0x12a,0xaa6,0x14,0x1c,0xaa5,0x4003d,
0x18,0xaa7,0xaa6,0x50080,0x18,0xaa8,0x471,0x48,
0x60041,0x12a,0xaa9,0x14,0x1c,0xaa8,0x4003d,0x18,
0xaaa,0xaa9,0x50082,0x18,0xaab,0x41,0xaaa,0x500c7,
0x18,0xaac,0xaa7,0x2f,0x500c2,0x18,0xaad,0xaa7,
0x2a,0x500c7,0x18,0xaae,0xaad,0x2f,0x500c2,0x18,
0xaaf,0xaa7,0x32,0x500c7,0x18,0xab0,0xaaf,0x2f,
0x60050,0x9b,0xab1,0xaac,0xaae,0xab0,0x60050,0x9b,
0xab2,0xaab,0xaab,0xaab,0x50084,0x9b,0xab3,0xab1,
0xab2,0x50086,0x9b,0xab4,0xab3,0x9c,0x500c2,0x18,
0xab5,0xaa7,0x45,0x40070,0x22,0xab6,0xab5,0x50051,
0x18,0xab7,0xab4,0x0,0x50051,0x18,0xab8,0xab4,
0x1,0x50051,0x18,0xab9,0xab4,0x2,0x40070,0x22,
0xaba,0xab7,0x40070,0x22,0xabb,0xab8,0x40070,0x22,
0xabc,0xab9,0x70050,0x34,0xabd,0xaba,0xabb,0xabc,
0xab6,0x50085,0x34,0xabe,0xabd,0x138,0x500c7,0x18,
0xabf,0x169,0x2c,0x500ab,0x20,0xac0,0xabf,0x19,
0x300f7,0xac1,0x0,0x400fa,0xac0,0xac2,0xac1,0x200f8,
0xac2,0x8004f,0x36,0xac3,0xabe,0xabe,0x0,0x1,
0x2,0x500bc,0x12c,0xac4,0xac3,0x37,0x50085,0x36,
0xac5,0xac3,0x13a,0x50081,0x36,0xac6,0xac3,0x39,
0x50085,0x36,0xac7,0xac6,0x13c,0x7000c,0x36,0xac8,
0x1,0x1a,0xac7,0x3b,0x600a9,0x36,0xac9,0xac4,
0xac5,0xac8,0x9004f,0x34,0xaca,0xabe,0xac9,0x4,
0x5,0x6,0x3,0x200f9,0xac1,0x200f8,0xac1,0x700f5,
0x34,0xacb,0xabe,0xaa2,0xaca,0xac2,0x200f9,0xa56,
0x200f8,0xaa1,0x50080,0x18,0xacc,0x471,0x1d,0x60041,
0x12a,0xacd,0x14,0x1c,0xacc,0x4003d,0x18,0xace,
0xacd,0x4007c,0x17,0xacf,0xace,0x500ad,0x20,0xad0,
0xacf,0x2b,0x300f7,0xad1,0x0,0x400fa,0xad0,0xad2,
0xad1,0x200f8,0xad2,0x50050,0x54,0xad3,0xacf,0xacf,
0x5008a,0x54,0xad4,0xa85,0xad3,0x50080,0x54,0xad5,
0xad4,0xad3,0x5008a,0x54,0xad6,0xad5,0xad3,0x50082,
0x54,0xad7,0xa85,0xad6,0x200f9,0xad1,0x200f8,0xad1,
0x700f5,0x54,0xad8,0xa85,0xaa1,0xad7,0xad2,0x50080,
0x18,0xad9,0x471,0x2e,0x60041,0x12a,0xada,0x14,
0x1c,0xad9,0x4003d,0x18,0xadb,0xada,0x4007c,0x17,
0xadc,0xadb,0x50080,0x18,0xadd,0x471,0x1f,0x60041,
0x12a,0xade,0x14,0x1c,0xadd,0x4003d,0x18,0xadf,
0xade,0x4007c,0x17,0xae0,0xadf,0x50050,0x54,0xae1,
0xadc,0xae0,0x50080,0x18,0xae2,0x471,0x1e,0x60041,
0x12a,0xae3,0x14,0x1c,0xae2,0x4003d,0x18,0xae4,
0xae3,0x500c7,0x18,0xae5,0xae4,0x27,0x500ab,0x20,
0xae6,0xae5,0x19,0x300f7,0xae7,0x0,0x400fa,0xae6,
0xae8,0xae7,0x200f8,0xae8,0x50051,0x17,0xae9,0xad8,
0x1,0x500af,0x20,0xaea,0xae9,0x1c,0x200f9,0xae7,
0x200f8,0xae7,0x700f5,0x20,0xaeb,0x21,0xad1,0xaea,
0xae8,0x300f7,0xaec,0x0,0x400fa,0xaeb,0xaed,0xaec,
0x200f8,0xaed,0x50051,0x17,0xaee,0xad8,0x1,0x500b1,
0x20,0xaef,0xaee,0x56,0x200f9,0xaec,0x200f8,0xaec,
0x700f5,0x20,0xaf0,0x21,0xae7,0xaef,0xaed,0x300f7,
0xaf1,0x0,0x400fa,0xaf0,0xaf2,0xaf1,0x200f8,0xaf2,
0x50080,0x18,0xaf3,0x471,0x14b,0x50051,0x17,0xaf4,
0xad8,0x1,0x4007c,0x18,0xaf5,0xaf4,0x50080,0x18,
0xaf6,0xaf3,0xaf5,0x60041,0x12a,0xaf7,0x14,0x1c,
0xaf6,0x4003d,0x18,0xaf8,0xaf7,0x4007c,0x17,0xaf9,
0xaf8,0x60052,0x54,0xafa,0xaf9,0xae1,0x0,0x200f9,
0xaf1,0x200f8,0xaf1,0x700f5,0x54,0xafb,0xae1,0xaec,
0xafa,0xaf2,0x500c7,0x18,0xafc,0xae4,0x2c,0x500ab,
0x20,0xafd,0xafc,0x19,0x300f7,0xafe,0x0,0x400fa,
0xafd,0xaff,0xafe,0x200f8,0xaff,0x50080,0x18,0xb00,
0x471,0x14c,0x50051,0x17,0xb01,0xad8,0x1,0x8000c,
0x17,0xb02,0x1,0x2d,0xb01,0x1c,0xcd,0x4007c,
0x18,0xb03,0xb02,0x50080,0x18,0xb04,0xb00,0xb03,
0x60041,0x12a,0xb05,0x14,0x1c,0xb04,0x4003d,0x18,
0xb06,0xb05,0x4007c,0x17,0xb07,0xb06,0x60052,0x54,
0xb08,0xb07,0xafb,0x1,0x200f9,0xafe,0x200f8,0xafe,
0x700f5,0x54,0xb09,0xafb,0xaf1,0xb08,0xaff,0x50080,
0x18,0xb0a,0x471,0x47,0x60041,0x12a,0xb0b,0x14,
0x1c,0xb0a,0x4003d,0x18,0xb0c,0xb0b,0x500ab,0x20,
0xb0d,0xb0c,0x19,0x300f7,0xb0e,0x0,0x400fa,0xb0d,
0xb0f,0xb0e,0x200f8,0xb0f,0x50051,0x17,0xb10,0xad8,
0x0,0x4003d,0x18,0xb11,0xada,0x4007c,0x17,0xb12,
0xb11,0x500c7,0x17,0xb13,0xb12,0xa2,0x50080,0x17,
0xb14,0xb10,0xb13,0x50051,0x17,0xb15,0xb09,0x1,
0x300f7,0xb16,0x0,0x300fb,0x19,0xb17,0x200f8,0xb17,
0x50051,0x22,0xb18,0x15e,0x2,0x500b6,0x20,0xb19,
0xb18,0x23,0x300f7,0xb1a,0x0,0x400fa,0xb19,0xb1b,
0xb1a,0x200f8,0xb1b,0x50051,0x22,0xb1c,0x15e,0x0,
0x50051,0x22,0xb1d,0x15e,0x1,0x4006f,0x22,0xb1e,
0xb14,0x50085,0x22,0xb1f,0xb1e,0x141,0x50085,0x22,
0xb20,0xb1d,0xb1f,0x50081,0x22,0xb21,0xb1c,0xb20,
0x6000c,0x22,0xb22,0x1,0x6,0xb21,0x4006e,0x17,
0xb23,0xb22,0x4006f,0x22,0xb24,0xb23,0x6000c,0x22,
0xb25,0x1,0x4,0xb21,0x50081,0x22,0xb26,0xb25,
0x61,0x6000c,0x22,0xb27,0x1,0x8,0xb26,0x50085,
0x22,0xb28,0xb24,0xb27,0x4006e,0x17,0xb29,0xb28,
0x500c7,0x17,0xb2a,0xb29,0x110,0x200f9,0xb16,0x200f8,
0xb1a,0x500af,0x20,0xb2b,0xb14,0x1c,0x300f7,0xb2c,
0x0,0x400fa,0xb2b,0xb2d,0xb2e,0x200f8,0xb2e,0x50082,
0x17,0xb2f,0xa2,0xb14,0x50087,0x17,0xb30,0xb2f,
0x14d,0x200f9,0xb2c,0x200f8,0xb2d,0x50087,0x17,0xb31,
0xb14,0xc2,0x200f9,0xb2c,0x200f8,0xb2c,0x700f5,0x17,
0xb32,0xb31,0xb2d,0xb30,0xb2e,0x500af,0x20,0xb33,
0xb32,0x2b,0x300f7,0xb34,0x0,0x400fa,0xb33,0xb35,
0xb34,0x200f8,0xb35,0x500b3,0x20,0xb36,0xb32,0xc6,
0x200f9,0xb34,0x200f8,0xb34,0x700f5,0x20,0xb37,0x21,
0xb2c,0xb36,0xb35,0x300f7,0xb38,0x0,0x400fa,0xb37,
0xb39,0xb38,0x200f8,0xb39,0x50082,0x17,0xb3a,0xb32,
0x2b,0x4007c,0x18,0xb3b,0xb3a,0x50080,0x18,0xb3c,
0x111,0xb3b,0x50084,0x18,0xb3d,0xb3c,0x2c,0x500c7,
0x18,0xb3e,0xb3d,0x3e,0x50080,0x18,0xb3f,0x471,
0xc1,0x500c2,0x18,0xb40,0xb3e,0x2c,0x50080,0x18,
0xb41,0xb3f,0xb40,0x60041,0x12a,0xb42,0x14,0x1c,
0xb41,0x4003d,0x18,0xb43,0xb42,0x500c7,0x18,0xb44,
0xb3d,0x2e,0x50084,0x18,0xb45,0xb44,0x2a,0x500c7,
0x18,0xb46,0xb45,0x2d,0x500c2,0x18,0xb47,0xb43,
0xb46,0x500c7,0x18,0xb48,0xb47,0x2f,0x50080,0x18,
0xb49,0xb3d,0x27,0x500c7,0x18,0xb4a,0xb49,0x3e,
0x500c2,0x18,0xb4b,0xb4a,0x2c,0x50080,0x18,0xb4c,
0xb3f,0xb4b,0x60041,0x12a,0xb4d,0x14,0x1c,0xb4c,
0x4003d,0x18,0xb4e,0xb4d,0x500c7,0x18,0xb4f,0xb49,
0x2e,0x50084,0x18,0xb50,0xb4f,0x2a,0x500c7,0x18,
0xb51,0xb50,0x2d,0x500c2,0x18,0xb52,0xb4e,0xb51,
0x500c7,0x18,0xb53,0xb52,0x2f,0x500c4,0x18,0xb54,
0xb53,0x2a,0x500c5,0x18,0xb55,0xb48,0xb54,0x500c7,
0x18,0xb56,0xb55,0xcc,0x500ab,0x20,0xb57,0xb56,
0x19,0x300f7,0xb58,0x0,0x400fa,0xb57,0xb59,0xb5a,
0x200f8,0xb5a,0x200f9,0xb58,0x200f8,0xb59,0x500c7,0x18,
0xb5b,0xb55,0x112,0x4007c,0x17,0xb5c,0xb5b,0x200f9,
0xb58,0x200f8,0xb58,0x700f5,0x17,0xb5d,0xb5c,0xb59,
0xb15,0xb5a,0x200f9,0xb16,0x200f8,0xb38,0x200f9,0xb5e,
0x200f8,0xb5e,0x700f5,0x17,0xb5f,0x42,0xb38,0xb60,
0xb61,0x700f5,0x17,0xb62,0x42,0xb38,0xb63,0xb61,
0x700f5,0x17,0xb64,0x1c,0xb38,0xb65,0xb61,0x500b1,
0x20,0xb66,0xb64,0xc6,0x400f6,0xb67,0xb61,0x0,
0x400fa,0xb66,0xb68,0xb67,0x200f8,0xb68,0x4007c,0x18,
0xb69,0xb64,0x50080,0x18,0xb6a,0x111,0xb69,0x50084,
0x18,0xb6b,0xb6a,0x2c,0x500c7,0x18,0xb6c,0xb6b,
0x3e,0x50080,0x18,0xb6d,0x471,0xc1,0x500c2,0x18,
0xb6e,0xb6c,0x2c,0x50080,0x18,0xb6f,0xb6d,0xb6e,
0x60041,0x12a,0xb70,0x14,0x1c,0xb6f,0x4003d,0x18,
0xb71,0xb70,0x500c7,0x18,0xb72,0xb6b,0x2e,0x50084,
0x18,0xb73,0xb72,0x2a,0x500c7,0x18,0xb74,0xb73,
0x2d,0x500c2,0x18,0xb75,0xb71,0xb74,0x500c7,0x18,
0xb76,0xb75,0x2f,0x50080,0x18,0xb77,0xb6b,0x27,
0x500c7,0x18,0xb78,0xb77,0x3e,0x500c2,0x18,0xb79,
0xb78,0x2c,0x50080,0x18,0xb7a,0xb6d,0xb79,0x60041,
0x12a,0xb7b,0x14,0x1c,0xb7a,0x4003d,0x18,0xb7c,
0xb7b,0x500c7,0x18,0xb7d,0xb77,0x2e,0x50084,0x18,
0xb7e,0xb7d,0x2a,0x500c7,0x18,0xb7f,0xb7e,0x2d,
0x500c2,0x18,0xb80,0xb7c,0xb7f,0x500c7,0x18,0xb81,
0xb80,0x2f,0x500c4,0x18,0xb82,0xb81,0x2a,0x500c5,
0x18,0xb83,0xb76,0xb82,0x50041,0x126,0xb84,0x154,
0xb64,0x3003e,0xb84,0xb83,0x4003d,0x18,0xb85,0xb84,
0x500c7,0x18,0xb86,0xb85,0xcc,0x500ab,0x20,0xb87,
0xb86,0x19,0x300f7,0xb88,0x0,0x400fa,0xb87,0xb89,
0xb88,0x200f8,0xb89,0x500b1,0x20,0xb8a,0xb62,0x1c,
0x600a9,0x17,0xb8b,0xb8a,0xb64,0xb62,0x200f9,0xb88,
0x200f8,0xb88,0x700f5,0x17,0xb63,0xb62,0xb68,0xb8b,
0xb89,0x600a9,0x17,0xb60,0xb87,0xb64,0xb5f,0x200f9,
0xb61,0x200f8,0xb61,0x50080,0x17,0xb65,0xb64,0x2b,
0x200f9,0xb5e,0x200f8,0xb67,0x500b3,0x20,0xb8c,0xb32,
0x1c,0x600a9,0x17,0xb8d,0xb8c,0x1c,0x40,0x50041,
0x126,0xb8e,0x154,0xb8d,0x4003d,0x18,0xb8f,0xb8e,
0x500c7,0x18,0xb90,0xb8f,0xcc,0x500aa,0x20,0xb91,
0xb90,0x19,0x300f7,0xb92,0x0,0x400fa,0xb91,0xb93,
0xb92,0x200f8,0xb93,0x200f9,0xb16,0x200f8,0xb92,0x500af,
0x20,0xb94,0xb62,0x1c,0x300f7,0xb95,0x0,0x400fa,
0xb94,0xb96,0xb95,0x200f8,0xb96,0x500ab,0x20,0xb97,
0xb5f,0xb62,0x200f9,0xb95,0x200f8,0xb95,0x700f5,0x20,
0xb98,0x21,0xb92,0xb97,0xb96,0x300f7,0xb99,0x0,
0x400fa,0xb98,0xb9a,0xb99,0x200f8,0xb9a,0x50041,0x126,
0xb9b,0x154,0xb5f,0x4003d,0x18,0xb9c,0xb9b,0x500c7,
0x18,0xb9d,0xb9c,0x112,0x4007c,0x17,0xb9e,0xb9d,
0x50041,0x126,0xb9f,0x154,0xb62,0x4003d,0x18,0xba0,
0xb9f,0x500c7,0x18,0xba1,0xba0,0x112,0x4007c,0x17,
0xba2,0xba1,0x50082,0x17,0xba3,0xb9e,0xba2,0x500c7,
0x17,0xba4,0xba3,0x110,0x500ad,0x20,0xba5,0xba4,
0x113,0x300f7,0xba6,0x0,0x400fa,0xba5,0xba7,0xba6,
0x200f8,0xba7,0x50082,0x17,0xba8,0xba4,0x114,0x200f9,
0xba6,0x200f8,0xba6,0x700f5,0x17,0xba9,0xba4,0xb9a,
0xba8,0xba7,0x50082,0x17,0xbaa,0xb5f,0xb62,0x200f9,
0xb99,0x200f8,0xb99,0x700f5,0x17,0xbab,0x2b,0xb95,
0xbaa,0xba6,0x700f5,0x17,0xbac,0x1c,0xb95,0xba9,
0xba6,0x300f7,0xbad,0x0,0x400fa,0xb8c,0xbae,0xbaf,
0x200f8,0xbaf,0x50082,0x17,0xbb0,0xb32,0xc6,0x200f9,
0xbad,0x200f8,0xbae,0x50080,0x17,0xbb1,0xb32,0x2b,
0x7000c,0x17,0xbb2,0x1,0x27,0xbb1,0x1c,0x200f9,
0xbad,0x200f8,0xbad,0x700f5,0x17,0xbb3,0xbb2,0xbae,
0xbb0,0xbaf,0x4003d,0x18,0xbb4,0xb8e,0x500c7,0x18,
0xbb5,0xbb4,0x112,0x4007c,0x17,0xbb6,0xbb5,0x50084,
0x17,0xbb7,0xbac,0xbb3,0x50087,0x17,0xbb8,0xbb7,
0xbab,0x50080,0x17,0xbb9,0xbb6,0xbb8,0x500c7,0x17,
0xbba,0xbb9,0x110,0x200f9,0xb16,0x200f8,0xb16,0xb00f5,
0x17,0xbbb,0xb2a,0xb1b,0xb5d,0xb58,0xb15,0xb93,
0xbba,0xbad,0x60052,0x54,0xbbc,0xbbb,0xb09,0x1,
0x200f9,0xb0e,0x200f8,0xb0e,0x700f5,0x54,0xbbd,0xb09,
0xafe,0xbbc,0xb16,0x50080,0x54,0xbbe,0xad8,0xbbd,
0x4003d,0x18,0xbbf,0x473,0x500c7,0x18,0xbc0,0xbbf,
0x5a,0x500ab,0x20,0xbc1,0xbc0,0x19,0x300f7,0xbc2,
0x0,0x400fa,0xbc1,0xbc3,0xbc2,0x200f8,0xbc3,0x50051,
0x17,0xbc4,0xbbe,0x1,0x500c7,0x18,0xbc5,0xa5a,
0x2c,0x500ab,0x20,0xbc6,0xbc5,0x19,0x600a9,0x17,
0xbc7,0xbc6,0xc5,0xc6,0x4007c,0x18,0xbc8,0xbc7,
0x50084,0x18,0xbc9,0xbc8,0xa63,0x4007c,0x17,0xbca,
0xbc9,0x50082,0x17,0xbcb,0xbca,0x2b,0x8000c,0x17,
0xbcc,0x1,0x2d,0xbc4,0x1c,0xbcb,0x60052,0x54,
0xbcd,0xbcc,0xbbe,0x1,0x200f9,0xbc2,0x200f8,0xbc2,
0x700f5,0x54,0xbce,0xbbe,0xb0e,0xbcd,0xbc3,0x4003d,
0x18,0xbcf,0x473,0x500c7,0x18,0xbd0,0xbcf,0x2c,
0x500ab,0x20,0xbd1,0xbd0,0x19,0x300f7,0xbd2,0x0,
0x400fa,0xbd1,0xbd3,0xbd2,0x200f8,0xbd3,0x50051,0x17,
0xbd4,0xbce,0x0,0x500af,0x20,0xbd5,0xbd4,0x1c,
0x300f7,0xbd6,0x0,0x400fa,0xbd5,0xbd7,0xbd6,0x200f8,
0xbd7,0x500c7,0x18,0xbd8,0xa5a,0x27,0x500ab,0x20,
0xbd9,0xbd8,0x19,0x600a9,0x17,0xbda,0xbd9,0xc5,
0xc6,0x4007c,0x18,0xbdb,0xbda,0x50084,0x18,0xbdc,
0xbdb,0xa63,0x4007c,0x17,0xbdd,0xbdc,0x500af,0x20,
0xbde,0xbd4,0xbdd,0x200f9,0xbd6,0x200f8,0xbd6,0x700f5,
0x20,0xbdf,0x26,0xbd3,0xbde,0xbd7,0x200f9,0xbd2,
0x200f8,0xbd2,0x700f5,0x20,0xbe0,0x21,0xbc2,0xbdf,
0xbd6,0x300f7,0xbe1,0x0,0x400fa,0xbe0,0xbe2,0xbe1,
0x200f8,0xbe2,0x200f9,0xa56,0x200f8,0xbe1,0x4003d,0x18,
0xbe3,0x473,0x500c2,0x18,0xbe4,0xbe3,0x2a,0x500c7,
0x18,0xbe5,0xbe4,0x3e,0x500aa,0x20,0xbe6,0xbe5,
0x53,0x300f7,0xbe7,0x0,0x400fa,0xbe6,0xbe8,0xbe7,
0x200f8,0xbe8,0x50051,0x17,0xbe9,0xbce,0x1,0x500af,
0x20,0xbea,0xbe9,0x1c,0x300f7,0xbeb,0x0,0x400fa,
0xbea,0xbec,0xbeb,0x200f8,0xbec,0x500c7,0x18,0xbed,
0xa5a,0x2c,0x500ab,0x20,0xbee,0xbed,0x19,0x600a9,
0x17,0xbef,0xbee,0xc5,0xc6,0x4007c,0x18,0xbf0,
0xbef,0x50084,0x18,0xbf1,0xbf0,0xa63,0x4007c,0x17,
0xbf2,0xbf1,0x500af,0x20,0xbf3,0xbe9,0xbf2,0x200f9,
0xbeb,0x200f8,0xbeb,0x700f5,0x20,0xbf4,0x26,0xbe8,
0xbf3,0xbec,0x200f9,0xbe7,0x200f8,0xbe7,0x700f5,0x20,
0xbf5,0x21,0xbe1,0xbf4,0xbeb,0x300f7,0xbf6,0x0,
0x400fa,0xbf5,0xbf7,0xbf6,0x200f8,0xbf7,0x200f9,0xa56,
0x200f8,0xbf6,0x500ab,0x20,0xbf8,0xbe5,0x19,0x300f7,
0xbf9,0x0,0x400fa,0xbf8,0xbfa,0xbf9,0x200f8,0xbfa,
0x4007c,0x17,0xbfb,0xbe5,0x500b1,0x20,0xbfc,0xa86,
0xbfb,0x200f9,0xbf9,0x200f8,0xbf9,0x700f5,0x20,0xbfd,
0x21,0xbf6,0xbfc,0xbfa,0x300f7,0xbfe,0x0,0x400fa,
0xbfd,0xbff,0xbfe,0x200f8,0xbff,0x500af,0x20,0xc00,
0xa87,0x1c,0x300f7,0xc01,0x0,0x400fa,0xc00,0xc02,
0xc01,0x200f8,0xc02,0x500af,0x20,0xc03,0xa87,0xcb,
0x200f9,0xc01,0x200f8,0xc01,0x700f5,0x20,0xc04,0x26,
0xbff,0xc03,0xc02,0x200f9,0xbfe,0x200f8,0xbfe,0x700f5,
0x20,0xc05,0x21,0xbf9,0xc04,0xc01,0x300f7,0xc06,
0x0,0x400fa,0xc05,0xc07,0xc06,0x200f8,0xc07,0x50051,
0x17,0xc08,0xbce,0x0,0x500af,0x20,0xc09,0xc08,
0x1c,0x300f7,0xc0a,0x0,0x400fa,0xc09,0xc0b,0xc0a,
0x200f8,0xc0b,0x500c7,0x18,0xc0c,0xa5a,0x27,0x500ab,
0x20,0xc0d,0xc0c,0x19,0x600a9,0x17,0xc0e,0xc0d,
0xc5,0xc6,0x4007c,0x18,0xc0f,0xc0e,0x50084,0x18,
0xc10,0xc0f,0xa63,0x4007c,0x17,0xc11,0xc10,0x500af,
0x20,0xc12,0xc08,0xc11,0x200f9,0xc0a,0x200f8,0xc0a,
0x700f5,0x20,0xc13,0x26,0xc07,0xc12,0xc0b,0x200f9,
0xc06,0x200f8,0xc06,0x700f5,0x20,0xc14,0x21,0xbfe,
0xc13,0xc0a,0x300f7,0xc15,0x0,0x400fa,0xc14,0xc16,
0xc15,0x200f8,0xc16,0x4003d,0x18,0xc17,0x473,0x500c7,
0x18,0xc18,0xc17,0x27,0x500ab,0x20,0xc19,0xc18,
0x19,0x300f7,0xc1a,0x0,0x400fa,0xc19,0xc1b,0xc1a,
0x200f8,0xc1b,0x200f9,0xa56,0x200f8,0xc1a,0x50080,0x18,
0xc1c,0x471,0x32,0x50080,0x18,0xc1d,0xc1c,0x15f,
0x60041,0x12a,0xc1e,0x14,0x1c,0xc1d,0x4003d,0x18,
0xc1f,0xc1e,0x50080,0x18,0xc20,0x471,0x48,0x60041,
0x12a,0xc21,0x14,0x1c,0xc20,0x4003d,0x18,0xc22,
0xc21,0x50082,0x18,0xc23,0x41,0xc22,0x500c7,0x18,
0xc24,0xc1f,0x2f,0x500c2,0x18,0xc25,0xc1f,0x2a,
0x500c7,0x18,0xc26,0xc25,0x2f,0x500c2,0x18,0xc27,
0xc1f,0x32,0x500c7,0x18,0xc28,0xc27,0x2f,0x60050,
0x9b,0xc29,0xc24,0xc26,0xc28,0x60050,0x9b,0xc2a,
0xc23,0xc23,0xc23,0x50084,0x9b,0xc2b,0xc29,0xc2a,
0x50086,0x9b,0xc2c,0xc2b,0x9c,0x500c2,0x18,0xc2d,
0xc1f,0x45,0x40070,0x22,0xc2e,0xc2d,0x50051,0x18,
0xc2f,0xc2c,0x0,0x50051,0x18,0xc30,0xc2c,0x1,
0x50051,0x18,0xc31,0xc2c,0x2,0x40070,0x22,0xc32,
0xc2f,0x40070,0x22,0xc33,0xc30,0x40070,0x22,0xc34,
0xc31,0x70050,0x34,0xc35,0xc32,0xc33,0xc34,0xc2e,
0x50085,0x34,0xc36,0xc35,0x138,0x500c7,0x18,0xc37,
0x169,0x2c,0x500ab,0x20,0xc38,0xc37,0x19,0x300f7,
0xc39,0x0,0x400fa,0xc38,0xc3a,0xc39,0x200f8,0xc3a,
0x8004f,0x36,0xc3b,0xc36,0xc36,0x0,0x1,0x2,
0x500bc,0x12c,0xc3c,0xc3b,0x37,0x50085,0x36,0xc3d,
0xc3b,0x13a,0x50081,0x36,0xc3e,0xc3b,0x39,0x50085,
0x36,0xc3f,0xc3e,0x13c,0x7000c,0x36,0xc40,0x1,
0x1a,0xc3f,0x3b,0x600a9,0x36,0xc41,0xc3c,0xc3d,
0xc40,0x9004f,0x34,0xc42,0xc36,0xc41,0x4,0x5,
0x6,0x3,0x200f9,0xc39,0x200f8,0xc39,0x700f5,0x34,
0xc43,0xc36,0xc1a,0xc42,0xc3a,0x200f9,0xa56,0x200f8,
0xc15,0x4007c,0x28,0xc44,0xbce,0x500c7,0x18,0xc45,
0xa5a,0x27,0x500ab,0x20,0xc46,0xc45,0x19,0x600a9,
0x17,0xc47,0xc46,0xc5,0xc6,0x4007c,0x18,0xc48,
0xc47,0x50084,0x18,0xc49,0xc48,0xa63,0x50082,0x18,
0xc4a,0xc49,0x27,0x500c7,0x18,0xc4b,0xa5a,0x2c,
0x500ab,0x20,0xc4c,0xc4b,0x19,0x600a9,0x17,0xc4d,
0xc4c,0xc5,0xc6,0x4007c,0x18,0xc4e,0xc4d,0x50084,
0x18,0xc4f,0xc4e,0xa63,0x50082,0x18,0xc50,0xc4f,
0x27,0x50050,0x28,0xc51,0xc4a,0xc50,0x500c7,0x28,
0xc52,0xc44,0xc51,0x4003d,0x18,0xc53,0x473,0x500c7,
0x18,0xc54,0xc53,0xa3,0x500ab,0x20,0xc55,0xc54,
0x19,0x300f7,0xc56,0x0,0x400fa,0xc55,0xc57,0xc56,
0x200f8,0xc57,0x50051,0x18,0xc58,0xc52,0x0,0x500ae,
0x20,0xc59,0xc58,0xce,0x200f9,0xc56,0x200f8,0xc56,
0x700f5,0x20,0xc5a,0x21,0xc15,0xc59,0xc57,0x300f7,
0xc5b,0x0,0x400fa,0xc5a,0xc5c,0xc5b,0x200f8,0xc5c,
0x50051,0x18,0xc5d,0xc52,0x0,0x500b0,0x20,0xc5e,
0xc5d,0xcf,0x200f9,0xc5b,0x200f8,0xc5b,0x700f5,0x20,
0xc5f,0x21,0xc56,0xc5e,0xc5c,0x300f7,0xc60,0x0,
0x400fa,0xc5f,0xc61,0xc60,0x200f8,0xc61,0x50051,0x18,
0xc62,0xc52,0x1,0x500ae,0x20,0xc63,0xc62,0xd0,
0x200f9,0xc60,0x200f8,0xc60,0x700f5,0x20,0xc64,0x21,
0xc5b,0xc63,0xc61,0x300f7,0xc65,0x0,0x400fa,0xc64,
0xc66,0xc65,0x200f8,0xc66,0x50051,0x18,0xc67,0xc52,
0x1,0x500b0,0x20,0xc68,0xc67,0xd1,0x200f9,0xc65,
0x200f8,0xc65,0x700f5,0x20,0xc69,0x21,0xc60,0xc68,
0xc66,0x300f7,0xc6a,0x0,0x400fa,0xc69,0xc6b,0xc6a,
0x200f8,0xc6b,0x50051,0x18,0xc6c,0xc52,0x0,0x500c7,
0x18,0xc6d,0xc6c,0xd2,0x60052,0x28,0xc6e,0xc6d,
0xc52,0x0,0x200f9,0xc6a,0x200f8,0xc6a,0x700f5,0x28,
0xc6f,0xc52,0xc65,0xc6e,0xc6b,0x4003d,0x18,0xc70,
0x473,0x500c7,0x18,0xc71,0xc70,0xd3,0x500ab,0x20,
0xc72,0xc71,0x19,0x300f7,0xc73,0x0,0x400fa,0xc72,
0xc74,0xc73,0x200f8,0xc74,0x500af,0x20,0xc75,0xa87,
0x1c,0x300f7,0xc76,0x0,0x400fa,0xc75,0xc77,0xc76,
0x200f8,0xc77,0x500af,0x20,0xc78,0xa87,0xd4,0x200f9,
0xc76,0x200f8,0xc76,0x700f5,0x20,0xc79,0x26,0xc74,
0xc78,0xc77,0x200f9,0xc73,0x200f8,0xc73,0x700f5,0x20,
0xc7a,0x21,0xc6a,0xc79,0xc76,0x300f7,0xc7b,0x0,
0x400fa,0xc7a,0xc7c,0xc7b,0x200f8,0xc7c,0x50051,0x18,
0xc7d,0xc6f,0x1,0x500ae,0x20,0xc7e,0xc7d,0xd5,
0x200f9,0xc7b,0x200f8,0xc7b,0x700f5,0x20,0xc7f,0x21,
0xc73,0xc7e,0xc7c,0x300f7,0xc80,0x0,0x400fa,0xc7f,
0xc81,0xc80,0x200f8,0xc81,0x50051,0x18,0xc82,0xc6f,
0x1,0x500b0,0x20,0xc83,0xc82,0xd6,0x200f9,0xc80,
0x200f8,0xc80,0x700f5,0x20,0xc84,0x21,0xc7b,0xc83,
0xc81,0x300f7,0xc85,0x0,0x400fa,0xc84,0xc86,0xc85,
0x200f8,0xc86,0x50051,0x18,0xc87,0xc6f,0x0,0x500c7,
0x18,0xc88,0xc87,0xd2,0x60052,0x28,0xc89,0xc88,
0xc6f,0x0,0x200f9,0xc85,0x200f8,0xc85,0x700f5,0x28,
0xc8a,0xc6f,0xc80,0xc89,0xc86,0x4003d,0x18,0xc8b,
0x473,0x500c7,0x18,0xc8c,0xc8b,0xd7,0x500ab,0x20,
0xc8d,0xc8c,0x19,0x300f7,0xc8e,0x0,0x400fa,0xc8d,
0xc8f,0xc8e,0x200f8,0xc8f,0x500af,0x20,0xc90,0xa87,
0x1c,0x300f7,0xc91,0x0,0x400fa,0xc90,0xc92,0xc91,
0x200f8,0xc92,0x500af,0x20,0xc93,0xa87,0xd4,0x200f9,
0xc91,0x200f8,0xc91,0x700f5,0x20,0xc94,0x26,0xc8f,
0xc93,0xc92,0x200f9,0xc8e,0x200f8,0xc8e,0x700f5,0x20,
0xc95,0x21,0xc85,0xc94,0xc91,0x300f7,0xc96,0x0,
0x400fa,0xc95,0xc97,0xc96,0x200f8,0xc97,0x50051,0x18,
0xc98,0xc8a,0x1,0x500ae,0x20,0xc99,0xc98,0xd0,
0x200f9,0xc96,0x200f8,0xc96,0x700f5,0x20,0xc9a,0x21,
0xc8e,0xc99,0xc97,0x300f7,0xc9b,0x0,0x400fa,0xc9a,
0xc9c,0xc9b,0x200f8,0xc9c,0x50051,0x18,0xc9d,0xc8a,
0x1,0x500b0,0x20,0xc9e,0xc9d,0xd8,0x200f9,0xc9b,
0x200f8,0xc9b,0x700f5,0x20,0xc9f,0x21,0xc96,0xc9e,
0xc9c,0x300f7,0xca0,0x0,0x400fa,0xc9f,0xca1,0xca0,
0x200f8,0xca1,0x50051,0x18,0xca2,0xc8a,0x0,0x500c7,
0x18,0xca3,0xca2,0xd2,0x60052,0x28,0xca4,0xca3,
0xc8a,0x0,0x200f9,0xca0,0x200f8,0xca0,0x700f5,0x28,
0xca5,0xc8a,0xc9b,0xca4,0xca1,0x4003d,0x18,0xca6,
0x473,0x500c7,0x18,0xca7,0xca6,0xd9,0x500aa,0x20,
0xca8,0xca7,0xd9,0x600a9,0x18,0xca9,0xc46,0x9d,
0x49,0x50084,0x18,0xcaa,0xca9,0xa63,0x50086,0x18,
0xcab,0xcaa,0x2c,0x4003d,0x18,0xcac,0x473,0x500c7,
0x18,0xcad,0xcac,0x9d,0x500ab,0x20,0xcae,0xcad,
0x19,0x300f7,0xcaf,0x0,0x400fa,0xcae,0xcb0,0xcaf,
0x200f8,0xcb0,0x500af,0x20,0xcb1,0xa87,0x1c,0x300f7,
0xcb2,0x0,0x400fa,0xcb1,0xcb3,0xcb2,0x200f8,0xcb3,
0x600a9,0x18,0xcb4,0xca8,0x53,0xcab,0x4007c,0x17,
0xcb5,0xcb4,0x500af,0x20,0xcb6,0xa87,0xcb5,0x200f9,
0xcb2,0x200f8,0xcb2,0x700f5,0x20,0xcb7,0x26,0xcb0,
0xcb6,0xcb3,0x200f9,0xcaf,0x200f8,0xcaf,0x700f5,0x20,
0xcb8,0x21,0xca0,0xcb7,0xcb2,0x300f7,0xcb9,0x0,
0x400fa,0xcb8,0xcba,0xcb9,0x200f8,0xcba,0x300f7,0xcbb,
0x0,0x400fa,0xca8,0xcbc,0xcbd,0x200f8,0xcbd,0x50051,
0x18,0xcbe,0xca5,0x0,0x50082,0x18,0xcbf,0xcab,
0x27,0x500c7,0x18,0xcc0,0xcbe,0xcbf,0x500c5,0x18,
0xcc1,0xcc0,0xcab,0x200f9,0xcbb,0x200f8,0xcbc,0x50051,
0x18,0xcc2,0xca5,0x0,0x500c7,0x18,0xcc3,0xcc2,
0x2f,0x200f9,0xcbb,0x200f8,0xcbb,0x700f5,0x18,0xcc4,
0xcc3,0xcbc,0xcc1,0xcbd,0x60052,0x28,0xcc5,0xcc4,
0xca5,0x0,0x200f9,0xcb9,0x200f8,0xcb9,0x700f5,0x28,
0xcc6,0xca5,0xcaf,0xcc5,0xcbb,0x4003d,0x18,0xcc7,
0x473,0x500c7,0x18,0xcc8,0xcc7,0x2a,0x500ab,0x20,
0xcc9,0xcc8,0x19,0x300f7,0xcca,0x0,0x400fa,0xcc9,
0xccb,0xcca,0x200f8,0xccb,0x50051,0x18,0xccc,0xcc6,
0x1,0x500c7,0x18,0xccd,0xccc,0x2f,0x60052,0x28,
0xcce,0xccd,0xcc6,0x1,0x200f9,0xcca,0x200f8,0xcca,
0x700f5,0x28,0xccf,0xcc6,0xcb9,0xcce,0xccb,0x4003d,
0x18,0xcd0,0x473,0x500c7,0x18,0xcd1,0xcd0,0xd9,
0x500aa,0x20,0xcd2,0xcd1,0x9e,0x300f7,0xcd3,0x0,
0x400fa,0xcd2,0xcd4,0xcd3,0x200f8,0xcd4,0x50051,0x18,
0xcd5,0xccf,0x0,0x500c7,0x18,0xcd6,0xcd5,0x2f,
0x60052,0x28,0xcd7,0xcd6,0xccf,0x0,0x200f9,0xcd3,
0x200f8,0xcd3,0x700f5,0x28,0xcd8,0xccf,0xcca,0xcd7,
0xcd4,0x4003d,0x18,0xcd9,0x473,0x500c7,0x18,0xcda,
0xcd9,0xda,0x500ab,0x20,0xcdb,0xcda,0x19,0x300f7,
0xcdc,0x0,0x400fa,0xcdb,0xcdd,0xcdc,0x200f8,0xcdd,
0x50051,0x18,0xcde,0xcd8,0x0,0x500ae,0x20,0xcdf,
0xcde,0xd1,0x300f7,0xce0,0x0,0x400fa,0xcdf,0xce1,
0xce0,0x200f8,0xce1,0x500b0,0x20,0xce2,0xcde,0xdb,
0x200f9,0xce0,0x200f8,0xce0,0x700f5,0x20,0xce3,0x21,
0xcdd,0xce2,0xce1,0x300f7,0xce4,0x0,0x400fa,0xce3,
0xce5,0xce4,0x200f8,0xce5,0x50051,0x18,0xce6,0xcd8,
0x1,0x500ae,0x20,0xce7,0xce6,0xd9,0x200f9,0xce4,
0x200f8,0xce4,0x700f5,0x20,0xce8,0x21,0xce0,0xce7,
0xce5,0x300f7,0xce9,0x0,0x400fa,0xce8,0xcea,0xce9,
0x200f8,0xcea,0x50051,0x18,0xceb,0xcd8,0x1,0x500b0,
0x20,0xcec,0xceb,0x58,0x200f9,0xce9,0x200f8,0xce9,
0x700f5,0x20,0xced,0x21,0xce4,0xcec,0xcea,0x300f7,
0xcee,0x0,0x400fa,0xced,0xcef,0xcee,0x200f8,0xcef,
0x500c7,0x18,0xcf0,0xcde,0x2f,0x60052,0x28,0xcf1,
0xcf0,0xcd8,0x0,0x200f9,0xcee,0x200f8,0xcee,0x700f5,
0x28,0xcf2,0xcd8,0xce9,0xcf1,0xcef,0x50051,0x17,
0xcf3,0xbce,0x1,0x500b1,0x20,0xcf4,0xcf3,0xdc,
0x300f7,0xcf5,0x0,0x400fa,0xcf4,0xcf6,0xcf7,0x200f8,
0xcf7,0x500af,0x20,0xcf8,0xa87,0x1c,0x300f7,0xcf9,
0x0,0x400fa,0xcf8,0xcfa,0xcf9,0x200f8,0xcfa,0x500af,
0x20,0xcfb,0xa87,0xd4,0x200f9,0xcf9,0x200f8,0xcf9,
0x700f5,0x20,0xcfc,0x26,0xcf7,0xcfb,0xcfa,0x300f7,
0xcfd,0x0,0x400fa,0xcfc,0xcfe,0xcfd,0x200f8,0xcfe,
0x50051,0x18,0xcff,0xcf2,0x1,0x500ae,0x20,0xd00,
0xcff,0xde,0x200f9,0xcfd,0x200f8,0xcfd,0x700f5,0x20,
0xd01,0x21,0xcf9,0xd00,0xcfe,0x300f7,0xd02,0x0,
0x400fa,0xd01,0xd03,0xd02,0x200f8,0xd03,0x50051,0x18,
0xd04,0xcf2,0x1,0x500b0,0x20,0xd05,0xd04,0xd6,
0x200f9,0xd02,0x200f8,0xd02,0x700f5,0x20,0xd06,0x21,
0xcfd,0xd05,0xd03,0x300f7,0xd07,0x0,0x400fa,0xd06,
0xd08,0xd07,0x200f8,0xd08,0x50051,0x18,0xd09,0xcf2,
0x0,0x500c7,0x18,0xd0a,0xd09,0xd2,0x50080,0x18,
0xd0b,0xd0a,0x58,0x60052,0x28,0xd0c,0xd0b,0xcf2,
0x0,0x200f9,0xd07,0x200f8,0xd07,0x700f5,0x28,0xd0d,
0xcf2,0xd02,0xd0c,0xd08,0x200f9,0xcf5,0x200f8,0xcf6,
0x4007c,0x18,0xd0e,0xcf3,0x500c7,0x18,0xd0f,0xd0e,
0x2d,0x50080,0x18,0xd10,0xdd,0xd0f,0x50051,0x18,
0xd11,0xcf2,0x0,0x500c7,0x18,0xd12,0xd11,0x2f,
0x50050,0x28,0xd13,0xd12,0xd10,0x200f9,0xcf5,0x200f8,
0xcf5,0x700f5,0x28,0xd14,0xd13,0xcf6,0xd0d,0xd07,
0x200f9,0xcdc,0x200f8,0xcdc,0x700f5,0x28,0xd15,0xcd8,
0xcd3,0xd14,0xcf5,0x50080,0x18,0xd16,0x471,0x31,
0x60041,0x12a,0xd17,0x14,0x1c,0xd16,0x4003d,0x18,
0xd18,0xd17,0x500ab,0x20,0xd19,0xd18,0x19,0x300f7,
0xd1a,0x0,0x400fa,0xd19,0xd1b,0xd1a,0x200f8,0xd1b,
0x500af,0x20,0xd1c,0xa87,0x1c,0x300f7,0xd1d,0x0,
0x400fa,0xd1c,0xd1e,0xd1d,0x200f8,0xd1e,0x500af,0x20,
0xd1f,0xa87,0xcb,0x200f9,0xd1d,0x200f8,0xd1d,0x700f5,
0x20,0xd20,0x26,0xd1b,0xd1f,0xd1e,0x200f9,0xd1a,
0x200f8,0xd1a,0x700f5,0x20,0xd21,0x21,0xcdc,0xd20,
0xd1d,0x300f7,0xd22,0x0,0x400fa,0xd21,0xd23,0xd22,
0x200f8,0xd23,0x4007c,0x17,0xd24,0xc49,0x50051,0x17,
0xd25,0xbbd,0x0,0x50080,0x17,0xd26,0xdf,0xd25,
0x4007c,0x18,0xd27,0xd26,0x50082,0x17,0xd28,0xd24,
0x2b,0x4007c,0x18,0xd29,0xd28,0x500c7,0x18,0xd2a,
0xd27,0xd29,0x4007c,0x17,0xd2b,0xd2a,0x50051,0x17,
0xd2c,0xad8,0x0,0x50080,0x17,0xd2d,0xd2b,0xd2c,
0x50082,0x17,0xd2e,0xd2d,0xdf,0x8000c,0x17,0xd2f,
0x1,0x2d,0xd2e,0x1c,0xd28,0x4007c,0x18,0xd30,
0xd2f,0x60052,0x28,0xd31,0xd30,0xd15,0x0,0x200f9,
0xd22,0x200f8,0xd22,0x700f5,0x28,0xd32,0xd15,0xd1a,
0xd31,0xd23,0x50050,0x28,0xd33,0xa63,0xa63,0x50086,
0x28,0xd34,0xd32,0xd33,0x50051,0x18,0xd35,0xd34,
0x0,0x500ae,0x20,0xd36,0xd35,0x49,0x600a9,0x17,
0xd37,0xd36,0xe0,0x1c,0x50051,0x18,0xd38,0xd34,
0x1,0x500ae,0x20,0xd39,0xd38,0x49,0x300f7,0xd3a,
0x0,0x400fa,0xd39,0xd3b,0xd3c,0x200f8,0xd3c,0x200f9,
0xd3a,0x200f8,0xd3b,0x600a9,0x17,0xd3d,0xc46,0xe1,
0xe0,0x200f9,0xd3a,0x200f8,0xd3a,0x700f5,0x17,0xd3e,
0xd3d,0xd3b,0x1c,0xd3c,0x50080,0x17,0xd3f,0xd37,
0xd3e,0x4007c,0x18,0xd40,0xd3f,0x50080,0x18,0xd41,
0x471,0x27,0x60041,0x12a,0xd42,0x14,0x1c,0xd41,
0x4003d,0x18,0xd43,0xd42,0x50080,0x18,0xd44,0xd43,
0xd40,0x500c7,0x18,0xd45,0xd38,0x2d,0x50084,0x18,
0xd46,0xd45,0x49,0x50080,0x18,0xd47,0xd44,0xd46,
0x500c7,0x18,0xd48,0xd35,0x2d,0x50080,0x18,0xd49,
0xd47,0xd48,0x50084,0x18,0xd4a,0xd49,0x2c,0x500c7,
0x18,0xd4b,0xd4a,0x3e,0x50080,0x18,0xd4c,0x471,
0xc1,0x500c2,0x18,0xd4d,0xd4b,0x2c,0x50080,0x18,
0xd4e,0xd4c,0xd4d,0x60041,0x12a,0xd4f,0x14,0x1c,
0xd4e,0x4003d,0x18,0xd50,0xd4f,0x500c7,0x18,0xd51,
0xd4a,0x2e,0x50084,0x18,0xd52,0xd51,0x2a,0x500c7,
0x18,0xd53,0xd52,0x2d,0x500c2,0x18,0xd54,0xd50,
0xd53,0x500c7,0x18,0xd55,0xd54,0x2f,0x50080,0x18,
0xd56,0xd4a,0x27,0x500c7,0x18,0xd57,0xd56,0x3e,
0x500c2,0x18,0xd58,0xd57,0x2c,0x50080,0x18,0xd59,
0xd4c,0xd58,0x60041,0x12a,0xd5a,0x14,0x1c,0xd59,
0x4003d,0x18,0xd5b,0xd5a,0x500c7,0x18,0xd5c,0xd56,
0x2e,0x50084,0x18,0xd5d,0xd5c,0x2a,0x500c7,0x18,
0xd5e,0xd5d,0x2d,0x500c2,0x18,0xd5f,0xd5b,0xd5e,
0x500c7,0x18,0xd60,0xd5f,0x2f,0x500c4,0x18,0xd61,
0xd60,0x2a,0x500c5,0x18,0xd62,0xd55,0xd61,0x50080,
0x18,0xd63,0x471,0x9f,0x60041,0x12a,0xd64,0x14,
0x1c,0xd63,0x4003d,0x18,0xd65,0xd64,0x500c7,0x18,
0xd66,0xd65,0x2e,0x500aa,0x20,0xd67,0xd66,0x27,
0x300f7,0xd68,0x0,0x400fa,0xd67,0xd69,0xd68,0x200f8,
0xd69,0x500c7,0x18,0xd6a,0xd62,0xa0,0x500ab,0x20,
0xd6b,0xd6a,0x19,0x200f9,0xd68,0x200f8,0xd68,0x700f5,
0x20,0xd6c,0x21,0xd3a,0xd6b,0xd69,0x400a8,0x20,
0xd6d,0xd6c,0x300f7,0xd6e,0x0,0x400fa,0xd6d,0xd6f,
0xd6e,0x200f8,0xd6f,0x500aa,0x20,0xd70,0xd66,0x2c,
0x300f7,0xd71,0x0,0x400fa,0xd70,0xd72,0xd71,0x200f8,
0xd72,0x500c7,0x18,0xd73,0xd62,0xa0,0x500aa,0x20,
0xd74,0xd73,0x19,0x200f9,0xd71,0x200f8,0xd71,0x700f5,
0x20,0xd75,0x21,0xd6f,0xd74,0xd72,0x200f9,0xd6e,
0x200f8,0xd6e,0x700f5,0x20,0xd76,0x26,0xd68,0xd75,
0xd71,0x300f7,0xd77,0x0,0x400fa,0xd76,0xd78,0xd77,
0x200f8,0xd78,0x200f9,0xa56,0x200f8,0xd77,0x50082,0x18,
0xd79,0xa63,0x27,0x50050,0x28,0xd7a,0xd79,0xd79,
0x500c7,0x28,0xd7b,0xd32,0xd7a,0x500c7,0x18,0xd7c,
0xd62,0xcc,0x500ab,0x20,0xd7d,0xd7c,0x19,0x300f7,
0xd7e,0x0,0x400fa,0xd7d,0xd7f,0xd7e,0x200f8,0xd7f,
0x50051,0x18,0xd80,0xd7b,0x0,0x50082,0x18,0xd81,
0xd79,0xd80,0x60052,0x28,0xd82,0xd81,0xd7b,0x0,
0x200f9,0xd7e,0x200f8,0xd7e,0x700f5,0x28,0xd83,0xd7b,
0xd77,0xd82,0xd7f,0x500c7,0x18,0xd84,0xd62,0x52,
0x500ab,0x20,0xd85,0xd84,0x19,0x300f7,0xd86,0x0,
0x400fa,0xd85,0xd87,0xd86,0x200f8,0xd87,0x50051,0x18,
0xd88,0xd83,0x1,0x50082,0x18,0xd89,0xd79,0xd88,
0x60052,0x28,0xd8a,0xd89,0xd83,0x1,0x200f9,0xd86,
0x200f8,0xd86,0x700f5,0x28,0xd8b,0xd83,0xd7e,0xd8a,
0xd87,0x500c7,0x18,0xd8c,0xd62,0xe2,0x50051,0x18,
0xd8d,0xd8b,0x0,0x500c2,0x18,0xd8e,0xd8d,0x2e,
0x50080,0x18,0xd8f,0xd8c,0xd8e,0x50051,0x18,0xd90,
0xd8b,0x1,0x500c2,0x18,0xd91,0xd90,0x2e,0x50084,
0x18,0xd92,0xd91,0x32,0x50080,0x18,0xd93,0xd8f,
0xd92,0x500c7,0x18,0xd94,0xd93,0xe2,0x60041,0x12a,
0xd95,0x14,0x1c,0x471,0x4003d,0x18,0xd96,0xd95,
0x50084,0x18,0xd97,0xd96,0x2c,0x50084,0x18,0xd98,
0xa5d,0x2a,0x50084,0x18,0xd99,0xd94,0xd98,0x50080,
0x18,0xd9a,0xd97,0xd99,0x500c7,0x18,0xd9b,0xd90,
0x9f,0x50084,0x18,0xd9c,0xd9b,0x2c,0x50080,0x18,
0xd9d,0xd9a,0xd9c,0x500c7,0x18,0xd9e,0xd8d,0x9f,
0x500c2,0x18,0xd9f,0x9e,0xd9e,0x200f9,0xda0,0x200f8,
0xda0,0x700f5,0x18,0xda1,0x19,0xd86,0xda2,0xda3,
0x700f5,0x18,0xda4,0x19,0xd86,0xda5,0xda3,0x50086,
0x18,0xda6,0xa5d,0x2c,0x500b0,0x20,0xda7,0xda4,
0xda6,0x400f6,0xda8,0xda3,0x0,0x400fa,0xda7,0xda9,
0xda8,0x200f8,0xda9,0x50084,0x18,0xdaa,0xda4,0x32,
0x50080,0x18,0xdab,0xd9d,0xdaa,0x500c7,0x18,0xdac,
0xdab,0x3e,0x500c2,0x18,0xdad,0xdac,0x2c,0x50080,
0x18,0xdae,0xd4c,0xdad,0x60041,0x12a,0xdaf,0x14,
0x1c,0xdae,0x4003d,0x18,0xdb0,0xdaf,0x500c7,0x18,
0xdb1,0xdab,0x2e,0x50084,0x18,0xdb2,0xdb1,0x2a,
0x500c7,0x18,0xdb3,0xdb2,0x2d,0x500c2,0x18,0xdb4,
0xdb0,0xdb3,0x500c7,0x18,0xdb5,0xdb4,0x2f,0x500c7,
0x18,0xdb6,0xdb5,0xd9f,0x500ab,0x20,0xdb7,0xdb6,
0x19,0x300f7,0xdb8,0x0,0x400fa,0xdb7,0xdb9,0xdb8,
0x200f8,0xdb9,0x50084,0x18,0xdba,0xda4,0x2c,0x500c7,
0x18,0xdbb,0xdba,0x2d,0x500c4,0x18,0xdbc,0x27,
0xdbb,0x500c5,0x18,0xdbd,0xda1,0xdbc,0x200f9,0xdb8,
0x200f8,0xdb8,0x700f5,0x18,0xdbe,0xda1,0xda9,0xdbd,
0xdb9,0x50080,0x18,0xdbf,0xdab,0x27,0x500c7,0x18,
0xdc0,0xdbf,0x3e,0x500c2,0x18,0xdc1,0xdc0,0x2c,
0x50080,0x18,0xdc2,0xd4c,0xdc1,0x60041,0x12a,0xdc3,
0x14,0x1c,0xdc2,0x4003d,0x18,0xdc4,0xdc3,0x500c7,
0x18,0xdc5,0xdbf,0x2e,0x50084,0x18,0xdc6,0xdc5,
0x2a,0x500c7,0x18,0xdc7,0xdc6,0x2d,0x500c2,0x18,
0xdc8,0xdc4,0xdc7,0x500c7,0x18,0xdc9,0xdc8,0x2f,
0x500c7,0x18,0xdca,0xdc9,0xd9f,0x500ab,0x20,0xdcb,
0xdca,0x19,0x300f7,0xdcc,0x0,0x400fa,0xdcb,0xdcd,
0xdcc,0x200f8,0xdcd,0x50084,0x18,0xdce,0xda4,0x2c,
0x500c7,0x18,0xdcf,0xdce,0x2d,0x500c4,0x18,0xdd0,
0x2c,0xdcf,0x500c5,0x18,0xdd1,0xdbe,0xdd0,0x200f9,
0xdcc,0x200f8,0xdcc,0x700f5,0x18,0xda2,0xdbe,0xdb8,
0xdd1,0xdcd,0x200f9,0xda3,0x200f8,0xda3,0x50080,0x18,
0xda5,0xda4,0x27,0x200f9,0xda0,0x200f8,0xda8,0x500aa,
0x20,0xdd2,0xda1,0x19,0x300f7,0xdd3,0x0,0x400fa,
0xdd2,0xdd4,0xdd3,0x200f8,0xdd4,0x200f9,0xa56,0x200f8,
0xdd3,0x500ab,0x20,0xdd5,0xa5d,0x2a,0x300f7,0xdd6,
0x0,0x400fa,0xdd5,0xdd7,0xdd6,0x200f8,0xdd7,0x500c2,
0x18,0xdd8,0xd62,0x1e,0x500c7,0x18,0xdd9,0xdd8,
0x9f,0x500c7,0x18,0xdda,0xa5d,0x2d,0x500c4,0x18,
0xddb,0x27,0xdda,0x50084,0x18,0xddc,0xdd9,0xddb,
0x50080,0x18,0xddd,0xda1,0xddc,0x200f9,0xdd6,0x200f8,
0xdd6,0x700f5,0x18,0xdde,0xda1,0xdd3,0xddd,0xdd7,
0x50080,0x18,0xddf,0x471,0x4c,0x60041,0x12a,0xde0,
0x14,0x1c,0xddf,0x4003d,0x18,0xde1,0xde0,0x50080,
0x18,0xde2,0xdde,0xde1,0x500c7,0x18,0xde3,0xde2,
0x2f,0x4003d,0x18,0xde4,0x473,0x500c7,0x18,0xde5,
0xde4,0x1f,0x500ab,0x20,0xde6,0xde5,0x19,0x300f7,
0xde7,0x0,0x400fa,0xde6,0xde8,0xde7,0x200f8,0xde8,
0x500af,0x20,0xde9,0xa87,0x1c,0x300f7,0xdea,0x0,
0x400fa,0xde9,0xdeb,0xdea,0x200f8,0xdeb,0x500af,0x20,
0xdec,0xa87,0xcb,0x200f9,0xdea,0x200f8,0xdea,0x700f5,
0x20,0xded,0x26,0xde8,0xdec,0xdeb,0x200f9,0xde7,
0x200f8,0xde7,0x700f5,0x20,0xdee,0x21,0xdd6,0xded,
0xdea,0x300f7,0xdef,0x0,0x400fa,0xdee,0xdf0,0xdef,
0x200f8,0xdf0,0x4007c,0x17,0xdf1,0xc49,0x50051,0x17,
0xdf2,0xbbd,0x0,0x50087,0x17,0xdf3,0xdf1,0x30,
0x50080,0x17,0xdf4,0xdf2,0xdf3,0x5008a,0x17,0xdf5,
0xdf4,0xdf1,0x50080,0x17,0xdf6,0xdf5,0xdf1,0x5008a,
0x17,0xdf7,0xdf6,0xdf1,0x50082,0x17,0xdf8,0xdf7,
0xdf3,0x50051,0x17,0xdf9,0xad8,0x0,0x50080,0x17,
0xdfa,0xdf9,0xdf8,0x50051,0x18,0xdfb,0xd32,0x0,
0x500ae,0x20,0xdfc,0xdfb,0x58,0x300f7,0xdfd,0x0,
0x400fa,0xdfc,0xdfe,0xdfd,0x200f8,0xdfe,0x500b0,0x20,
0xdff,0xdfb,0xe3,0x200f9,0xdfd,0x200f8,0xdfd,0x700f5,
0x20,0xe00,0x21,0xdf0,0xdff,0xdfe,0x300f7,0xe01,
0x0,0x400fa,0xe00,0xe02,0xe01,0x200f8,0xe02,0x50051,
0x18,0xe03,0xd32,0x1,0x500ae,0x20,0xe04,0xe03,
0xe3,0x200f9,0xe01,0x200f8,0xe01,0x700f5,0x20,0xe05,
0x21,0xdfd,0xe04,0xe02,0x300f7,0xe06,0x0,0x400fa,
0xe05,0xe07,0xe06,0x200f8,0xe07,0x50051,0x18,0xe08,
0xd32,0x1,0x500b0,0x20,0xe09,0xe08,0xd0,0x200f9,
0xe06,0x200f8,0xe06,0x700f5,0x20,0xe0a,0x21,0xe01,
0xe09,0xe07,0x300f7,0xe0b,0x0,0x400fa,0xe0a,0xe0c,
0xe0b,0x200f8,0xe0c,0x500ae,0x20,0xe0d,0xde3,0xe4,
0x200f9,0xe0b,0x200f8,0xe0b,0x700f5,0x20,0xe0e,0x21,
0xe06,0xe0d,0xe0c,0x300f7,0xe0f,0x0,0x400fa,0xe0e,
0xe10,0xe0f,0x200f8,0xe10,0x500b2,0x20,0xe11,0xde3,
0xe5,0x200f9,0xe0f,0x200f8,0xe0f,0x700f5,0x20,0xe12,
0x21,0xe0b,0xe11,0xe10,0x500ae,0x20,0xe13,0xdfb,
0xe3,0x300f7,0xe14,0x0,0x400fa,0xe13,0xe15,0xe14,
0x200f8,0xe15,0x500b0,0x20,0xe16,0xdfb,0xe6,0x200f9,
0xe14,0x200f8,0xe14,0x700f5,0x20,0xe17,0x21,0xe0f,
0xe16,0xe15,0x300f7,0xe18,0x0,0x400fa,0xe17,0xe19,
0xe18,0x200f8,0xe19,0x50051,0x18,0xe1a,0xd32,0x1,
0x500ae,0x20,0xe1b,0xe1a,0xe6,0x200f9,0xe18,0x200f8,
0xe18,0x700f5,0x20,0xe1c,0x21,0xe14,0xe1b,0xe19,
0x300f7,0xe1d,0x0,0x400fa,0xe1c,0xe1e,0xe1d,0x200f8,
0xe1e,0x50051,0x18,0xe1f,0xd32,0x1,0x500b0,0x20,
0xe20,0xe1f,0xd0,0x200f9,0xe1d,0x200f8,0xe1d,0x700f5,
0x20,0xe21,0x21,0xe18,0xe20,0xe1e,0x300f7,0xe22,
0x0,0x400fa,0xe21,0xe23,0xe22,0x200f8,0xe23,0x500ae,
0x20,0xe24,0xde3,0xe4,0x200f9,0xe22,0x200f8,0xe22,
0x700f5,0x20,0xe25,0x21,0xe1d,0xe24,0xe23,0x300f7,
0xe26,0x0,0x400fa,0xe25,0xe27,0xe26,0x200f8,0xe27,
0x500b2,0x20,0xe28,0xde3,0xe7,0x200f9,0xe26,0x200f8,
0xe26,0x700f5,0x20,0xe29,0x21,0xe22,0xe28,0xe27,
0x500af,0x20,0xe2a,0xdfa,0x1c,0x300f7,0xe2b,0x0,
0x400fa,0xe2a,0xe2c,0xe2b,0x200f8,0xe2c,0x500af,0x20,
0xe2d,0xdfa,0xdf1,0x200f9,0xe2b,0x200f8,0xe2b,0x700f5,
0x20,0xe2e,0x26,0xe26,0xe2d,0xe2c,0x300f7,0xe2f,
0x0,0x400fa,0xe2e,0xe30,0xe2f,0x200f8,0xe30,0x400a8,
0x20,0xe31,0xe12,0x600a9,0x20,0xe32,0xe31,0xe29,
0x26,0x200f9,0xe2f,0x200f8,0xe2f,0x700f5,0x20,0xe33,
0x21,0xe2b,0xe32,0xe30,0x600a9,0x18,0xe34,0xe33,
0xe8,0xde3,0x200f9,0xdef,0x200f8,0xdef,0x700f5,0x18,
0xe35,0xde3,0xde7,0xe34,0xe2f,0x4003d,0x18,0xe36,
0xd64,0x500c7,0x18,0xe37,0xe36,0x58,0x500ab,0x20,
0xe38,0xe37,0x19,0x300f7,0xe39,0x0,0x400fa,0xe38,
0xe3a,0xe39,0x200f8,0xe3a,0x500af,0x20,0xe3b,0xa87,
0x1c,0x300f7,0xe3c,0x0,0x400fa,0xe3b,0xe3d,0xe3c,
0x200f8,0xe3d,0x500af,0x20,0xe3e,0xa87,0xcb,0x200f9,
0xe3c,0x200f8,0xe3c,0x700f5,0x20,0xe3f,0x26,0xe3a,
0xe3e,0xe3d,0x400a8,0x20,0xe40,0xe3f,0x300f7,0xe41,
0x0,0x400fa,0xe40,0xe42,0xe41,0x200f8,0xe42,0x500b1,
0x20,0xe43,0xa86,0x1c,0x200f9,0xe41,0x200f8,0xe41,
0x700f5,0x20,0xe44,0x26,0xe3c,0xe43,0xe42,0x400a8,
0x20,0xe45,0xe44,0x300f7,0xe46,0x0,0x400fa,0xe45,
0xe47,0xe46,0x200f8,0xe47,0x500af,0x20,0xe48,0xa86,
0x56,0x200f9,0xe46,0x200f8,0xe46,0x700f5,0x20,0xe49,
0x26,0xe41,0xe48,0xe47,0x200f9,0xe39,0x200f8,0xe39,
0x700f5,0x20,0xe4a,0x21,0xdef,0xe49,0xe46,0x300f7,
0xe4b,0x0,0x400fa,0xe4a,0xe4c,0xe4b,0x200f8,0xe4c,
0x4007c,0x17,0xe4d,0xc49,0x50051,0x17,0xe4e,0xbbd,
0x0,0x50087,0x17,0xe4f,0xe4d,0x30,0x50080,0x17,
0xe50,0xe4e,0xe4f,0x5008a,0x17,0xe51,0xe50,0xe4d,
0x50080,0x17,0xe52,0xe51,0xe4d,0x5008a,0x17,0xe53,
0xe52,0xe4d,0x50082,0x17,0xe54,0xe53,0xe4f,0x50051,
0x17,0xe55,0xad8,0x0,0x50080,0x17,0xe56,0xe55,
0xe54,0x50051,0x18,0xe57,0xd32,0x0,0x500ae,0x20,
0xe58,0xe57,0xe9,0x300f7,0xe59,0x0,0x400fa,0xe58,
0xe5a,0xe59,0x200f8,0xe5a,0x500b0,0x20,0xe5b,0xe57,
0xea,0x200f9,0xe59,0x200f8,0xe59,0x700f5,0x20,0xe5c,
0x21,0xe4c,0xe5b,0xe5a,0x300f7,0xe5d,0x0,0x400fa,
0xe5c,0xe5e,0xe5d,0x200f8,0xe5e,0x50051,0x18,0xe5f,
0xd32,0x1,0x500ae,0x20,0xe60,0xe5f,0x32,0x200f9,
0xe5d,0x200f8,0xe5d,0x700f5,0x20,0xe61,0x21,0xe59,
0xe60,0xe5e,0x300f7,0xe62,0x0,0x400fa,0xe61,0xe63,
0xe62,0x200f8,0xe63,0x50051,0x18,0xe64,0xd32,0x1,
0x500b0,0x20,0xe65,0xe64,0xeb,0x200f9,0xe62,0x200f8,
0xe62,0x700f5,0x20,0xe66,0x21,0xe5d,0xe65,0xe63,
0x400a8,0x20,0xe67,0xe66,0x300f7,0xe68,0x0,0x400fa,
0xe67,0xe69,0xe68,0x200f8,0xe69,0x500ae,0x20,0xe6a,
0xe57,0xeb,0x300f7,0xe6b,0x0,0x400fa,0xe6a,0xe6c,
0xe6b,0x200f8,0xe6c,0x500b0,0x20,0xe6d,0xe57,0xec,
0x200f9,0xe6b,0x200f8,0xe6b,0x700f5,0x20,0xe6e,0x21,
0xe69,0xe6d,0xe6c,0x300f7,0xe6f,0x0,0x400fa,0xe6e,
0xe70,0xe6f,0x200f8,0xe70,0x50051,0x18,0xe71,0xd32,
0x1,0x500ae,0x20,0xe72,0xe71,0x9d,0x200f9,0xe6f,
0x200f8,0xe6f,0x700f5,0x20,0xe73,0x21,0xe6b,0xe72,
0xe70,0x300f7,0xe74,0x0,0x400fa,0xe73,0xe75,0xe74,
0x200f8,0xe75,0x50051,0x18,0xe76,0xd32,0x1,0x500b0,
0x20,0xe77,0xe76,0xed,0x200f9,0xe74,0x200f8,0xe74,
0x700f5,0x20,0xe78,0x21,0xe6f,0xe77,0xe75,0x200f9,
0xe68,0x200f8,0xe68,0x700f5,0x20,0xe79,0x26,0xe62,
0xe78,0xe74,0x400a8,0x20,0xe7a,0xe79,0x300f7,0xe7b,
0x0,0x400fa,0xe7a,0xe7c,0xe7b,0x200f8,0xe7c,0x500ae,
0x20,0xe7d,0xe57,0xee,0x300f7,0xe7e,0x0,0x400fa,
0xe7d,0xe7f,0xe7e,0x200f8,0xe7f,0x500b0,0x20,0xe80,
0xe57,0xef,0x200f9,0xe7e,0x200f8,0xe7e,0x700f5,0x20,
0xe81,0x21,0xe7c,0xe80,0xe7f,0x300f7,0xe82,0x0,
0x400fa,0xe81,0xe83,0xe82,0x200f8,0xe83,0x50051,0x18,
0xe84,0xd32,0x1,0x500ae,0x20,0xe85,0xe84,0xe8,
0x200f9,0xe82,0x200f8,0xe82,0x700f5,0x20,0xe86,0x21,
0xe7e,0xe85,0xe83,0x300f7,0xe87,0x0,0x400fa,0xe86,
0xe88,0xe87,0x200f8,0xe88,0x50051,0x18,0xe89,0xd32,
0x1,0x500b0,0x20,0xe8a,0xe89,0xee,0x200f9,0xe87,
0x200f8,0xe87,0x700f5,0x20,0xe8b,0x21,0xe82,0xe8a,
0xe88,0x200f9,0xe7b,0x200f8,0xe7b,0x700f5,0x20,0xe8c,
0x26,0xe68,0xe8b,0xe87,0x400a8,0x20,0xe8d,0xe8c,
0x300f7,0xe8e,0x0,0x400fa,0xe8d,0xe8f,0xe8e,0x200f8,
0xe8f,0x500ae,0x20,0xe90,0xe57,0xe6,0x300f7,0xe91,
0x0,0x400fa,0xe90,0xe92,0xe91,0x200f8,0xe92,0x500b0,
0x20,0xe93,0xe57,0xd1,0x200f9,0xe91,0x200f8,0xe91,
0x700f5,0x20,0xe94,0x21,0xe8f,0xe93,0xe92,0x300f7,
0xe95,0x0,0x400fa,0xe94,0xe96,0xe95,0x200f8,0xe96,
0x50051,0x18,0xe97,0xd32,0x1,0x500ae,0x20,0xe98,
0xe97,0xf0,0x200f9,0xe95,0x200f8,0xe95,0x700f5,0x20,
0xe99,0x21,0xe91,0xe98,0xe96,0x300f7,0xe9a,0x0,
0x400fa,0xe99,0xe9b,0xe9a,0x200f8,0xe9b,0x50051,0x18,
0xe9c,0xd32,0x1,0x500b0,0x20,0xe9d,0xe9c,0xee,
0x200f9,0xe9a,0x200f8,0xe9a,0x700f5,0x20,0xe9e,0x21,
0xe95,0xe9d,0xe9b,0x200f9,0xe8e,0x200f8,0xe8e,0x700f5,
0x20,0xe9f,0x26,0xe7b,0xe9e,0xe9a,0x400a8,0x20,
0xea0,0xe9f,0x300f7,0xea1,0x0,0x400fa,0xea0,0xea2,
0xea1,0x200f8,0xea2,0x500ae,0x20,0xea3,0xe57,0xf1,
0x300f7,0xea4,0x0,0x400fa,0xea3,0xea5,0xea4,0x200f8,
0xea5,0x500b0,0x20,0xea6,0xe57,0x58,0x200f9,0xea4,
0x200f8,0xea4,0x700f5,0x20,0xea7,0x21,0xea2,0xea6,
0xea5,0x300f7,0xea8,0x0,0x400fa,0xea7,0xea9,0xea8,
0x200f8,0xea9,0x50051,0x18,0xeaa,0xd32,0x1,0x500ae,
0x20,0xeab,0xeaa,0xee,0x200f9,0xea8,0x200f8,0xea8,
0x700f5,0x20,0xeac,0x21,0xea4,0xeab,0xea9,0x300f7,
0xead,0x0,0x400fa,0xeac,0xeae,0xead,0x200f8,0xeae,
0x50051,0x18,0xeaf,0xd32,0x1,0x500b0,0x20,0xeb0,
0xeaf,0xf2,0x200f9,0xead,0x200f8,0xead,0x700f5,0x20,
0xeb1,0x21,0xea8,0xeb0,0xeae,0x200f9,0xea1,0x200f8,
0xea1,0x700f5,0x20,0xeb2,0x26,0xe8e,0xeb1,0xead,
0x400a8,0x20,0xeb3,0xeb2,0x300f7,0xeb4,0x0,0x400fa,
0xeb3,0xeb5,0xeb4,0x200f8,0xeb5,0x500ae,0x20,0xeb6,
0xe57,0xf3,0x300f7,0xeb7,0x0,0x400fa,0xeb6,0xeb8,
0xeb7,0x200f8,0xeb8,0x500b0,0x20,0xeb9,0xe57,0xf4,
0x200f9,0xeb7,0x200f8,0xeb7,0x700f5,0x20,0xeba,0x21,
0xeb5,0xeb9,0xeb8,0x300f7,0xebb,0x0,0x400fa,0xeba,
0xebc,0xebb,0x200f8,0xebc,0x50051,0x18,0xebd,0xd32,
0x1,0x500ae,0x20,0xebe,0xebd,0x9e,0x200f9,0xebb,
0x200f8,0xebb,0x700f5,0x20,0xebf,0x21,0xeb7,0xebe,
0xebc,0x300f7,0xec0,0x0,0x400fa,0xebf,0xec1,0xec0,
0x200f8,0xec1,0x50051,0x18,0xec2,0xd32,0x1,0x500b0,
0x20,0xec3,0xec2,0xf5,0x200f9,0xec0,0x200f8,0xec0,
0x700f5,0x20,0xec4,0x21,0xebb,0xec3,0xec1,0x200f9,
0xeb4,0x200f8,0xeb4,0x700f5,0x20,0xec5,0x26,0xea1,
0xec4,0xec0,0x400a8,0x20,0xec6,0xec5,0x300f7,0xec7,
0x0,0x400fa,0xec6,0xec8,0xec7,0x200f8,0xec8,0x500ae,
0x20,0xec9,0xe57,0xf6,0x300f7,0xeca,0x0,0x400fa,
0xec9,0xecb,0xeca,0x200f8,0xecb,0x500b0,0x20,0xecc,
0xe57,0xf7,0x200f9,0xeca,0x200f8,0xeca,0x700f5,0x20,
0xecd,0x21,0xec8,0xecc,0xecb,0x300f7,0xece,0x0,
0x400fa,0xecd,0xecf,0xece,0x200f8,0xecf,0x50051,0x18,
0xed0,0xd32,0x1,0x500ae,0x20,0xed1,0xed0,0xf8,
0x200f9,0xece,0x200f8,0xece,0x700f5,0x20,0xed2,0x21,
0xeca,0xed1,0xecf,0x300f7,0xed3,0x0,0x400fa,0xed2,
0xed4,0xed3,0x200f8,0xed4,0x50051,0x18,0xed5,0xd32,
0x1,0x500b0,0x20,0xed6,0xed5,0xf2,0x200f9,0xed3,
0x200f8,0xed3,0x700f5,0x20,0xed7,0x21,0xece,0xed6,
0xed4,0x200f9,0xec7,0x200f8,0xec7,0x700f5,0x20,0xed8,
0x26,0xeb4,0xed7,0xed3,0x400a8,0x20,0xed9,0xed8,
0x300f7,0xeda,0x0,0x400fa,0xed9,0xedb,0xeda,0x200f8,
0xedb,0x500ae,0x20,0xedc,0xe57,0xf7,0x300f7,0xedd,
0x0,0x400fa,0xedc,0xede,0xedd,0x200f8,0xede,0x500b0,
0x20,0xedf,0xe57,0xf9,0x200f9,0xedd,0x200f8,0xedd,
0x700f5,0x20,0xee0,0x21,0xedb,0xedf,0xede,0x300f7,
0xee1,0x0,0x400fa,0xee0,0xee2,0xee1,0x200f8,0xee2,
0x50051,0x18,0xee3,0xd32,0x1,0x500ae,0x20,0xee4,
0xee3,0xfa,0x200f9,0xee1,0x200f8,0xee1,0x700f5,0x20,
0xee5,0x21,0xedd,0xee4,0xee2,0x300f7,0xee6,0x0,
0x400fa,0xee5,0xee7,0xee6,0x200f8,0xee7,0x50051,0x18,
0xee8,0xd32,0x1,0x500b0,0x20,0xee9,0xee8,0xfb,
0x200f9,0xee6,0x200f8,0xee6,0x700f5,0x20,0xeea,0x21,
0xee1,0xee9,0xee7,0x200f9,0xeda,0x200f8,0xeda,0x700f5,
0x20,0xeeb,0x26,0xec7,0xeea,0xee6,0x400a8,0x20,
0xeec,0xeeb,0x300f7,0xeed,0x0,0x400fa,0xeec,0xeee,
0xeed,0x200f8,0xeee,0x500ae,0x20,0xeef,0xe57,0xfc,
0x300f7,0xef0,0x0,0x400fa,0xeef,0xef1,0xef0,0x200f8,
0xef1,0x500b0,0x20,0xef2,0xe57,0xfd,0x200f9,0xef0,
0x200f8,0xef0,0x700f5,0x20,0xef3,0x21,0xeee,0xef2,
0xef1,0x300f7,0xef4,0x0,0x400fa,0xef3,0xef5,0xef4,
0x200f8,0xef5,0x50051,0x18,0xef6,0xd32,0x1,0x500ae,
0x20,0xef7,0xef6,0xfe,0x200f9,0xef4,0x200f8,0xef4,
0x700f5,0x20,0xef8,0x21,0xef0,0xef7,0xef5,0x300f7,
0xef9,0x0,0x400fa,0xef8,0xefa,0xef9,0x200f8,0xefa,
0x50051,0x18,0xefb,0xd32,0x1,0x500b0,0x20,0xefc,
0xefb,0xf3,0x200f9,0xef9,0x200f8,0xef9,0x700f5,0x20,
0xefd,0x21,0xef4,0xefc,0xefa,0x200f9,0xeed,0x200f8,
0xeed,0x700f5,0x20,0xefe,0x26,0xeda,0xefd,0xef9,
0x400a8,0x20,0xeff,0xefe,0x300f7,0xf00,0x0,0x400fa,
0xeff,0xf01,0xf00,0x200f8,0xf01,0x500ae,0x20,0xf02,
0xe57,0xff,0x300f7,0xf03,0x0,0x400fa,0xf02,0xf04,
0xf03,0x200f8,0xf04,0x500b0,0x20,0xf05,0xe57,0xd6,
0x200f9,0xf03,0x200f8,0xf03,0x700f5,0x20,0xf06,0x21,
0xf01,0xf05,0xf04,0x300f7,0xf07,0x0,0x400fa,0xf06,
0xf08,0xf07,0x200f8,0xf08,0x50051,0x18,0xf09,0xd32,
0x1,0x500ae,0x20,0xf0a,0xf09,0xfc,0x200f9,0xf07,
0x200f8,0xf07,0x700f5,0x20,0xf0b,0x21,0xf03,0xf0a,
0xf08,0x300f7,0xf0c,0x0,0x400fa,0xf0b,0xf0d,0xf0c,
0x200f8,0xf0d,0x50051,0x18,0xf0e,0xd32,0x1,0x500b0,
0x20,0xf0f,0xf0e,0x100,0x200f9,0xf0c,0x200f8,0xf0c,
0x700f5,0x20,0xf10,0x21,0xf07,0xf0f,0xf0d,0x200f9,
0xf00,0x200f8,0xf00,0x700f5,0x20,0xf11,0x26,0xeed,
0xf10,0xf0c,0x400a8,0x20,0xf12,0xf11,0x300f7,0xf13,
0x0,0x400fa,0xf12,0xf14,0xf13,0x200f8,0xf14,0x500ae,
0x20,0xf15,0xe57,0x101,0x300f7,0xf16,0x0,0x400fa,
0xf15,0xf17,0xf16,0x200f8,0xf17,0x500b0,0x20,0xf18,
0xe57,0xfa,0x200f9,0xf16,0x200f8,0xf16,0x700f5,0x20,
0xf19,0x21,0xf14,0xf18,0xf17,0x300f7,0xf1a,0x0,
0x400fa,0xf19,0xf1b,0xf1a,0x200f8,0xf1b,0x50051,0x18,
0xf1c,0xd32,0x1,0x500ae,0x20,0xf1d,0xf1c,0xf3,
0x200f9,0xf1a,0x200f8,0xf1a,0x700f5,0x20,0xf1e,0x21,
0xf16,0xf1d,0xf1b,0x300f7,0xf1f,0x0,0x400fa,0xf1e,
0xf20,0xf1f,0x200f8,0xf20,0x50051,0x18,0xf21,0xd32,
0x1,0x500b0,0x20,0xf22,0xf21,0xf4,0x200f9,0xf1f,
0x200f8,0xf1f,0x700f5,0x20,0xf23,0x21,0xf1a,0xf22,
0xf20,0x200f9,0xf13,0x200f8,0xf13,0x700f5,0x20,0xf24,
0x26,0xf00,0xf23,0xf1f,0x400a8,0x20,0xf25,0xf24,
0x300f7,0xf26,0x0,0x400fa,0xf25,0xf27,0xf26,0x200f8,
0xf27,0x500ae,0x20,0xf28,0xe57,0xdb,0x300f7,0xf29,
0x0,0x400fa,0xf28,0xf2a,0xf29,0x200f8,0xf2a,0x500b0,
0x20,0xf2b,0xe57,0x102,0x200f9,0xf29,0x200f8,0xf29,
0x700f5,0x20,0xf2c,0x21,0xf27,0xf2b,0xf2a,0x300f7,
0xf2d,0x0,0x400fa,0xf2c,0xf2e,0xf2d,0x200f8,0xf2e,
0x50051,0x18,0xf2f,0xd32,0x1,0x500ae,0x20,0xf30,
0xf2f,0xf4,0x200f9,0xf2d,0x200f8,0xf2d,0x700f5,0x20,
0xf31,0x21,0xf29,0xf30,0xf2e,0x300f7,0xf32,0x0,
0x400fa,0xf31,0xf33,0xf32,0x200f8,0xf33,0x50051,0x18,
0xf34,0xd32,0x1,0x500b0,0x20,0xf35,0xf34,0xdb,
0x200f9,0xf32,0x200f8,0xf32,0x700f5,0x20,0xf36,0x21,
0xf2d,0xf35,0xf33,0x200f9,0xf26,0x200f8,0xf26,0x700f5,
0x20,0xf37,0x26,0xf13,0xf36,0xf32,0x400a8,0x20,
0xf38,0xf37,0x300f7,0xf39,0x0,0x400fa,0xf38,0xf3a,
0xf39,0x200f8,0xf3a,0x500ae,0x20,0xf3b,0xe57,0xeb,
0x300f7,0xf3c,0x0,0x400fa,0xf3b,0xf3d,0xf3c,0x200f8,
0xf3d,0x500b0,0x20,0xf3e,0xe57,0x9e,0x200f9,0xf3c,
0x200f8,0xf3c,0x700f5,0x20,0xf3f,0x21,0xf3a,0xf3e,
0xf3d,0x300f7,0xf40,0x0,0x400fa,0xf3f,0xf41,0xf40,
0x200f8,0xf41,0x50051,0x18,0xf42,0xd32,0x1,0x500ae,
0x20,0xf43,0xf42,0xe6,0x200f9,0xf40,0x200f8,0xf40,
0x700f5,0x20,0xf44,0x21,0xf3c,0xf43,0xf41,0x300f7,
0xf45,0x0,0x400fa,0xf44,0xf46,0xf45,0x200f8,0xf46,
0x50051,0x18,0xf47,0xd32,0x1,0x500b0,0x20,0xf48,
0xf47,0xd1,0x200f9,0xf45,0x200f8,0xf45,0x700f5,0x20,
0xf49,0x21,0xf40,0xf48,0xf46,0x200f9,0xf39,0x200f8,
0xf39,0x700f5,0x20,0xf4a,0x26,0xf26,0xf49,0xf45,
0x400a8,0x20,0xf4b,0xf4a,0x300f7,0xf4c,0x0,0x400fa,
0xf4b,0xf4d,0xf4c,0x200f8,0xf4d,0x500ae,0x20,0xf4e,
0xe57,0x49,0x300f7,0xf4f,0x0,0x400fa,0xf4e,0xf50,
0xf4f,0x200f8,0xf50,0x500b0,0x20,0xf51,0xe57,0xed,
0x200f9,0xf4f,0x200f8,0xf4f,0x700f5,0x20,0xf52,0x21,
0xf4d,0xf51,0xf50,0x300f7,0xf53,0x0,0x400fa,0xf52,
0xf54,0xf53,0x200f8,0xf54,0x50051,0x18,0xf55,0xd32,
0x1,0x500ae,0x20,0xf56,0xf55,0xf5,0x200f9,0xf53,
0x200f8,0xf53,0x700f5,0x20,0xf57,0x21,0xf4f,0xf56,
0xf54,0x300f7,0xf58,0x0,0x400fa,0xf57,0xf59,0xf58,
0x200f8,0xf59,0x50051,0x18,0xf5a,0xd32,0x1,0x500b0,
0x20,0xf5b,0xf5a,0x101,0x200f9,0xf58,0x200f8,0xf58,
0x700f5,0x20,0xf5c,0x21,0xf53,0xf5b,0xf59,0x200f9,
0xf4c,0x200f8,0xf4c,0x700f5,0x20,0xf5d,0x26,0xf39,
0xf5c,0xf58,0x400a8,0x20,0xf5e,0xf5d,0x300f7,0xf5f,
0x0,0x400fa,0xf5e,0xf60,0xf5f,0x200f8,0xf60,0x500ae,
0x20,0xf61,0xe57,0xd8,0x300f7,0xf62,0x0,0x400fa,
0xf61,0xf63,0xf62,0x200f8,0xf63,0x500b0,0x20,0xf64,
0xe57,0x103,0x200f9,0xf62,0x200f8,0xf62,0x700f5,0x20,
0xf65,0x21,0xf60,0xf64,0xf63,0x300f7,0xf66,0x0,
0x400fa,0xf65,0xf67,0xf66,0x200f8,0xf67,0x50051,0x18,
0xf68,0xd32,0x1,0x500ae,0x20,0xf69,0xf68,0x104,
0x200f9,0xf66,0x200f8,0xf66,0x700f5,0x20,0xf6a,0x21,
0xf62,0xf69,0xf67,0x300f7,0xf6b,0x0,0x400fa,0xf6a,
0xf6c,0xf6b,0x200f8,0xf6c,0x50051,0x18,0xf6d,0xd32,
0x1,0x500b0,0x20,0xf6e,0xf6d,0x58,0x200f9,0xf6b,
0x200f8,0xf6b,0x700f5,0x20,0xf6f,0x21,0xf66,0xf6e,
0xf6c,0x200f9,0xf5f,0x200f8,0xf5f,0x700f5,0x20,0xf70,
0x26,0xf4c,0xf6f,0xf6b,0x400a8,0x20,0xf71,0xf70,
0x300f7,0xf72,0x0,0x400fa,0xf71,0xf73,0xf72,0x200f8,
0xf73,0x500ae,0x20,0xf74,0xe57,0x105,0x300f7,0xf75,
0x0,0x400fa,0xf74,0xf76,0xf75,0x200f8,0xf76,0x500b0,
0x20,0xf77,0xe57,0xf2,0x200f9,0xf75,0x200f8,0xf75,
0x700f5,0x20,0xf78,0x21,0xf73,0xf77,0xf76,0x300f7,
0xf79,0x0,0x400fa,0xf78,0xf7a,0xf79,0x200f8,0xf7a,
0x50051,0x18,0xf7b,0xd32,0x1,0x500ae,0x20,0xf7c,
0xf7b,0xe3,0x200f9,0xf79,0x200f8,0xf79,0x700f5,0x20,
0xf7d,0x21,0xf75,0xf7c,0xf7a,0x300f7,0xf7e,0x0,
0x400fa,0xf7d,0xf7f,0xf7e,0x200f8,0xf7f,0x50051,0x18,
0xf80,0xd32,0x1,0x500b0,0x20,0xf81,0xf80,0x106,
0x200f9,0xf7e,0x200f8,0xf7e,0x700f5,0x20,0xf82,0x21,
0xf79,0xf81,0xf7f,0x200f9,0xf72,0x200f8,0xf72,0x700f5,
0x20,0xf83,0x26,0xf5f,0xf82,0xf7e,0x4007c,0x17,
0xf84,0xc4f,0x500af,0x20,0xf85,0xe56,0x1c,0x300f7,
0xf86,0x0,0x400fa,0xf85,0xf87,0xf86,0x200f8,0xf87,
0x500af,0x20,0xf88,0xe56,0xe4d,0x200f9,0xf86,0x200f8,
0xf86,0x700f5,0x20,0xf89,0x26,0xf72,0xf88,0xf87,
0x400a8,0x20,0xf8a,0xf89,0x300f7,0xf8b,0x0,0x400fa,
0xf8a,0xf8c,0xf8b,0x200f8,0xf8c,0x50051,0x17,0xf8d,
0xbce,0x1,0x500b1,0x20,0xf8e,0xf8d,0x1c,0x200f9,
0xf8b,0x200f8,0xf8b,0x700f5,0x20,0xf8f,0x26,0xf86,
0xf8e,0xf8c,0x400a8,0x20,0xf90,0xf8f,0x300f7,0xf91,
0x0,0x400fa,0xf90,0xf92,0xf91,0x200f8,0xf92,0x50051,
0x17,0xf93,0xbce,0x1,0x500af,0x20,0xf94,0xf93,
0xf84,0x200f9,0xf91,0x200f8,0xf91,0x700f5,0x20,0xf95,
0x26,0xf8b,0xf94,0xf92,0x600a9,0x20,0xf96,0xf95,
0xf83,0x21,0x600a9,0x18,0xf97,0xf96,0x8a,0xe35,
0x200f9,0xe4b,0x200f8,0xe4b,0x700f5,0x18,0xf98,0xe35,
0xe39,0xf97,0xf91,0x4003d,0x18,0xf99,0x473,0x500c7,
0x18,0xf9a,0xf99,0x27,0x500ab,0x20,0xf9b,0xf9a,
0x19,0x300f7,0xf9c,0x0,0x400fa,0xf9b,0xf9d,0xf9c,
0x200f8,0xf9d,0x50080,0x18,0xf9e,0x471,0x32,0x50080,
0x18,0xf9f,0xf9e,0xf98,0x60041,0x12a,0xfa0,0x14,
0x1c,0xf9f,0x4003d,0x18,0xfa1,0xfa0,0x500c7,0x18,
0xfa2,0xfa1,0x107,0x500aa,0x20,0xfa3,0xfa2,0x19,
0x200f9,0xf9c,0x200f8,0xf9c,0x700f5,0x20,0xfa4,0x21,
0xe4b,0xfa3,0xf9d,0x300f7,0xfa5,0x0,0x400fa,0xfa4,
0xfa6,0xfa5,0x200f8,0xfa6,0x200f9,0xa56,0x200f8,0xfa5,
0x50080,0x18,0xfa7,0x471,0x32,0x50080,0x18,0xfa8,
0xfa7,0xf98,0x60041,0x12a,0xfa9,0x14,0x1c,0xfa8,
0x4003d,0x18,0xfaa,0xfa9,0x50080,0x18,0xfab,0x471,
0x48,0x60041,0x12a,0xfac,0x14,0x1c,0xfab,0x4003d,
0x18,0xfad,0xfac,0x50082,0x18,0xfae,0x41,0xfad,
0x500c7,0x18,0xfaf,0xfaa,0x2f,0x500c2,0x18,0xfb0,
0xfaa,0x2a,0x500c7,0x18,0xfb1,0xfb0,0x2f,0x500c2,
0x18,0xfb2,0xfaa,0x32,0x500c7,0x18,0xfb3,0xfb2,
0x2f,0x60050,0x9b,0xfb4,0xfaf,0xfb1,0xfb3,0x60050,
0x9b,0xfb5,0xfae,0xfae,0xfae,0x50084,0x9b,0xfb6,
0xfb4,0xfb5,0x50086,0x9b,0xfb7,0xfb6,0x9c,0x500c2,
0x18,0xfb8,0xfaa,0x45,0x40070,0x22,0xfb9,0xfb8,
0x50051,0x18,0xfba,0xfb7,0x0,0x50051,0x18,0xfbb,
0xfb7,0x1,0x50051,0x18,0xfbc,0xfb7,0x2,0x40070,
0x22,0xfbd,0xfba,0x40070,0x22,0xfbe,0xfbb,0x40070,
0x22,0xfbf,0xfbc,0x70050,0x34,0xfc0,0xfbd,0xfbe,
0xfbf,0xfb9,0x50085,0x34,0xfc1,0xfc0,0x138,0x500c7,
0x18,0xfc2,0x169,0x2c,0x500ab,0x20,0xfc3,0xfc2,
0x19,0x300f7,0xfc4,0x0,0x400fa,0xfc3,0xfc5,0xfc4,
0x200f8,0xfc5,0x8004f,0x36,0xfc6,0xfc1,0xfc1,0x0,
0x1,0x2,0x500bc,0x12c,0xfc7,0xfc6,0x37,0x50085,
0x36,0xfc8,0xfc6,0x13a,0x50081,0x36,0xfc9,0xfc6,
0x39,0x50085,0x36,0xfca,0xfc9,0x13c,0x7000c,0x36,
0xfcb,0x1,0x1a,0xfca,0x3b,0x600a9,0x36,0xfcc,
0xfc7,0xfc8,0xfcb,0x9004f,0x34,0xfcd,0xfc1,0xfcc,
0x4,0x5,0x6,0x3,0x200f9,0xfc4,0x200f8,0xfc4,
0x700f5,0x34,0xfce,0xfc1,0xfa5,0xfcd,0xfc5,0x200f9,
0xa56,0x200f8,0xa56,0x1700f5,0x34,0xfcf,0xca,0xa94,
0xacb,0xac1,0xca,0xbe2,0xca,0xbf7,0xca,0xc1b,
0xc43,0xc39,0xca,0xd78,0xca,0xdd4,0xca,0xfa6,
0xfce,0xfc4,0x200f9,0xa53,0x200f8,0xa53,0x700f5,0x34,
0xfd0,0xfcf,0xa56,0xac,0xa55,0x500b4,0x20,0xfd1,
0xa51,0x23,0x300f7,0xfd2,0x0,0x400fa,0xfd1,0xfd3,
0xfd2,0x200f8,0xfd3,0x50051,0x22,0xfd4,0xfd0,0x3,
0x500b4,0x20,0xfd5,0xfd4,0x23,0x300f7,0xfd6,0x0,
0x400fa,0xfd5,0xfd7,0xfd6,0x200f8,0xfd7,0x100fc,0x200f8,
0xfd6,0x200f9,0x46f,0x200f8,0xfd2,0x5008e,0x36,0xfd8,
0xa3e,0xad,0x5008e,0x36,0xfd9,0xa3e,0x90,0x50081,
0x36,0xfda,0xfd9,0xaf,0x6000c,0x36,0xfdb,0x1,
0x8,0xfda,0x4006e,0x108,0xfdc,0xfdb,0x6000c,0x36,
0xfdd,0x1,0xa,0xfda,0x50085,0x36,0xfde,0xfdd,
0xfdd,0x5008e,0x36,0xfdf,0xfdd,0x92,0x50083,0x36,
0xfe0,0x91,0xfdf,0x50085,0x36,0xfe1,0xfde,0xfe0,
0x50051,0x17,0xfe2,0xfdc,0x0,0x4007c,0x18,0xfe3,
0xfe2,0x50084,0x18,0xfe4,0xfe3,0x115,0x50051,0x17,
0xfe5,0xfdc,0x1,0x4007c,0x18,0xfe6,0xfe5,0x50084,
0x18,0xfe7,0xfe6,0x116,0x50080,0x18,0xfe8,0xfe4,
0xfe7,0x50051,0x17,0xfe9,0xfdc,0x2,0x4007c,0x18,
0xfea,0xfe9,0x50084,0x18,0xfeb,0xfea,0x117,0x50080,
0x18,0xfec,0xfe8,0xfeb,0x500c2,0x18,0xfed,0xfec,
0x32,0x500c6,0x18,0xfee,0xfec,0xfed,0x50084,0x18,
0xfef,0xfee,0x118,0x500c2,0x18,0xff0,0xfef,0x48,
0x500c6,0x18,0xff1,0xfef,0xff0,0x50084,0x18,0xff2,
0xff1,0x119,0x500c2,0x18,0xff3,0xff2,0x32,0x500c6,
0x18,0xff4,0xff2,0xff3,0x500c7,0x18,0xff5,0xff4,
0x107,0x40070,0x22,0xff6,0xff5,0x50085,0x22,0xff7,
0xff6,0x14e,0x50080,0x108,0xff8,0xfdc,0x109,0x50051,
0x17,0xff9,0xff8,0x0,0x4007c,0x18,0xffa,0xff9,
0x50084,0x18,0xffb,0xffa,0x115,0x50051,0x17,0xffc,
0xff8,0x1,0x4007c,0x18,0xffd,0xffc,0x50084,0x18,
0xffe,0xffd,0x116,0x50080,0x18,0xfff,0xffb,0xffe,
0x50051,0x17,0x1000,0xff8,0x2,0x4007c,0x18,0x1001,
0x1000,0x50084,0x18,0x1002,0x1001,0x117,0x50080,0x18,
0x1003,0xfff,0x1002,0x500c2,0x18,0x1004,0x1003,0x32,
0x500c6,0x18,0x1005,0x1003,0x1004,0x50084,0x18,0x1006,
0x1005,0x118,0x500c2,0x18,0x1007,0x1006,0x48,0x500c6,
0x18,0x1008,0x1006,0x1007,0x50084,0x18,0x1009,0x1008,
0x119,0x500c2,0x18,0x100a,0x1009,0x32,0x500c6,0x18,
0x100b,0x1009,0x100a,0x500c7,0x18,0x100c,0x100b,0x107,
0x40070,0x22,0x100d,0x100c,0x50085,0x22,0x100e,0x100d,
0x14e,0x50080,0x108,0x100f,0xfdc,0x10a,0x50051,0x17,
0x1010,0x100f,0x0,0x4007c,0x18,0x1011,0x1010,0x50084,
0x18,0x1012,0x1011,0x115,0x50051,0x17,0x1013,0x100f,
0x1,0x4007c,0x18,0x1014,0x1013,0x50084,0x18,0x1015,
0x1014,0x116,0x50080,0x18,0x1016,0x1012,0x1015,0x50051,
0x17,0x1017,0x100f,0x2,0x4007c,0x18,0x1018,0x1017,
0x50084,0x18,0x1019,0x1018,0x117,0x50080,0x18,0x101a,
0x1016,0x1019,0x500c2,0x18,0x101b,0x101a,0x32,0x500c6,
0x18,0x101c,0x101a,0x101b,0x50084,0x18,0x101d,0x101c,
0x118,0x500c2,0x18,0x101e,0x101d,0x48,0x500c6,0x18,
0x101f,0x101d,0x101e,0x50084,0x18,0x1020,0x101f,0x119,
0x500c2,0x18,0x1021,0x1020,0x32,0x500c6,0x18,0x1022,
0x1020,0x1021,0x500c7,0x18,0x1023,0x1022,0x107,0x40070,
0x22,0x1024,0x1023,0x50085,0x22,0x1025,0x1024,0x14e,
0x50080,0x108,0x1026,0xfdc,0x10b,0x50051,0x17,0x1027,
0x1026,0x0,0x4007c,0x18,0x1028,0x1027,0x50084,0x18,
0x1029,0x1028,0x115,0x50051,0x17,0x102a,0x1026,0x1,
0x4007c,0x18,0x102b,0x102a,0x50084,0x18,0x102c,0x102b,
0x116,0x50080,0x18,0x102d,0x1029,0x102c,0x50051,0x17,
0x102e,0x1026,0x2,0x4007c,0x18,0x102f,0x102e,0x50084,
0x18,0x1030,0x102f,0x117,0x50080,0x18,0x1031,0x102d,
0x1030,0x500c2,0x18,0x1032,0x1031,0x32,0x500c6,0x18,
0x1033,0x1031,0x1032,0x50084,0x18,0x1034,0x1033,0x118,
0x500c2,0x18,0x1035,0x1034,0x48,0x500c6,0x18,0x1036,
0x1034,0x1035,0x50084,0x18,0x1037,0x1036,0x119,0x500c2,
0x18,0x1038,0x1037,0x32,0x500c6,0x18,0x1039,0x1037,
0x1038,0x500c7,0x18,0x103a,0x1039,0x107,0x40070,0x22,
0x103b,0x103a,0x50085,0x22,0x103c,0x103b,0x14e,0x50080,
0x108,0x103d,0xfdc,0x10c,0x50051,0x17,0x103e,0x103d,
0x0,0x4007c,0x18,0x103f,0x103e,0x50084,0x18,0x1040,
0x103f,0x115,0x50051,0x17,0x1041,0x103d,0x1,0x4007c,
0x18,0x1042,0x1041,0x50084,0x18,0x1043,0x1042,0x116,
0x50080,0x18,0x1044,0x1040,0x1043,0x50051,0x17,0x1045,
0x103d,0x2,0x4007c,0x18,0x1046,0x1045,0x50084,0x18,
0x1047,0x1046,0x117,0x50080,0x18,0x1048,0x1044,0x1047,
0x500c2,0x18,0x1049,0x1048,0x32,0x500c6,0x18,0x104a,
0x1048,0x1049,0x50084,0x18,0x104b,0x104a,0x118,0x500c2,
0x18,0x104c,0x104b,0x48,0x500c6,0x18,0x104d,0x104b,
0x104c,0x50084,0x18,0x104e,0x104d,0x119,0x500c2,0x18,
0x104f,0x104e,0x32,0x500c6,0x18,0x1050,0x104e,0x104f,
0x500c7,0x18,0x1051,0x1050,0x107,0x40070,0x22,0x1052,
0x1051,0x50085,0x22,0x1053,0x1052,0x14e,0x50080,0x108,
0x1054,0xfdc,0x10d,0x50051,0x17,0x1055,0x1054,0x0,
0x4007c,0x18,0x1056,0x1055,0x50084,0x18,0x1057,0x1056,
0x115,0x50051,0x17,0x1058,0x1054,0x1,0x4007c,0x18,
0x1059,0x1058,0x50084,0x18,0x105a,0x1059,0x116,0x50080,
0x18,0x105b,0x1057,0x105a,0x50051,0x17,0x105c,0x1054,
0x2,0x4007c,0x18,0x105d,0x105c,0x50084,0x18,0x105e,
0x105d,0x117,0x50080,0x18,0x105f,0x105b,0x105e,0x500c2,
0x18,0x1060,0x105f,0x32,0x500c6,0x18,0x1061,0x105f,
0x1060,0x50084,0x18,0x1062,0x1061,0x118,0x500c2,0x18,
0x1063,0x1062,0x48,0x500c6,0x18,0x1064,0x1062,0x1063,
0x50084,0x18,0x1065,0x1064,0x119,0x500c2,0x18,0x1066,
0x1065,0x32,0x500c6,0x18,0x1067,0x1065,0x1066,0x500c7,
0x18,0x1068,0x1067,0x107,0x40070,0x22,0x1069,0x1068,
0x50085,0x22,0x106a,0x1069,0x14e,0x50080,0x108,0x106b,
0xfdc,0x10e,0x50051,0x17,0x106c,0x106b,0x0,0x4007c,
0x18,0x106d,0x106c,0x50084,0x18,0x106e,0x106d,0x115,
0x50051,0x17,0x106f,0x106b,0x1,0x4007c,0x18,0x1070,
0x106f,0x50084,0x18,0x1071,0x1070,0x116,0x50080,0x18,
0x1072,0x106e,0x1071,0x50051,0x17,0x1073,0x106b,0x2,
0x4007c,0x18,0x1074,0x1073,0x50084,0x18,0x1075,0x1074,
0x117,0x50080,0x18,0x1076,0x1072,0x1075,0x500c2,0x18,
0x1077,0x1076,0x32,0x500c6,0x18,0x1078,0x1076,0x1077,
0x50084,0x18,0x1079,0x1078,0x118,0x500c2,0x18,0x107a,
0x1079,0x48,0x500c6,0x18,0x107b,0x1079,0x107a,0x50084,
0x18,0x107c,0x107b,0x119,0x500c2,0x18,0x107d,0x107c,
0x32,0x500c6,0x18,0x107e,0x107c,0x107d,0x500c7,0x18,
0x107f,0x107e,0x107,0x40070,0x22,0x1080,0x107f,0x50085,
0x22,0x1081,0x1080,0x14e,0x50080,0x108,0x1082,0xfdc,
0x10f,0x50051,0x17,0x1083,0x1082,0x0,0x4007c,0x18,
0x1084,0x1083,0x50084,0x18,0x1085,0x1084,0x115,0x50051,
0x17,0x1086,0x1082,0x1,0x4007c,0x18,0x1087,0x1086,
0x50084,0x18,0x1088,0x1087,0x116,0x50080,0x18,0x1089,
0x1085,0x1088,0x50051,0x17,0x108a,0x1082,0x2,0x4007c,
0x18,0x108b,0x108a,0x50084,0x18,0x108c,0x108b,0x117,
0x50080,0x18,0x108d,0x1089,0x108c,0x500c2,0x18,0x108e,
0x108d,0x32,0x500c6,0x18,0x108f,0x108d,0x108e,0x50084,
0x18,0x1090,0x108f,0x118,0x500c2,0x18,0x1091,0x1090,
0x48,0x500c6,0x18,0x1092,0x1090,0x1091,0x50084,0x18,
0x1093,0x1092,0x119,0x500c2,0x18,0x1094,0x1093,0x32,
0x500c6,0x18,0x1095,0x1093,0x1094,0x500c7,0x18,0x1096,
0x1095,0x107,0x40070,0x22,0x1097,0x1096,0x50085,0x22,
0x1098,0x1097,0x14e,0x50051,0x22,0x1099,0xfe1,0x0,
0x8000c,0x22,0x109a,0x1,0x2e,0xff7,0x100e,0x1099,
0x8000c,0x22,0x109b,0x1,0x2e,0x1025,0x103c,0x1099,
0x50051,0x22,0x109c,0xfe1,0x1,0x8000c,0x22,0x109d,
0x1,0x2e,0x109a,0x109b,0x109c,0x8000c,0x22,0x109e,
0x1,0x2e,0x1053,0x106a,0x1099,0x8000c,0x22,0x109f,
0x1,0x2e,0x1081,0x1098,0x1099,0x8000c,0x22,0x10a0,
0x1,0x2e,0x109e,0x109f,0x109c,0x50051,0x22,0x10a1,
0xfe1,0x2,0x8000c,0x22,0x10a2,0x1,0x2e,0x109d,
0x10a0,0x10a1,0x50081,0x36,0x10a3,0xfd9,0xb1,0x6000c,
0x36,0x10a4,0x1,0x8,0x10a3,0x4006e,0x108,0x10a5,
0x10a4,0x6000c,0x36,0x10a6,0x1,0xa,0x10a3,0x50085,
0x36,0x10a7,0x10a6,0x10a6,0x5008e,0x36,0x10a8,0x10a6,
0x92,0x50083,0x36,0x10a9,0x91,0x10a8,0x50085,0x36,
0x10aa,0x10a7,0x10a9,0x50051,0x17,0x10ab,0x10a5,0x0,
0x4007c,0x18,0x10ac,0x10ab,0x50084,0x18,0x10ad,0x10ac,
0x115,0x50051,0x17,0x10ae,0x10a5,0x1,0x4007c,0x18,
0x10af,0x10ae,0x50084,0x18,0x10b0,0x10af,0x116,0x50080,
0x18,0x10b1,0x10ad,0x10b0,0x50051,0x17,0x10b2,0x10a5,
0x2,0x4007c,0x18,0x10b3,0x10b2,0x50084,0x18,0x10b4,
0x10b3,0x117,0x50080,0x18,0x10b5,0x10b1,0x10b4,0x500c2,
0x18,0x10b6,0x10b5,0x32,0x500c6,0x18,0x10b7,0x10b5,
0x10b6,0x50084,0x18,0x10b8,0x10b7,0x118,0x500c2,0x18,
0x10b9,0x10b8,0x48,0x500c6,0x18,0x10ba,0x10b8,0x10b9,
0x50084,0x18,0x10bb,0x10ba,0x119,0x500c2,0x18,0x10bc,
0x10bb,0x32,0x500c6,0x18,0x10bd,0x10bb,0x10bc,0x500c7,
0x18,0x10be,0x10bd,0x107,0x40070,0x22,0x10bf,0x10be,
0x50085,0x22,0x10c0,0x10bf,0x14e,0x50080,0x108,0x10c1,
0x10a5,0x109,0x50051,0x17,0x10c2,0x10c1,0x0,0x4007c,
0x18,0x10c3,0x10c2,0x50084,0x18,0x10c4,0x10c3,0x115,
0x50051,0x17,0x10c5,0x10c1,0x1,0x4007c,0x18,0x10c6,
0x10c5,0x50084,0x18,0x10c7,0x10c6,0x116,0x50080,0x18,
0x10c8,0x10c4,0x10c7,0x50051,0x17,0x10c9,0x10c1,0x2,
0x4007c,0x18,0x10ca,0x10c9,0x50084,0x18,0x10cb,0x10ca,
0x117,0x50080,0x18,0x10cc,0x10c8,0x10cb,0x500c2,0x18,
0x10cd,0x10cc,0x32,0x500c6,0x18,0x10ce,0x10cc,0x10cd,
0x50084,0x18,0x10cf,0x10ce,0x118,0x500c2,0x18,0x10d0,
0x10cf,0x48,0x500c6,0x18,0x10d1,0x10cf,0x10d0,0x50084,
0x18,0x10d2,0x10d1,0x119,0x500c2,0x18,0x10d3,0x10d2,
0x32,0x500c6,0x18,0x10d4,0x10d2,0x10d3,0x500c7,0x18,
0x10d5,0x10d4,0x107,0x40070,0x22,0x10d6,0x10d5,0x50085,
0x22,0x10d7,0x10d6,0x14e,0x50080,0x108,0x10d8,0x10a5,
0x10a,0x50051,0x17,0x10d9,0x10d8,0x0,0x4007c,0x18,
0x10da,0x10d9,0x50084,0x18,0x10db,0x10da,0x115,0x50051,
0x17,0x10dc,0x10d8,0x1,0x4007c,0x18,0x10dd,0x10dc,
0x50084,0x18,0x10de,0x10dd,0x116,0x50080,0x18,0x10df,
0x10db,0x10de,0x50051,0x17,0x10e0,0x10d8,0x2,0x4007c,
0x18,0x10e1,0x10e0,0x50084,0x18,0x10e2,0x10e1,0x117,
0x50080,0x18,0x10e3,0x10df,0x10e2,0x500c2,0x18,0x10e4,
0x10e3,0x32,0x500c6,0x18,0x10e5,0x10e3,0x10e4,0x50084,
0x18,0x10e6,0x10e5,0x118,0x500c2,0x18,0x10e7,0x10e6,
0x48,0x500c6,0x18,0x10e8,0x10e6,0x10e7,0x50084,0x18,
0x10e9,0x10e8,0x119,0x500c2,0x18,0x10ea,0x10e9,0x32,
0x500c6,0x18,0x10eb,0x10e9,0x10ea,0x500c7,0x18,0x10ec,
0x10eb,0x107,0x40070,0x22,0x10ed,0x10ec,0x50085,0x22,
0x10ee,0x10ed,0x14e,0x50080,0x108,0x10ef,0x10a5,0x10b,
0x50051,0x17,0x10f0,0x10ef,0x0,0x4007c,0x18,0x10f1,
0x10f0,0x50084,0x18,0x10f2,0x10f1,0x115,0x50051,0x17,
0x10f3,0x10ef,0x1,0x4007c,0x18,0x10f4,0x10f3,0x50084,
0x18,0x10f5,0x10f4,0x116,0x50080,0x18,0x10f6,0x10f2,
0x10f5,0x50051,0x17,0x10f7,0x10ef,0x2,0x4007c,0x18,
0x10f8,0x10f7,0x50084,0x18,0x10f9,0x10f8,0x117,0x50080,
0x18,0x10fa,0x10f6,0x10f9,0x500c2,0x18,0x10fb,0x10fa,
0x32,0x500c6,0x18,0x10fc,0x10fa,0x10fb,0x50084,0x18,
0x10fd,0x10fc,0x118,0x500c2,0x18,0x10fe,0x10fd,0x48,
0x500c6,0x18,0x10ff,0x10fd,0x10fe,0x50084,0x18,0x1100,
0x10ff,0x119,0x500c2,0x18,0x1101,0x1100,0x32,0x500c6,
0x18,0x1102,0x1100,0x1101,0x500c7,0x18,0x1103,0x1102,
0x107,0x40070,0x22,0x1104,0x1103,0x50085,0x22,0x1105,
0x1104,0x14e,0x50080,0x108,0x1106,0x10a5,0x10c,0x50051,
0x17,0x1107,0x1106,0x0,0x4007c,0x18,0x1108,0x1107,
0x50084,0x18,0x1109,0x1108,0x115,0x50051,0x17,0x110a,
0x1106,0x1,0x4007c,0x18,0x110b,0x110a,0x50084,0x18,
0x110c,0x110b,0x116,0x50080,0x18,0x110d,0x1109,0x110c,
0x50051,0x17,0x110e,0x1106,0x2,0x4007c,0x18,0x110f,
0x110e,0x50084,0x18,0x1110,0x110f,0x117,0x50080,0x18,
0x1111,0x110d,0x1110,0x500c2,0x18,0x1112,0x1111,0x32,
0x500c6,0x18,0x1113,0x1111,0x1112,0x50084,0x18,0x1114,
0x1113,0x118,0x500c2,0x18,0x1115,0x1114,0x48,0x500c6,
0x18,0x1116,0x1114,0x1115,0x50084,0x18,0x1117,0x1116,
0x119,0x500c2,0x18,0x1118,0x1117,0x32,0x500c6,0x18,
0x1119,0x1117,0x1118,0x500c7,0x18,0x111a,0x1119,0x107,
0x40070,0x22,0x111b,0x111a,0x50085,0x22,0x111c,0x111b,
0x14e,0x50080,0x108,0x111d,0x10a5,0x10d,0x50051,0x17,
0x111e,0x111d,0x0,0x4007c,0x18,0x111f,0x111e,0x50084,
0x18,0x1120,0x111f,0x115,0x50051,0x17,0x1121,0x111d,
0x1,0x4007c,0x18,0x1122,0x1121,0x50084,0x18,0x1123,
0x1122,0x116,0x50080,0x18,0x1124,0x1120,0x1123,0x50051,
0x17,0x1125,0x111d,0x2,0x4007c,0x18,0x1126,0x1125,
0x50084,0x18,0x1127,0x1126,0x117,0x50080,0x18,0x1128,
0x1124,0x1127,0x500c2,0x18,0x1129,0x1128,0x32,0x500c6,
0x18,0x112a,0x1128,0x1129,0x50084,0x18,0x112b,0x112a,
0x118,0x500c2,0x18,0x112c,0x112b,0x48,0x500c6,0x18,
0x112d,0x112b,0x112c,0x50084,0x18,0x112e,0x112d,0x119,
0x500c2,0x18,0x112f,0x112e,0x32,0x500c6,0x18,0x1130,
0x112e,0x112f,0x500c7,0x18,0x1131,0x1130,0x107,0x40070,
0x22,0x1132,0x1131,0x50085,0x22,0x1133,0x1132,0x14e,
0x50080,0x108,0x1134,0x10a5,0x10e,0x50051,0x17,0x1135,
0x1134,0x0,0x4007c,0x18,0x1136,0x1135,0x50084,0x18,
0x1137,0x1136,0x115,0x50051,0x17,0x1138,0x1134,0x1,
0x4007c,0x18,0x1139,0x1138,0x50084,0x18,0x113a,0x1139,
0x116,0x50080,0x18,0x113b,0x1137,0x113a,0x50051,0x17,
0x113c,0x1134,0x2,0x4007c,0x18,0x113d,0x113c,0x50084,
0x18,0x113e,0x113d,0x117,0x50080,0x18,0x113f,0x113b,
0x113e,0x500c2,0x18,0x1140,0x113f,0x32,0x500c6,0x18,
0x1141,0x113f,0x1140,0x50084,0x18,0x1142,0x1141,0x118,
0x500c2,0x18,0x1143,0x1142,0x48,0x500c6,0x18,0x1144,
0x1142,0x1143,0x50084,0x18,0x1145,0x1144,0x119,0x500c2,
0x18,0x1146,0x1145,0x32,0x500c6,0x18,0x1147,0x1145,
0x1146,0x500c7,0x18,0x1148,0x1147,0x107,0x40070,0x22,
0x1149,0x1148,0x50085,0x22,0x114a,0x1149,0x14e,0x50080,
0x108,0x114b,0x10a5,0x10f,0x50051,0x17,0x114c,0x114b,
0x0,0x4007c,0x18,0x114d,0x114c,0x50084,0x18,0x114e,
0x114d,0x115,0x50051,0x17,0x114f,0x114b,0x1,0x4007c,
0x18,0x1150,0x114f,0x50084,0x18,0x1151,0x1150,0x116,
0x50080,0x18,0x1152,0x114e,0x1151,0x50051,0x17,0x1153,
0x114b,0x2,0x4007c,0x18,0x1154,0x1153,0x50084,0x18,
0x1155,0x1154,0x117,0x50080,0x18,0x1156,0x1152,0x1155,
0x500c2,0x18,0x1157,0x1156,0x32,0x500c6,0x18,0x1158,
0x1156,0x1157,0x50084,0x18,0x1159,0x1158,0x118,0x500c2,
0x18,0x115a,0x1159,0x48,0x500c6,0x18,0x115b,0x1159,
0x115a,0x50084,0x18,0x115c,0x115b,0x119,0x500c2,0x18,
0x115d,0x115c,0x32,0x500c6,0x18,0x115e,0x115c,0x115d,
0x500c7,0x18,0x115f,0x115e,0x107,0x40070,0x22,0x1160,
0x115f,0x50085,0x22,0x1161,0x1160,0x14e,0x50051,0x22,
0x1162,0x10aa,0x0,0x8000c,0x22,0x1163,0x1,0x2e,
0x10c0,0x10d7,0x1162,0x8000c,0x22,0x1164,0x1,0x2e,
0x10ee,0x1105,0x1162,0x50051,0x22,0x1165,0x10aa,0x1,
0x8000c,0x22,0x1166,0x1,0x2e,0x1163,0x1164,0x1165,
0x8000c,0x22,0x1167,0x1,0x2e,0x111c,0x1133,0x1162,
0x8000c,0x22,0x1168,0x1,0x2e,0x114a,0x1161,0x1162,
0x8000c,0x22,0x1169,0x1,0x2e,0x1167,0x1168,0x1165,
0x50051,0x22,0x116a,0x10aa,0x2,0x8000c,0x22,0x116b,
0x1,0x2e,0x1166,0x1169,0x116a,0x50081,0x36,0x116c,
0xfd9,0xb3,0x6000c,0x36,0x116d,0x1,0x8,0x116c,
0x4006e,0x108,0x116e,0x116d,0x6000c,0x36,0x116f,0x1,
0xa,0x116c,0x50085,0x36,0x1170,0x116f,0x116f,0x5008e,
0x36,0x1171,0x116f,0x92,0x50083,0x36,0x1172,0x91,
0x1171,0x50085,0x36,0x1173,0x1170,0x1172,0x50051,0x17,
0x1174,0x116e,0x0,0x4007c,0x18,0x1175,0x1174,0x50084,
0x18,0x1176,0x1175,0x115,0x50051,0x17,0x1177,0x116e,
0x1,0x4007c,0x18,0x1178,0x1177,0x50084,0x18,0x1179,
0x1178,0x116,0x50080,0x18,0x117a,0x1176,0x1179,0x50051,
0x17,0x117b,0x116e,0x2,0x4007c,0x18,0x117c,0x117b,
0x50084,0x18,0x117d,0x117c,0x117,0x50080,0x18,0x117e,
0x117a,0x117d,0x500c2,0x18,0x117f,0x117e,0x32,0x500c6,
0x18,0x1180,0x117e,0x117f,0x50084,0x18,0x1181,0x1180,
0x118,0x500c2,0x18,0x1182,0x1181,0x48,0x500c6,0x18,
0x1183,0x1181,0x1182,0x50084,0x18,0x1184,0x1183,0x119,
0x500c2,0x18,0x1185,0x1184,0x32,0x500c6,0x18,0x1186,
0x1184,0x1185,0x500c7,0x18,0x1187,0x1186,0x107,0x40070,
0x22,0x1188,0x1187,0x50085,0x22,0x1189,0x1188,0x14e,
0x50080,0x108,0x118a,0x116e,0x109,0x50051,0x17,0x118b,
0x118a,0x0,0x4007c,0x18,0x118c,0x118b,0x50084,0x18,
0x118d,0x118c,0x115,0x50051,0x17,0x118e,0x118a,0x1,
0x4007c,0x18,0x118f,0x118e,0x50084,0x18,0x1190,0x118f,
0x116,0x50080,0x18,0x1191,0x118d,0x1190,0x50051,0x17,
0x1192,0x118a,0x2,0x4007c,0x18,0x1193,0x1192,0x50084,
0x18,0x1194,0x1193,0x117,0x50080,0x18,0x1195,0x1191,
0x1194,0x500c2,0x18,0x1196,0x1195,0x32,0x500c6,0x18,
0x1197,0x1195,0x1196,0x50084,0x18,0x1198,0x1197,0x118,
0x500c2,0x18,0x1199,0x1198,0x48,0x500c6,0x18,0x119a,
0x1198,0x1199,0x50084,0x18,0x119b,0x119a,0x119,0x500c2,
0x18,0x119c,0x119b,0x32,0x500c6,0x18,0x119d,0x119b,
0x119c,0x500c7,0x18,0x119e,0x119d,0x107,0x40070,0x22,
0x119f,0x119e,0x50085,0x22,0x11a0,0x119f,0x14e,0x50080,
0x108,0x11a1,0x116e,0x10a,0x50051,0x17,0x11a2,0x11a1,
0x0,0x4007c,0x18,0x11a3,0x11a2,0x50084,0x18,0x11a4,
0x11a3,0x115,0x50051,0x17,0x11a5,0x11a1,0x1,0x4007c,
0x18,0x11a6,0x11a5,0x50084,0x18,0x11a7,0x11a6,0x116,
0x50080,0x18,0x11a8,0x11a4,0x11a7,0x50051,0x17,0x11a9,
0x11a1,0x2,0x4007c,0x18,0x11aa,0x11a9,0x50084,0x18,
0x11ab,0x11aa,0x117,0x50080,0x18,0x11ac,0x11a8,0x11ab,
0x500c2,0x18,0x11ad,0x11ac,0x32,0x500c6,0x18,0x11ae,
0x11ac,0x11ad,0x50084,0x18,0x11af,0x11ae,0x118,0x500c2,
0x18,0x11b0,0x11af,0x48,0x500c6,0x18,0x11b1,0x11af,
0x11b0,0x50084,0x18,0x11b2,0x11b1,0x119,0x500c2,0x18,
0x11b3,0x11b2,0x32,0x500c6,0x18,0x11b4,0x11b2,0x11b3,
0x500c7,0x18,0x11b5,0x11b4,0x107,0x40070,0x22,0x11b6,
0x11b5,0x50085,0x22,0x11b7,0x11b6,0x14e,0x50080,0x108,
0x11b8,0x116e,0x10b,0x50051,0x17,0x11b9,0x11b8,0x0,
0x4007c,0x18,0x11ba,0x11b9,0x50084,0x18,0x11bb,0x11ba,
0x115,0x50051,0x17,0x11bc,0x11b8,0x1,0x4007c,0x18,
0x11bd,0x11bc,0x50084,0x18,0x11be,0x11bd,0x116,0x50080,
0x18,0x11bf,0x11bb,0x11be,0x50051,0x17,0x11c0,0x11b8,
0x2,0x4007c,0x18,0x11c1,0x11c0,0x50084,0x18,0x11c2,
0x11c1,0x117,0x50080,0x18,0x11c3,0x11bf,0x11c2,0x500c2,
0x18,0x11c4,0x11c3,0x32,0x500c6,0x18,0x11c5,0x11c3,
0x11c4,0x50084,0x18,0x11c6,0x11c5,0x118,0x500c2,0x18,
0x11c7,0x11c6,0x48,0x500c6,0x18,0x11c8,0x11c6,0x11c7,
0x50084,0x18,0x11c9,0x11c8,0x119,0x500c2,0x18,0x11ca,
0x11c9,0x32,0x500c6,0x18,0x11cb,0x11c9,0x11ca,0x500c7,
0x18,0x11cc,0x11cb,0x107,0x40070,0x22,0x11cd,0x11cc,
0x50085,0x22,0x11ce,0x11cd,0x14e,0x50080,0x108,0x11cf,
0x116e,0x10c,0x50051,0x17,0x11d0,0x11cf,0x0,0x4007c,
0x18,0x11d1,0x11d0,0x50084,0x18,0x11d2,0x11d1,0x115,
0x50051,0x17,0x11d3,0x11cf,0x1,0x4007c,0x18,0x11d4,
0x11d3,0x50084,0x18,0x11d5,0x11d4,0x116,0x50080,0x18,
0x11d6,0x11d2,0x11d5,0x50051,0x17,0x11d7,0x11cf,0x2,
0x4007c,0x18,0x11d8,0x11d7,0x50084,0x18,0x11d9,0x11d8,
0x117,0x50080,0x18,0x11da,0x11d6,0x11d9,0x500c2,0x18,
0x11db,0x11da,0x32,0x500c6,0x18,0x11dc,0x11da,0x11db,
0x50084,0x18,0x11dd,0x11dc,0x118,0x500c2,0x18,0x11de,
0x11dd,0x48,0x500c6,0x18,0x11df,0x11dd,0x11de,0x50084,
0x18,0x11e0,0x11df,0x119,0x500c2,0x18,0x11e1,0x11e0,
0x32,0x500c6,0x18,0x11e2,0x11e0,0x11e1,0x500c7,0x18,
0x11e3,0x11e2,0x107,0x40070,0x22,0x11e4,0x11e3,0x50085,
0x22,0x11e5,0x11e4,0x14e,0x50080,0x108,0x11e6,0x116e,
0x10d,0x50051,0x17,0x11e7,0x11e6,0x0,0x4007c,0x18,
0x11e8,0x11e7,0x50084,0x18,0x11e9,0x11e8,0x115,0x50051,
0x17,0x11ea,0x11e6,0x1,0x4007c,0x18,0x11eb,0x11ea,
0x50084,0x18,0x11ec,0x11eb,0x116,0x50080,0x18,0x11ed,
0x11e9,0x11ec,0x50051,0x17,0x11ee,0x11e6,0x2,0x4007c,
0x18,0x11ef,0x11ee,0x50084,0x18,0x11f0,0x11ef,0x117,
0x50080,0x18,0x11f1,0x11ed,0x11f0,0x500c2,0x18,0x11f2,
0x11f1,0x32,0x500c6,0x18,0x11f3,0x11f1,0x11f2,0x50084,
0x18,0x11f4,0x11f3,0x118,0x500c2,0x18,0x11f5,0x11f4,
0x48,0x500c6,0x18,0x11f6,0x11f4,0x11f5,0x50084,0x18,
0x11f7,0x11f6,0x119,0x500c2,0x18,0x11f8,0x11f7,0x32,
0x500c6,0x18,0x11f9,0x11f7,0x11f8,0x500c7,0x18,0x11fa,
0x11f9,0x107,0x40070,0x22,0x11fb,0x11fa,0x50085,0x22,
0x11fc,0x11fb,0x14e,0x50080,0x108,0x11fd,0x116e,0x10e,
0x50051,0x17,0x11fe,0x11fd,0x0,0x4007c,0x18,0x11ff,
0x11fe,0x50084,0x18,0x1200,0x11ff,0x115,0x50051,0x17,
0x1201,0x11fd,0x1,0x4007c,0x18,0x1202,0x1201,0x50084,
0x18,0x1203,0x1202,0x116,0x50080,0x18,0x1204,0x1200,
0x1203,0x50051,0x17,0x1205,0x11fd,0x2,0x4007c,0x18,
0x1206,0x1205,0x50084,0x18,0x1207,0x1206,0x117,0x50080,
0x18,0x1208,0x1204,0x1207,0x500c2,0x18,0x1209,0x1208,
0x32,0x500c6,0x18,0x120a,0x1208,0x1209,0x50084,0x18,
0x120b,0x120a,0x118,0x500c2,0x18,0x120c,0x120b,0x48,
0x500c6,0x18,0x120d,0x120b,0x120c,0x50084,0x18,0x120e,
0x120d,0x119,0x500c2,0x18,0x120f,0x120e,0x32,0x500c6,
0x18,0x1210,0x120e,0x120f,0x500c7,0x18,0x1211,0x1210,
0x107,0x40070,0x22,0x1212,0x1211,0x50085,0x22,0x1213,
0x1212,0x14e,0x50080,0x108,0x1214,0x116e,0x10f,0x50051,
0x17,0x1215,0x1214,0x0,0x4007c,0x18,0x1216,0x1215,
0x50084,0x18,0x1217,0x1216,0x115,0x50051,0x17,0x1218,
0x1214,0x1,0x4007c,0x18,0x1219,0x1218,0x50084,0x18,
0x121a,0x1219,0x116,0x50080,0x18,0x121b,0x1217,0x121a,
0x50051,0x17,0x121c,0x1214,0x2,0x4007c,0x18,0x121d,
0x121c,0x50084,0x18,0x121e,0x121d,0x117,0x50080,0x18,
0x121f,0x121b,0x121e,0x500c2,0x18,0x1220,0x121f,0x32,
0x500c6,0x18,0x1221,0x121f,0x1220,0x50084,0x18,0x1222,
0x1221,0x118,0x500c2,0x18,0x1223,0x1222,0x48,0x500c6,
0x18,0x1224,0x1222,0x1223,0x50084,0x18,0x1225,0x1224,
0x119,0x500c2,0x18,0x1226,0x1225,0x32,0x500c6,0x18,
0x1227,0x1225,0x1226,0x500c7,0x18,0x1228,0x1227,0x107,
0x40070,0x22,0x1229,0x1228,0x50085,0x22,0x122a,0x1229,
0x14e,0x50051,0x22,0x122b,0x1173,0x0,0x8000c,0x22,
0x122c,0x1,0x2e,0x1189,0x11a0,0x122b,0x8000c,0x22,
0x122d,0x1,0x2e,0x11b7,0x11ce,0x122b,0x50051,0x22,
0x122e,0x1173,0x1,0x8000c,0x22,0x122f,0x1,0x2e,
0x122c,0x122d,0x122e,0x8000c,0x22,0x1230,0x1,0x2e,
0x11e5,0x11fc,0x122b,0x8000c,0x22,0x1231,0x1,0x2e,
0x1213,0x122a,0x122b,0x8000c,0x22,0x1232,0x1,0x2e,
0x1230,0x1231,0x122e,0x50051,0x22,0x1233,0x1173,0x2,
0x8000c,0x22,0x1234,0x1,0x2e,0x122f,0x1232,0x1233,
0x60050,0x36,0x1235,0x10a2,0x116b,0x1234,0x5008e,0x36,
0x1236,0x1235,0xb4,0x50081,0x36,0x1237,0xfd8,0x1236,
0x6000c,0x36,0x1238,0x1,0x8,0x1237,0x4006e,0x108,
0x1239,0x1238,0x6000c,0x36,0x123a,0x1,0xa,0x1237,
0x50085,0x36,0x123b,0x123a,0x123a,0x5008e,0x36,0x123c,
0x123a,0x92,0x50083,0x36,0x123d,0x91,0x123c,0x50085,
0x36,0x123e,0x123b,0x123d,0x50051,0x17,0x123f,0x1239,
0x0,0x4007c,0x18,0x1240,0x123f,0x50084,0x18,0x1241,
0x1240,0x115,0x50051,0x17,0x1242,0x1239,0x1,0x4007c,
0x18,0x1243,0x1242,0x50084,0x18,0x1244,0x1243,0x116,
0x50080,0x18,0x1245,0x1241,0x1244,0x50051,0x17,0x1246,
0x1239,0x2,0x4007c,0x18,0x1247,0x1246,0x50084,0x18,
0x1248,0x1247,0x117,0x50080,0x18,0x1249,0x1245,0x1248,
0x500c2,0x18,0x124a,0x1249,0x32,0x500c6,0x18,0x124b,
0x1249,0x124a,0x50084,0x18,0x124c,0x124b,0x118,0x500c2,
0x18,0x124d,0x124c,0x48,0x500c6,0x18,0x124e,0x124c,
0x124d,0x50084,0x18,0x124f,0x124e,0x119,0x500c2,0x18,
0x1250,0x124f,0x32,0x500c6,0x18,0x1251,0x124f,0x1250,
0x500c7,0x18,0x1252,0x1251,0x107,0x40070,0x22,0x1253,
0x1252,0x50085,0x22,0x1254,0x1253,0x14e,0x50080,0x108,
0x1255,0x1239,0x109,0x50051,0x17,0x1256,0x1255,0x0,
0x4007c,0x18,0x1257,0x1256,0x50084,0x18,0x1258,0x1257,
0x115,0x50051,0x17,0x1259,0x1255,0x1,0x4007c,0x18,
0x125a,0x1259,0x50084,0x18,0x125b,0x125a,0x116,0x50080,
0x18,0x125c,0x1258,0x125b,0x50051,0x17,0x125d,0x1255,
0x2,0x4007c,0x18,0x125e,0x125d,0x50084,0x18,0x125f,
0x125e,0x117,0x50080,0x18,0x1260,0x125c,0x125f,0x500c2,
0x18,0x1261,0x1260,0x32,0x500c6,0x18,0x1262,0x1260,
0x1261,0x50084,0x18,0x1263,0x1262,0x118,0x500c2,0x18,
0x1264,0x1263,0x48,0x500c6,0x18,0x1265,0x1263,0x1264,
0x50084,0x18,0x1266,0x1265,0x119,0x500c2,0x18,0x1267,
0x1266,0x32,0x500c6,0x18,0x1268,0x1266,0x1267,0x500c7,
0x18,0x1269,0x1268,0x107,0x40070,0x22,0x126a,0x1269,
0x50085,0x22,0x126b,0x126a,0x14e,0x50080,0x108,0x126c,
0x1239,0x10a,0x50051,0x17,0x126d,0x126c,0x0,0x4007c,
0x18,0x126e,0x126d,0x50084,0x18,0x126f,0x126e,0x115,
0x50051,0x17,0x1270,0x126c,0x1,0x4007c,0x18,0x1271,
0x1270,0x50084,0x18,0x1272,0x1271,0x116,0x50080,0x18,
0x1273,0x126f,0x1272,0x50051,0x17,0x1274,0x126c,0x2,
0x4007c,0x18,0x1275,0x1274,0x50084,0x18,0x1276,0x1275,
0x117,0x50080,0x18,0x1277,0x1273,0x1276,0x500c2,0x18,
0x1278,0x1277,0x32,0x500c6,0x18,0x1279,0x1277,0x1278,
0x50084,0x18,0x127a,0x1279,0x118,0x500c2,0x18,0x127b,
0x127a,0x48,0x500c6,0x18,0x127c,0x127a,0x127b,0x50084,
0x18,0x127d,0x127c,0x119,0x500c2,0x18,0x127e,0x127d,
0x32,0x500c6,0x18,0x127f,0x127d,0x127e,0x500c7,0x18,
0x1280,0x127f,0x107,0x40070,0x22,0x1281,0x1280,0x50085,
0x22,0x1282,0x1281,0x14e,0x50080,0x108,0x1283,0x1239,
0x10b,0x50051,0x17,0x1284,0x1283,0x0,0x4007c,0x18,
0x1285,0x1284,0x50084,0x18,0x1286,0x1285,0x115,0x50051,
0x17,0x1287,0x1283,0x1,0x4007c,0x18,0x1288,0x1287,
0x50084,0x18,0x1289,0x1288,0x116,0x50080,0x18,0x128a,
0x1286,0x1289,0x50051,0x17,0x128b,0x1283,0x2,0x4007c,
0x18,0x128c,0x128b,0x50084,0x18,0x128d,0x128c,0x117,
0x50080,0x18,0x128e,0x128a,0x128d,0x500c2,0x18,0x128f,
0x128e,0x32,0x500c6,0x18,0x1290,0x128e,0x128f,0x50084,
0x18,0x1291,0x1290,0x118,0x500c2,0x18,0x1292,0x1291,
0x48,0x500c6,0x18,0x1293,0x1291,0x1292,0x50084,0x18,
0x1294,0x1293,0x119,0x500c2,0x18,0x1295,0x1294,0x32,
0x500c6,0x18,0x1296,0x1294,0x1295,0x500c7,0x18,0x1297,
0x1296,0x107,0x40070,0x22,0x1298,0x1297,0x50085,0x22,
0x1299,0x1298,0x14e,0x50080,0x108,0x129a,0x1239,0x10c,
0x50051,0x17,0x129b,0x129a,0x0,0x4007c,0x18,0x129c,
0x129b,0x50084,0x18,0x129d,0x129c,0x115,0x50051,0x17,
0x129e,0x129a,0x1,0x4007c,0x18,0x129f,0x129e,0x50084,
0x18,0x12a0,0x129f,0x116,0x50080,0x18,0x12a1,0x129d,
0x12a0,0x50051,0x17,0x12a2,0x129a,0x2,0x4007c,0x18,
0x12a3,0x12a2,0x50084,0x18,0x12a4,0x12a3,0x117,0x50080,
0x18,0x12a5,0x12a1,0x12a4,0x500c2,0x18,0x12a6,0x12a5,
0x32,0x500c6,0x18,0x12a7,0x12a5,0x12a6,0x50084,0x18,
0x12a8,0x12a7,0x118,0x500c2,0x18,0x12a9,0x12a8,0x48,
0x500c6,0x18,0x12aa,0x12a8,0x12a9,0x50084,0x18,0x12ab,
0x12aa,0x119,0x500c2,0x18,0x12ac,0x12ab,0x32,0x500c6,
0x18,0x12ad,0x12ab,0x12ac,0x500c7,0x18,0x12ae,0x12ad,
0x107,0x40070,0x22,0x12af,0x12ae,0x50085,0x22,0x12b0,
0x12af,0x14e,0x50080,0x108,0x12b1,0x1239,0x10d,0x50051,
0x17,0x12b2,0x12b1,0x0,0x4007c,0x18,0x12b3,0x12b2,
0x50084,0x18,0x12b4,0x12b3,0x115,0x50051,0x17,0x12b5,
0x12b1,0x1,0x4007c,0x18,0x12b6,0x12b5,0x50084,0x18,
0x12b7,0x12b6,0x116,0x50080,0x18,0x12b8,0x12b4,0x12b7,
0x50051,0x17,0x12b9,0x12b1,0x2,0x4007c,0x18,0x12ba,
0x12b9,0x50084,0x18,0x12bb,0x12ba,0x117,0x50080,0x18,
0x12bc,0x12b8,0x12bb,0x500c2,0x18,0x12bd,0x12bc,0x32,
0x500c6,0x18,0x12be,0x12bc,0x12bd,0x50084,0x18,0x12bf,
0x12be,0x118,0x500c2,0x18,0x12c0,0x12bf,0x48,0x500c6,
0x18,0x12c1,0x12bf,0x12c0,0x50084,0x18,0x12c2,0x12c1,
0x119,0x500c2,0x18,0x12c3,0x12c2,0x32,0x500c6,0x18,
0x12c4,0x12c2,0x12c3,0x500c7,0x18,0x12c5,0x12c4,0x107,
0x40070,0x22,0x12c6,0x12c5,0x50085,0x22,0x12c7,0x12c6,
0x14e,0x50080,0x108,0x12c8,0x1239,0x10e,0x50051,0x17,
0x12c9,0x12c8,0x0,0x4007c,0x18,0x12ca,0x12c9,0x50084,
0x18,0x12cb,0x12ca,0x115,0x50051,0x17,0x12cc,0x12c8,
0x1,0x4007c,0x18,0x12cd,0x12cc,0x50084,0x18,0x12ce,
0x12cd,0x116,0x50080,0x18,0x12cf,0x12cb,0x12ce,0x50051,
0x17,0x12d0,0x12c8,0x2,0x4007c,0x18,0x12d1,0x12d0,
0x50084,0x18,0x12d2,0x12d1,0x117,0x50080,0x18,0x12d3,
0x12cf,0x12d2,0x500c2,0x18,0x12d4,0x12d3,0x32,0x500c6,
0x18,0x12d5,0x12d3,0x12d4,0x50084,0x18,0x12d6,0x12d5,
0x118,0x500c2,0x18,0x12d7,0x12d6,0x48,0x500c6,0x18,
0x12d8,0x12d6,0x12d7,0x50084,0x18,0x12d9,0x12d8,0x119,
0x500c2,0x18,0x12da,0x12d9,0x32,0x500c6,0x18,0x12db,
0x12d9,0x12da,0x500c7,0x18,0x12dc,0x12db,0x107,0x40070,
0x22,0x12dd,0x12dc,0x50085,0x22,0x12de,0x12dd,0x14e,
0x50080,0x108,0x12df,0x1239,0x10f,0x50051,0x17,0x12e0,
0x12df,0x0,0x4007c,0x18,0x12e1,0x12e0,0x50084,0x18,
0x12e2,0x12e1,0x115,0x50051,0x17,0x12e3,0x12df,0x1,
0x4007c,0x18,0x12e4,0x12e3,0x50084,0x18,0x12e5,0x12e4,
0x116,0x50080,0x18,0x12e6,0x12e2,0x12e5,0x50051,0x17,
0x12e7,0x12df,0x2,0x4007c,0x18,0x12e8,0x12e7,0x50084,
0x18,0x12e9,0x12e8,0x117,0x50080,0x18,0x12ea,0x12e6,
0x12e9,0x500c2,0x18,0x12eb,0x12ea,0x32,0x500c6,0x18,
0x12ec,0x12ea,0x12eb,0x50084,0x18,0x12ed,0x12ec,0x118,
0x500c2,0x18,0x12ee,0x12ed,0x48,0x500c6,0x18,0x12ef,
0x12ed,0x12ee,0x50084,0x18,0x12f0,0x12ef,0x119,0x500c2,
0x18,0x12f1,0x12f0,0x32,0x500c6,0x18,0x12f2,0x12f0,
0x12f1,0x500c7,0x18,0x12f3,0x12f2,0x107,0x40070,0x22,
0x12f4,0x12f3,0x50085,0x22,0x12f5,0x12f4,0x14e,0x50051,
0x22,0x12f6,0x123e,0x0,0x8000c,0x22,0x12f7,0x1,
0x2e,0x1254,0x126b,0x12f6,0x8000c,0x22,0x12f8,0x1,
0x2e,0x1282,0x1299,0x12f6,0x50051,0x22,0x12f9,0x123e,
0x1,0x8000c,0x22,0x12fa,0x1,0x2e,0x12f7,0x12f8,
0x12f9,0x8000c,0x22,0x12fb,0x1,0x2e,0x12b0,0x12c7,
0x12f6,0x8000c,0x22,0x12fc,0x1,0x2e,0x12de,0x12f5,
0x12f6,0x8000c,0x22,0x12fd,0x1,0x2e,0x12fb,0x12fc,
0x12f9,0x50051,0x22,0x12fe,0x123e,0x2,0x8000c,0x22,
0x12ff,0x1,0x2e,0x12fa,0x12fd,0x12fe,0x50085,0x22,
0x1300,0x12ff,0x61,0x5008e,0x36,0x1301,0x1237,0xb5,
0x50081,0x36,0x1302,0x1301,0xb7,0x6000c,0x36,0x1303,
0x1,0x8,0x1302,0x4006e,0x108,0x1304,0x1303,0x6000c,
0x36,0x1305,0x1,0xa,0x1302,0x50085,0x36,0x1306,
0x1305,0x1305,0x5008e,0x36,0x1307,0x1305,0x92,0x50083,
0x36,0x1308,0x91,0x1307,0x50085,0x36,0x1309,0x1306,
0x1308,0x50051,0x17,0x130a,0x1304,0x0,0x4007c,0x18,
0x130b,0x130a,0x50084,0x18,0x130c,0x130b,0x115,0x50051,
0x17,0x130d,0x1304,0x1,0x4007c,0x18,0x130e,0x130d,
0x50084,0x18,0x130f,0x130e,0x116,0x50080,0x18,0x1310,
0x130c,0x130f,0x50051,0x17,0x1311,0x1304,0x2,0x4007c,
0x18,0x1312,0x1311,0x50084,0x18,0x1313,0x1312,0x117,
0x50080,0x18,0x1314,0x1310,0x1313,0x500c2,0x18,0x1315,
0x1314,0x32,0x500c6,0x18,0x1316,0x1314,0x1315,0x50084,
0x18,0x1317,0x1316,0x118,0x500c2,0x18,0x1318,0x1317,
0x48,0x500c6,0x18,0x1319,0x1317,0x1318,0x50084,0x18,
0x131a,0x1319,0x119,0x500c2,0x18,0x131b,0x131a,0x32,
0x500c6,0x18,0x131c,0x131a,0x131b,0x500c7,0x18,0x131d,
0x131c,0x107,0x40070,0x22,0x131e,0x131d,0x50085,0x22,
0x131f,0x131e,0x14e,0x50080,0x108,0x1320,0x1304,0x109,
0x50051,0x17,0x1321,0x1320,0x0,0x4007c,0x18,0x1322,
0x1321,0x50084,0x18,0x1323,0x1322,0x115,0x50051,0x17,
0x1324,0x1320,0x1,0x4007c,0x18,0x1325,0x1324,0x50084,
0x18,0x1326,0x1325,0x116,0x50080,0x18,0x1327,0x1323,
0x1326,0x50051,0x17,0x1328,0x1320,0x2,0x4007c,0x18,
0x1329,0x1328,0x50084,0x18,0x132a,0x1329,0x117,0x50080,
0x18,0x132b,0x1327,0x132a,0x500c2,0x18,0x132c,0x132b,
0x32,0x500c6,0x18,0x132d,0x132b,0x132c,0x50084,0x18,
0x132e,0x132d,0x118,0x500c2,0x18,0x132f,0x132e,0x48,
0x500c6,0x18,0x1330,0x132e,0x132f,0x50084,0x18,0x1331,
0x1330,0x119,0x500c2,0x18,0x1332,0x1331,0x32,0x500c6,
0x18,0x1333,0x1331,0x1332,0x500c7,0x18,0x1334,0x1333,
0x107,0x40070,0x22,0x1335,0x1334,0x50085,0x22,0x1336,
0x1335,0x14e,0x50080,0x108,0x1337,0x1304,0x10a,0x50051,
0x17,0x1338,0x1337,0x0,0x4007c,0x18,0x1339,0x1338,
0x50084,0x18,0x133a,0x1339,0x115,0x50051,0x17,0x133b,
0x1337,0x1,0x4007c,0x18,0x133c,0x133b,0x50084,0x18,
0x133d,0x133c,0x116,0x50080,0x18,0x133e,0x133a,0x133d,
0x50051,0x17,0x133f,0x1337,0x2,0x4007c,0x18,0x1340,
0x133f,0x50084,0x18,0x1341,0x1340,0x117,0x50080,0x18,
0x1342,0x133e,0x1341,0x500c2,0x18,0x1343,0x1342,0x32,
0x500c6,0x18,0x1344,0x1342,0x1343,0x50084,0x18,0x1345,
0x1344,0x118,0x500c2,0x18,0x1346,0x1345,0x48,0x500c6,
0x18,0x1347,0x1345,0x1346,0x50084,0x18,0x1348,0x1347,
0x119,0x500c2,0x18,0x1349,0x1348,0x32,0x500c6,0x18,
0x134a,0x1348,0x1349,0x500c7,0x18,0x134b,0x134a,0x107,
0x40070,0x22,0x134c,0x134b,0x50085,0x22,0x134d,0x134c,
0x14e,0x50080,0x108,0x134e,0x1304,0x10b,0x50051,0x17,
0x134f,0x134e,0x0,0x4007c,0x18,0x1350,0x134f,0x50084,
0x18,0x1351,0x1350,0x115,0x50051,0x17,0x1352,0x134e,
0x1,0x4007c,0x18,0x1353,0x1352,0x50084,0x18,0x1354,
0x1353,0x116,0x50080,0x18,0x1355,0x1351,0x1354,0x50051,
0x17,0x1356,0x134e,0x2,0x4007c,0x18,0x1357,0x1356,
0x50084,0x18,0x1358,0x1357,0x117,0x50080,0x18,0x1359,
0x1355,0x1358,0x500c2,0x18,0x135a,0x1359,0x32,0x500c6,
0x18,0x135b,0x1359,0x135a,0x50084,0x18,0x135c,0x135b,
0x118,0x500c2,0x18,0x135d,0x135c,0x48,0x500c6,0x18,
0x135e,0x135c,0x135d,0x50084,0x18,0x135f,0x135e,0x119,
0x500c2,0x18,0x1360,0x135f,0x32,0x500c6,0x18,0x1361,
0x135f,0x1360,0x500c7,0x18,0x1362,0x1361,0x107,0x40070,
0x22,0x1363,0x1362,0x50085,0x22,0x1364,0x1363,0x14e,
0x50080,0x108,0x1365,0x1304,0x10c,0x50051,0x17,0x1366,
0x1365,0x0,0x4007c,0x18,0x1367,0x1366,0x50084,0x18,
0x1368,0x1367,0x115,0x50051,0x17,0x1369,0x1365,0x1,
0x4007c,0x18,0x136a,0x1369,0x50084,0x18,0x136b,0x136a,
0x116,0x50080,0x18,0x136c,0x1368,0x136b,0x50051,0x17,
0x136d,0x1365,0x2,0x4007c,0x18,0x136e,0x136d,0x50084,
0x18,0x136f,0x136e,0x117,0x50080,0x18,0x1370,0x136c,
0x136f,0x500c2,0x18,0x1371,0x1370,0x32,0x500c6,0x18,
0x1372,0x1370,0x1371,0x50084,0x18,0x1373,0x1372,0x118,
0x500c2,0x18,0x1374,0x1373,0x48,0x500c6,0x18,0x1375,
0x1373,0x1374,0x50084,0x18,0x1376,0x1375,0x119,0x500c2,
0x18,0x1377,0x1376,0x32,0x500c6,0x18,0x1378,0x1376,
0x1377,0x500c7,0x18,0x1379,0x1378,0x107,0x40070,0x22,
0x137a,0x1379,0x50085,0x22,0x137b,0x137a,0x14e,0x50080,
0x108,0x137c,0x1304,0x10d,0x50051,0x17,0x137d,0x137c,
0x0,0x4007c,0x18,0x137e,0x137d,0x50084,0x18,0x137f,
0x137e,0x115,0x50051,0x17,0x1380,0x137c,0x1,0x4007c,
0x18,0x1381,0x1380,0x50084,0x18,0x1382,0x1381,0x116,
0x50080,0x18,0x1383,0x137f,0x1382,0x50051,0x17,0x1384,
0x137c,0x2,0x4007c,0x18,0x1385,0x1384,0x50084,0x18,
0x1386,0x1385,0x117,0x50080,0x18,0x1387,0x1383,0x1386,
0x500c2,0x18,0x1388,0x1387,0x32,0x500c6,0x18,0x1389,
0x1387,0x1388,0x50084,0x18,0x138a,0x1389,0x118,0x500c2,
0x18,0x138b,0x138a,0x48,0x500c6,0x18,0x138c,0x138a,
0x138b,0x50084,0x18,0x138d,0x138c,0x119,0x500c2,0x18,
0x138e,0x138d,0x32,0x500c6,0x18,0x138f,0x138d,0x138e,
0x500c7,0x18,0x1390,0x138f,0x107,0x40070,0x22,0x1391,
0x1390,0x50085,0x22,0x1392,0x1391,0x14e,0x50080,0x108,
0x1393,0x1304,0x10e,0x50051,0x17,0x1394,0x1393,0x0,
0x4007c,0x18,0x1395,0x1394,0x50084,0x18,0x1396,0x1395,
0x115,0x50051,0x17,0x1397,0x1393,0x1,0x4007c,0x18,
0x1398,0x1397,0x50084,0x18,0x1399,0x1398,0x116,0x50080,
0x18,0x139a,0x1396,0x1399,0x50051,0x17,0x139b,0x1393,
0x2,0x4007c,0x18,0x139c,0x139b,0x50084,0x18,0x139d,
0x139c,0x117,0x50080,0x18,0x139e,0x139a,0x139d,0x500c2,
0x18,0x139f,0x139e,0x32,0x500c6,0x18,0x13a0,0x139e,
0x139f,0x50084,0x18,0x13a1,0x13a0,0x118,0x500c2,0x18,
0x13a2,0x13a1,0x48,0x500c6,0x18,0x13a3,0x13a1,0x13a2,
0x50084,0x18,0x13a4,0x13a3,0x119,0x500c2,0x18,0x13a5,
0x13a4,0x32,0x500c6,0x18,0x13a6,0x13a4,0x13a5,0x500c7,
0x18,0x13a7,0x13a6,0x107,0x40070,0x22,0x13a8,0x13a7,
0x50085,0x22,0x13a9,0x13a8,0x14e,0x50080,0x108,0x13aa,
0x1304,0x10f,0x50051,0x17,0x13ab,0x13aa,0x0,0x4007c,
0x18,0x13ac,0x13ab,0x50084,0x18,0x13ad,0x13ac,0x115,
0x50051,0x17,0x13ae,0x13aa,0x1,0x4007c,0x18,0x13af,
0x13ae,0x50084,0x18,0x13b0,0x13af,0x116,0x50080,0x18,
0x13b1,0x13ad,0x13b0,0x50051,0x17,0x13b2,0x13aa,0x2,
0x4007c,0x18,0x13b3,0x13b2,0x50084,0x18,0x13b4,0x13b3,
0x117,0x50080,0x18,0x13b5,0x13b1,0x13b4,0x500c2,0x18,
0x13b6,0x13b5,0x32,0x500c6,0x18,0x13b7,0x13b5,0x13b6,
0x50084,0x18,0x13b8,0x13b7,0x118,0x500c2,0x18,0x13b9,
0x13b8,0x48,0x500c6,0x18,0x13ba,0x13b8,0x13b9,0x50084,
0x18,0x13bb,0x13ba,0x119,0x500c2,0x18,0x13bc,0x13bb,
0x32,0x500c6,0x18,0x13bd,0x13bb,0x13bc,0x500c7,0x18,
0x13be,0x13bd,0x107,0x40070,0x22,0x13bf,0x13be,0x50085,
0x22,0x13c0,0x13bf,0x14e,0x50051,0x22,0x13c1,0x1309,
0x0,0x8000c,0x22,0x13c2,0x1,0x2e,0x131f,0x1336,
0x13c1,0x8000c,0x22,0x13c3,0x1,0x2e,0x134d,0x1364,
0x13c1,0x50051,0x22,0x13c4,0x1309,0x1,0x8000c,0x22,
0x13c5,0x1,0x2e,0x13c2,0x13c3,0x13c4,0x8000c,0x22,
0x13c6,0x1,0x2e,0x137b,0x1392,0x13c1,0x8000c,0x22,
0x13c7,0x1,0x2e,0x13a9,0x13c0,0x13c1,0x8000c,0x22,
0x13c8,0x1,0x2e,0x13c6,0x13c7,0x13c4,0x50051,0x22,
0x13c9,0x1309,0x2,0x8000c,0x22,0x13ca,0x1,0x2e,
0x13c5,0x13c8,0x13c9,0x50085,0x22,0x13cb,0x13ca,0xb8,
0x50081,0x22,0x13cc,0x1300,0x13cb,0x5008e,0x36,0x13cd,
0x1237,0xb9,0x50083,0x36,0x13ce,0x13cd,0xbb,0x6000c,
0x36,0x13cf,0x1,0x8,0x13ce,0x4006e,0x108,0x13d0,
0x13cf,0x6000c,0x36,0x13d1,0x1,0xa,0x13ce,0x50085,
0x36,0x13d2,0x13d1,0x13d1,0x5008e,0x36,0x13d3,0x13d1,
0x92,0x50083,0x36,0x13d4,0x91,0x13d3,0x50085,0x36,
0x13d5,0x13d2,0x13d4,0x50051,0x17,0x13d6,0x13d0,0x0,
0x4007c,0x18,0x13d7,0x13d6,0x50084,0x18,0x13d8,0x13d7,
0x115,0x50051,0x17,0x13d9,0x13d0,0x1,0x4007c,0x18,
0x13da,0x13d9,0x50084,0x18,0x13db,0x13da,0x116,0x50080,
0x18,0x13dc,0x13d8,0x13db,0x50051,0x17,0x13dd,0x13d0,
0x2,0x4007c,0x18,0x13de,0x13dd,0x50084,0x18,0x13df,
0x13de,0x117,0x50080,0x18,0x13e0,0x13dc,0x13df,0x500c2,
0x18,0x13e1,0x13e0,0x32,0x500c6,0x18,0x13e2,0x13e0,
0x13e1,0x50084,0x18,0x13e3,0x13e2,0x118,0x500c2,0x18,
0x13e4,0x13e3,0x48,0x500c6,0x18,0x13e5,0x13e3,0x13e4,
0x50084,0x18,0x13e6,0x13e5,0x119,0x500c2,0x18,0x13e7,
0x13e6,0x32,0x500c6,0x18,0x13e8,0x13e6,0x13e7,0x500c7,
0x18,0x13e9,0x13e8,0x107,0x40070,0x22,0x13ea,0x13e9,
0x50085,0x22,0x13eb,0x13ea,0x14e,0x50080,0x108,0x13ec,
0x13d0,0x109,0x50051,0x17,0x13ed,0x13ec,0x0,0x4007c,
0x18,0x13ee,0x13ed,0x50084,0x18,0x13ef,0x13ee,0x115,
0x50051,0x17,0x13f0,0x13ec,0x1,0x4007c,0x18,0x13f1,
0x13f0,0x50084,0x18,0x13f2,0x13f1,0x116,0x50080,0x18,
0x13f3,0x13ef,0x13f2,0x50051,0x17,0x13f4,0x13ec,0x2,
0x4007c,0x18,0x13f5,0x13f4,0x50084,0x18,0x13f6,0x13f5,
0x117,0x50080,0x18,0x13f7,0x13f3,0x13f6,0x500c2,0x18,
0x13f8,0x13f7,0x32,0x500c6,0x18,0x13f9,0x13f7,0x13f8,
0x50084,0x18,0x13fa,0x13f9,0x118,0x500c2,0x18,0x13fb,
0x13fa,0x48,0x500c6,0x18,0x13fc,0x13fa,0x13fb,0x50084,
0x18,0x13fd,0x13fc,0x119,0x500c2,0x18,0x13fe,0x13fd,
0x32,0x500c6,0x18,0x13ff,0x13fd,0x13fe,0x500c7,0x18,
0x1400,0x13ff,0x107,0x40070,0x22,0x1401,0x1400,0x50085,
0x22,0x1402,0x1401,0x14e,0x50080,0x108,0x1403,0x13d0,
0x10a,0x50051,0x17,0x1404,0x1403,0x0,0x4007c,0x18,
0x1405,0x1404,0x50084,0x18,0x1406,0x1405,0x115,0x50051,
0x17,0x1407,0x1403,0x1,0x4007c,0x18,0x1408,0x1407,
0x50084,0x18,0x1409,0x1408,0x116,0x50080,0x18,0x140a,
0x1406,0x1409,0x50051,0x17,0x140b,0x1403,0x2,0x4007c,
0x18,0x140c,0x140b,0x50084,0x18,0x140d,0x140c,0x117,
0x50080,0x18,0x140e,0x140a,0x140d,0x500c2,0x18,0x140f,
0x140e,0x32,0x500c6,0x18,0x1410,0x140e,0x140f,0x50084,
0x18,0x1411,0x1410,0x118,0x500c2,0x18,0x1412,0x1411,
0x48,0x500c6,0x18,0x1413,0x1411,0x1412,0x50084,0x18,
0x1414,0x1413,0x119,0x500c2,0x18,0x1415,0x1414,0x32,
0x500c6,0x18,0x1416,0x1414,0x1415,0x500c7,0x18,0x1417,
0x1416,0x107,0x40070,0x22,0x1418,0x1417,0x50085,0x22,
0x1419,0x1418,0x14e,0x50080,0x108,0x141a,0x13d0,0x10b,
0x50051,0x17,0x141b,0x141a,0x0,0x4007c,0x18,0x141c,
0x141b,0x50084,0x18,0x141d,0x141c,0x115,0x50051,0x17,
0x141e,0x141a,0x1,0x4007c,0x18,0x141f,0x141e,0x50084,
0x18,0x1420,0x141f,0x116,0x50080,0x18,0x1421,0x141d,
0x1420,0x50051,0x17,0x1422,0x141a,0x2,0x4007c,0x18,
0x1423,0x1422,0x50084,0x18,0x1424,0x1423,0x117,0x50080,
0x18,0x1425,0x1421,0x1424,0x500c2,0x18,0x1426,0x1425,
0x32,0x500c6,0x18,0x1427,0x1425,0x1426,0x50084,0x18,
0x1428,0x1427,0x118,0x500c2,0x18,0x1429,0x1428,0x48,
0x500c6,0x18,0x142a,0x1428,0x1429,0x50084,0x18,0x142b,
0x142a,0x119,0x500c2,0x18,0x142c,0x142b,0x32,0x500c6,
0x18,0x142d,0x142b,0x142c,0x500c7,0x18,0x142e,0x142d,
0x107,0x40070,0x22,0x142f,0x142e,0x50085,0x22,0x1430,
0x142f,0x14e,0x50080,0x108,0x1431,0x13d0,0x10c,0x50051,
0x17,0x1432,0x1431,0x0,0x4007c,0x18,0x1433,0x1432,
0x50084,0x18,0x1434,0x1433,0x115,0x50051,0x17,0x1435,
0x1431,0x1,0x4007c,0x18,0x1436,0x1435,0x50084,0x18,
0x1437,0x1436,0x116,0x50080,0x18,0x1438,0x1434,0x1437,
0x50051,0x17,0x1439,0x1431,0x2,0x4007c,0x18,0x143a,
0x1439,0x50084,0x18,0x143b,0x143a,0x117,0x50080,0x18,
0x143c,0x1438,0x143b,0x500c2,0x18,0x143d,0x143c,0x32,
0x500c6,0x18,0x143e,0x143c,0x143d,0x50084,0x18,0x143f,
0x143e,0x118,0x500c2,0x18,0x1440,0x143f,0x48,0x500c6,
0x18,0x1441,0x143f,0x1440,0x50084,0x18,0x1442,0x1441,
0x119,0x500c2,0x18,0x1443,0x1442,0x32,0x500c6,0x18,
0x1444,0x1442,0x1443,0x500c7,0x18,0x1445,0x1444,0x107,
0x40070,0x22,0x1446,0x1445,0x50085,0x22,0x1447,0x1446,
0x14e,0x50080,0x108,0x1448,0x13d0,0x10d,0x50051,0x17,
0x1449,0x1448,0x0,0x4007c,0x18,0x144a,0x1449,0x50084,
0x18,0x144b,0x144a,0x115,0x50051,0x17,0x144c,0x1448,
0x1,0x4007c,0x18,0x144d,0x144c,0x50084,0x18,0x144e,
0x144d,0x116,0x50080,0x18,0x144f,0x144b,0x144e,0x50051,
0x17,0x1450,0x1448,0x2,0x4007c,0x18,0x1451,0x1450,
0x50084,0x18,0x1452,0x1451,0x117,0x50080,0x18,0x1453,
0x144f,0x1452,0x500c2,0x18,0x1454,0x1453,0x32,0x500c6,
0x18,0x1455,0x1453,0x1454,0x50084,0x18,0x1456,0x1455,
0x118,0x500c2,0x18,0x1457,0x1456,0x48,0x500c6,0x18,
0x1458,0x1456,0x1457,0x50084,0x18,0x1459,0x1458,0x119,
0x500c2,0x18,0x145a,0x1459,0x32,0x500c6,0x18,0x145b,
0x1459,0x145a,0x500c7,0x18,0x145c,0x145b,0x107,0x40070,
0x22,0x145d,0x145c,0x50085,0x22,0x145e,0x145d,0x14e,
0x50080,0x108,0x145f,0x13d0,0x10e,0x50051,0x17,0x1460,
0x145f,0x0,0x4007c,0x18,0x1461,0x1460,0x50084,0x18,
0x1462,0x1461,0x115,0x50051,0x17,0x1463,0x145f,0x1,
0x4007c,0x18,0x1464,0x1463,0x50084,0x18,0x1465,0x1464,
0x116,0x50080,0x18,0x1466,0x1462,0x1465,0x50051,0x17,
0x1467,0x145f,0x2,0x4007c,0x18,0x1468,0x1467,0x50084,
0x18,0x1469,0x1468,0x117,0x50080,0x18,0x146a,0x1466,
0x1469,0x500c2,0x18,0x146b,0x146a,0x32,0x500c6,0x18,
0x146c,0x146a,0x146b,0x50084,0x18,0x146d,0x146c,0x118,
0x500c2,0x18,0x146e,0x146d,0x48,0x500c6,0x18,0x146f,
0x146d,0x146e,0x50084,0x18,0x1470,0x146f,0x119,0x500c2,
0x18,0x1471,0x1470,0x32,0x500c6,0x18,0x1472,0x1470,
0x1471,0x500c7,0x18,0x1473,0x1472,0x107,0x40070,0x22,
0x1474,0x1473,0x50085,0x22,0x1475,0x1474,0x14e,0x50080,
0x108,0x1476,0x13d0,0x10f,0x50051,0x17,0x1477,0x1476,
0x0,0x4007c,0x18,0x1478,0x1477,0x50084,0x18,0x1479,
0x1478,0x115,0x50051,0x17,0x147a,0x1476,0x1,0x4007c,
0x18,0x147b,0x147a,0x50084,0x18,0x147c,0x147b,0x116,
0x50080,0x18,0x147d,0x1479,0x147c,0x50051,0x17,0x147e,
0x1476,0x2,0x4007c,0x18,0x147f,0x147e,0x50084,0x18,
0x1480,0x147f,0x117,0x50080,0x18,0x1481,0x147d,0x1480,
0x500c2,0x18,0x1482,0x1481,0x32,0x500c6,0x18,0x1483,
0x1481,0x1482,0x50084,0x18,0x1484,0x1483,0x118,0x500c2,
0x18,0x1485,0x1484,0x48,0x500c6,0x18,0x1486,0x1484,
0x1485,0x50084,0x18,0x1487,0x1486,0x119,0x500c2,0x18,
0x1488,0x1487,0x32,0x500c6,0x18,0x1489,0x1487,0x1488,
0x500c7,0x18,0x148a,0x1489,0x107,0x40070,0x22,0x148b,
0x148a,0x50085,0x22,0x148c,0x148b,0x14e,0x50051,0x22,
0x148d,0x13d5,0x0,0x8000c,0x22,0x148e,0x1,0x2e,
0x13eb,0x1402,0x148d,0x8000c,0x22,0x148f,0x1,0x2e,
0x1419,0x1430,0x148d,0x50051,0x22,0x1490,0x13d5,0x1,
0x8000c,0x22,0x1491,0x1,0x2e,0x148e,0x148f,0x1490,
0x8000c,0x22,0x1492,0x1,0x2e,0x1447,0x145e,0x148d,
0x8000c,0x22,0x1493,0x1,0x2e,0x1475,0x148c,0x148d,
0x8000c,0x22,0x1494,0x1,0x2e,0x1492,0x1493,0x1490,
0x50051,0x22,0x1495,0x13d5,0x2,0x8000c,0x22,0x1496,
0x1,0x2e,0x1491,0x1494,0x1495,0x50085,0x22,0x1497,
0x1496,0xbc,0x50081,0x22,0x1498,0x13cc,0x1497,0x5008e,
0x36,0x1499,0x1237,0xbd,0x50081,0x36,0x149a,0x1499,
0xbf,0x6000c,0x36,0x149b,0x1,0x8,0x149a,0x4006e,
0x108,0x149c,0x149b,0x6000c,0x36,0x149d,0x1,0xa,
0x149a,0x50085,0x36,0x149e,0x149d,0x149d,0x5008e,0x36,
0x149f,0x149d,0x92,0x50083,0x36,0x14a0,0x91,0x149f,
0x50085,0x36,0x14a1,0x149e,0x14a0,0x50051,0x17,0x14a2,
0x149c,0x0,0x4007c,0x18,0x14a3,0x14a2,0x50084,0x18,
0x14a4,0x14a3,0x115,0x50051,0x17,0x14a5,0x149c,0x1,
0x4007c,0x18,0x14a6,0x14a5,0x50084,0x18,0x14a7,0x14a6,
0x116,0x50080,0x18,0x14a8,0x14a4,0x14a7,0x50051,0x17,
0x14a9,0x149c,0x2,0x4007c,0x18,0x14aa,0x14a9,0x50084,
0x18,0x14ab,0x14aa,0x117,0x50080,0x18,0x14ac,0x14a8,
0x14ab,0x500c2,0x18,0x14ad,0x14ac,0x32,0x500c6,0x18,
0x14ae,0x14ac,0x14ad,0x50084,0x18,0x14af,0x14ae,0x118,
0x500c2,0x18,0x14b0,0x14af,0x48,0x500c6,0x18,0x14b1,
0x14af,0x14b0,0x50084,0x18,0x14b2,0x14b1,0x119,0x500c2,
0x18,0x14b3,0x14b2,0x32,0x500c6,0x18,0x14b4,0x14b2,
0x14b3,0x500c7,0x18,0x14b5,0x14b4,0x107,0x40070,0x22,
0x14b6,0x14b5,0x50085,0x22,0x14b7,0x14b6,0x14e,0x50080,
0x108,0x14b8,0x149c,0x109,0x50051,0x17,0x14b9,0x14b8,
0x0,0x4007c,0x18,0x14ba,0x14b9,0x50084,0x18,0x14bb,
0x14ba,0x115,0x50051,0x17,0x14bc,0x14b8,0x1,0x4007c,
0x18,0x14bd,0x14bc,0x50084,0x18,0x14be,0x14bd,0x116,
0x50080,0x18,0x14bf,0x14bb,0x14be,0x50051,0x17,0x14c0,
0x14b8,0x2,0x4007c,0x18,0x14c1,0x14c0,0x50084,0x18,
0x14c2,0x14c1,0x117,0x50080,0x18,0x14c3,0x14bf,0x14c2,
0x500c2,0x18,0x14c4,0x14c3,0x32,0x500c6,0x18,0x14c5,
0x14c3,0x14c4,0x50084,0x18,0x14c6,0x14c5,0x118,0x500c2,
0x18,0x14c7,0x14c6,0x48,0x500c6,0x18,0x14c8,0x14c6,
0x14c7,0x50084,0x18,0x14c9,0x14c8,0x119,0x500c2,0x18,
0x14ca,0x14c9,0x32,0x500c6,0x18,0x14cb,0x14c9,0x14ca,
0x500c7,0x18,0x14cc,0x14cb,0x107,0x40070,0x22,0x14cd,
0x14cc,0x50085,0x22,0x14ce,0x14cd,0x14e,0x50080,0x108,
0x14cf,0x149c,0x10a,0x50051,0x17,0x14d0,0x14cf,0x0,
0x4007c,0x18,0x14d1,0x14d0,0x50084,0x18,0x14d2,0x14d1,
0x115,0x50051,0x17,0x14d3,0x14cf,0x1,0x4007c,0x18,
0x14d4,0x14d3,0x50084,0x18,0x14d5,0x14d4,0x116,0x50080,
0x18,0x14d6,0x14d2,0x14d5,0x50051,0x17,0x14d7,0x14cf,
0x2,0x4007c,0x18,0x14d8,0x14d7,0x50084,0x18,0x14d9,
0x14d8,0x117,0x50080,0x18,0x14da,0x14d6,0x14d9,0x500c2,
0x18,0x14db,0x14da,0x32,0x500c6,0x18,0x14dc,0x14da,
0x14db,0x50084,0x18,0x14dd,0x14dc,0x118,0x500c2,0x18,
0x14de,0x14dd,0x48,0x500c6,0x18,0x14df,0x14dd,0x14de,
0x50084,0x18,0x14e0,0x14df,0x119,0x500c2,0x18,0x14e1,
0x14e0,0x32,0x500c6,0x18,0x14e2,0x14e0,0x14e1,0x500c7,
0x18,0x14e3,0x14e2,0x107,0x40070,0x22,0x14e4,0x14e3,
0x50085,0x22,0x14e5,0x14e4,0x14e,0x50080,0x108,0x14e6,
0x149c,0x10b,0x50051,0x17,0x14e7,0x14e6,0x0,0x4007c,
0x18,0x14e8,0x14e7,0x50084,0x18,0x14e9,0x14e8,0x115,
0x50051,0x17,0x14ea,0x14e6,0x1,0x4007c,0x18,0x14eb,
0x14ea,0x50084,0x18,0x14ec,0x14eb,0x116,0x50080,0x18,
0x14ed,0x14e9,0x14ec,0x50051,0x17,0x14ee,0x14e6,0x2,
0x4007c,0x18,0x14ef,0x14ee,0x50084,0x18,0x14f0,0x14ef,
0x117,0x50080,0x18,0x14f1,0x14ed,0x14f0,0x500c2,0x18,
0x14f2,0x14f1,0x32,0x500c6,0x18,0x14f3,0x14f1,0x14f2,
0x50084,0x18,0x14f4,0x14f3,0x118,0x500c2,0x18,0x14f5,
0x14f4,0x48,0x500c6,0x18,0x14f6,0x14f4,0x14f5,0x50084,
0x18,0x14f7,0x14f6,0x119,0x500c2,0x18,0x14f8,0x14f7,
0x32,0x500c6,0x18,0x14f9,0x14f7,0x14f8,0x500c7,0x18,
0x14fa,0x14f9,0x107,0x40070,0x22,0x14fb,0x14fa,0x50085,
0x22,0x14fc,0x14fb,0x14e,0x50080,0x108,0x14fd,0x149c,
0x10c,0x50051,0x17,0x14fe,0x14fd,0x0,0x4007c,0x18,
0x14ff,0x14fe,0x50084,0x18,0x1500,0x14ff,0x115,0x50051,
0x17,0x1501,0x14fd,0x1,0x4007c,0x18,0x1502,0x1501,
0x50084,0x18,0x1503,0x1502,0x116,0x50080,0x18,0x1504,
0x1500,0x1503,0x50051,0x17,0x1505,0x14fd,0x2,0x4007c,
0x18,0x1506,0x1505,0x50084,0x18,0x1507,0x1506,0x117,
0x50080,0x18,0x1508,0x1504,0x1507,0x500c2,0x18,0x1509,
0x1508,0x32,0x500c6,0x18,0x150a,0x1508,0x1509,0x50084,
0x18,0x150b,0x150a,0x118,0x500c2,0x18,0x150c,0x150b,
0x48,0x500c6,0x18,0x150d,0x150b,0x150c,0x50084,0x18,
0x150e,0x150d,0x119,0x500c2,0x18,0x150f,0x150e,0x32,
0x500c6,0x18,0x1510,0x150e,0x150f,0x500c7,0x18,0x1511,
0x1510,0x107,0x40070,0x22,0x1512,0x1511,0x50085,0x22,
0x1513,0x1512,0x14e,0x50080,0x108,0x1514,0x149c,0x10d,
0x50051,0x17,0x1515,0x1514,0x0,0x4007c,0x18,0x1516,
0x1515,0x50084,0x18,0x1517,0x1516,0x115,0x50051,0x17,
0x1518,0x1514,0x1,0x4007c,0x18,0x1519,0x1518,0x50084,
0x18,0x151a,0x1519,0x116,0x50080,0x18,0x151b,0x1517,
0x151a,0x50051,0x17,0x151c,0x1514,0x2,0x4007c,0x18,
0x151d,0x151c,0x50084,0x18,0x151e,0x151d,0x117,0x50080,
0x18,0x151f,0x151b,0x151e,0x500c2,0x18,0x1520,0x151f,
0x32,0x500c6,0x18,0x1521,0x151f,0x1520,0x50084,0x18,
0x1522,0x1521,0x118,0x500c2,0x18,0x1523,0x1522,0x48,
0x500c6,0x18,0x1524,0x1522,0x1523,0x50084,0x18,0x1525,
0x1524,0x119,0x500c2,0x18,0x1526,0x1525,0x32,0x500c6,
0x18,0x1527,0x1525,0x1526,0x500c7,0x18,0x1528,0x1527,
0x107,0x40070,0x22,0x1529,0x1528,0x50085,0x22,0x152a,
0x1529,0x14e,0x50080,0x108,0x152b,0x149c,0x10e,0x50051,
0x17,0x152c,0x152b,0x0,0x4007c,0x18,0x152d,0x152c,
0x50084,0x18,0x152e,0x152d,0x115,0x50051,0x17,0x152f,
0x152b,0x1,0x4007c,0x18,0x1530,0x152f,0x50084,0x18,
0x1531,0x1530,0x116,0x50080,0x18,0x1532,0x152e,0x1531,
0x50051,0x17,0x1533,0x152b,0x2,0x4007c,0x18,0x1534,
0x1533,0x50084,0x18,0x1535,0x1534,0x117,0x50080,0x18,
0x1536,0x1532,0x1535,0x500c2,0x18,0x1537,0x1536,0x32,
0x500c6,0x18,0x1538,0x1536,0x1537,0x50084,0x18,0x1539,
0x1538,0x118,0x500c2,0x18,0x153a,0x1539,0x48,0x500c6,
0x18,0x153b,0x1539,0x153a,0x50084,0x18,0x153c,0x153b,
0x119,0x500c2,0x18,0x153d,0x153c,0x32,0x500c6,0x18,
0x153e,0x153c,0x153d,0x500c7,0x18,0x153f,0x153e,0x107,
0x40070,0x22,0x1540,0x153f,0x50085,0x22,0x1541,0x1540,
0x14e,0x50080,0x108,0x1542,0x149c,0x10f,0x50051,0x17,
0x1543,0x1542,0x0,0x4007c,0x18,0x1544,0x1543,0x50084,
0x18,0x1545,0x1544,0x115,0x50051,0x17,0x1546,0x1542,
0x1,0x4007c,0x18,0x1547,0x1546,0x50084,0x18,0x1548,
0x1547,0x116,0x50080,0x18,0x1549,0x1545,0x1548,0x50051,
0x17,0x154a,0x1542,0x2,0x4007c,0x18,0x154b,0x154a,
0x50084,0x18,0x154c,0x154b,0x117,0x50080,0x18,0x154d,
0x1549,0x154c,0x500c2,0x18,0x154e,0x154d,0x32,0x500c6,
0x18,0x154f,0x154d,0x154e,0x50084,0x18,0x1550,0x154f,
0x118,0x500c2,0x18,0x1551,0x1550,0x48,0x500c6,0x18,
0x1552,0x1550,0x1551,0x50084,0x18,0x1553,0x1552,0x119,
0x500c2,0x18,0x1554,0x1553,0x32,0x500c6,0x18,0x1555,
0x1553,0x1554,0x500c7,0x18,0x1556,0x1555,0x107,0x40070,
0x22,0x1557,0x1556,0x50085,0x22,0x1558,0x1557,0x14e,
0x50051,0x22,0x1559,0x14a1,0x0,0x8000c,0x22,0x155a,
0x1,0x2e,0x14b7,0x14ce,0x1559,0x8000c,0x22,0x155b,
0x1,0x2e,0x14e5,0x14fc,0x1559,0x50051,0x22,0x155c,
0x14a1,0x1,0x8000c,0x22,0x155d,0x1,0x2e,0x155a,
0x155b,0x155c,0x8000c,0x22,0x155e,0x1,0x2e,0x1513,
0x152a,0x1559,0x8000c,0x22,0x155f,0x1,0x2e,0x1541,
0x1558,0x1559,0x8000c,0x22,0x1560,0x1,0x2e,0x155e,
0x155f,0x155c,0x50051,0x22,0x1561,0x14a1,0x2,0x8000c,
0x22,0x1562,0x1,0x2e,0x155d,0x1560,0x1561,0x50085,
0x22,0x1563,0x1562,0xc0,0x50081,0x22,0x1564,0x1498,
0x1563,0x50083,0x22,0x1565,0x1564,0xb8,0x50085,0x22,
0x1566,0x1565,0x92,0x8000c,0x22,0x1567,0x1,0x2b,
0x1566,0x23,0x70,0x50085,0x22,0x1568,0x1567,0x80,
0x400d1,0x22,0x1569,0x1568,0x8000c,0x22,0x156a,0x1,
0x2b,0x1569,0xa8,0x70,0x6000c,0x22,0x156b,0x1,
0x8,0x1568,0x50085,0x22,0x156c,0x156a,0x61,0x50083,
0x22,0x156d,0x61,0x156c,0x50081,0x22,0x156e,0x61,
0x156c,0x6000c,0x22,0x156f,0x1,0xa,0x1568,0x8000c,
0x22,0x1570,0x1,0x31,0x156d,0x156e,0x156f,0x50081,
0x22,0x1571,0x156b,0x1570,0x50085,0x22,0x1572,0x1571,
0x143,0x60050,0x36,0x1573,0x1572,0x1572,0x1572,0x8000c,
0x36,0x1574,0x1,0x2e,0x162,0x163,0x1573,0x8004f,
0x36,0x1575,0xfd0,0xfd0,0x0,0x1,0x2,0x50051,
0x22,0x1576,0xfd0,0x3,0x50083,0x22,0x1577,0x70,
0x1576,0x7000c,0x22,0x1578,0x1,0x50,0xa51,0x1577,
0x60050,0x36,0x1579,0x1578,0x1578,0x1578,0x8000c,0x36,
0x157a,0x1,0x2e,0x1575,0x1574,0x1579,0x50051,0x22,
0x157b,0x157a,0x0,0x50051,0x22,0x157c,0x157a,0x1,
0x50051,0x22,0x157d,0x157a,0x2,0x70050,0x34,0x157e,
0x157b,0x157c,0x157d,0x70,0x200f9,0x46f,0x200f8,0x46f,
0x900f5,0x34,0x157f,0xa2b,0xa2e,0xfd0,0xfd6,0x157e,
0xfd2,0x200f9,0x164,0x200f8,0x46d,0x500c7,0x18,0x1580,
0x169,0x59,0x500ab,0x20,0x1581,0x1580,0x19,0x300f7,
0x1582,0x0,0x400fa,0x1581,0x1583,0x1582,0x200f8,0x1583,
0x7004f,0x28,0x1584,0x15d,0x15d,0x1,0x2,0x50080,
0x28,0x1585,0x1584,0x29,0x500b8,0x12b,0x1586,0x2ac,
0x25,0x4009a,0x20,0x1587,0x1586,0x400a8,0x20,0x1588,
0x1587,0x300f7,0x1589,0x0,0x400fa,0x1588,0x158a,0x1589,
0x200f8,0x158a,0x40070,0x24,0x158b,0x1585,0x500be,0x12b,
0x158c,0x2ac,0x158b,0x4009a,0x20,0x158d,0x158c,0x200f9,
0x1589,0x200f8,0x1589,0x700f5,0x20,0x158e,0x26,0x1583,
0x158d,0x158a,0x300f7,0x158f,0x0,0x400fa,0x158e,0x1590,
0x158f,0x200f8,0x1590,0x100fc,0x200f8,0x158f,0x6000c,0x24,
0x1591,0x1,0x8,0x2ac,0x4006d,0x28,0x1592,0x1591,
0x50051,0x18,0x1593,0x1592,0x1,0x50051,0x18,0x1594,
0x1585,0x0,0x50080,0x18,0x1595,0x1594,0x2e,0x500c7,
0x18,0x1596,0x1595,0x135,0x50084,0x18,0x1597,0x1593,
0x1596,0x50051,0x18,0x1598,0x1592,0x0,0x50080,0x18,
0x1599,0x1597,0x1598,0x50051,0x18,0x159a,0x15d,0x0,
0x50086,0x18,0x159b,0x1599,0x1f,0x50080,0x18,0x159c,
0x159a,0x159b,0x60041,0x12a,0x159d,0x14,0x1c,0x159c,
0x4003d,0x18,0x159e,0x159d,0x500c7,0x18,0x159f,0x1599,
0x2e,0x50084,0x18,0x15a0,0x159f,0x2a,0x500c7,0x18,
0x15a1,0x15a0,0x2d,0x500c2,0x18,0x15a2,0x159e,0x15a1,
0x500c7,0x18,0x15a3,0x15a2,0x2f,0x500aa,0x20,0x15a4,
0x15a3,0x19,0x300f7,0x15a5,0x0,0x400fa,0x15a4,0x15a6,
0x15a5,0x200f8,0x15a6,0x100fc,0x200f8,0x15a5,0x50051,0x22,
0x15a7,0x158,0x3,0x40070,0x22,0x15a8,0x15a3,0x50085,
0x22,0x15a9,0x15a8,0x137,0x50085,0x22,0x15aa,0x15a7,
0x15a9,0x50051,0x22,0x15ab,0x158,0x0,0x50051,0x22,
0x15ac,0x158,0x1,0x50051,0x22,0x15ad,0x158,0x2,
0x70050,0x34,0x15ae,0x15ab,0x15ac,0x15ad,0x15aa,0x200f9,
0x164,0x200f8,0x1582,0x500c7,0x18,0x15af,0x169,0x27,
0x500aa,0x20,0x15b0,0x15af,0x19,0x300f7,0x15b1,0x0,
0x400fa,0x15b0,0x15b2,0x15b1,0x200f8,0x15b2,0x300f7,0x15b3,
0x0,0x300fb,0x19,0x15b4,0x200f8,0x15b4,0x300f7,0x15b5,
0x0,0x400fa,0x166,0x15b6,0x15b5,0x200f8,0x15b6,0x100fc,
0x200f8,0x15b5,0x500c7,0x18,0x15b7,0x169,0xa1,0x500ab,
0x20,0x15b8,0x15b7,0x19,0x300f7,0x15b9,0x0,0x400fa,
0x15b8,0x15ba,0x15b9,0x200f8,0x15ba,0x50094,0x22,0x15bb,
0x160,0x160,0x500ba,0x20,0x15bc,0x15bb,0x70,0x200f9,
0x15b9,0x200f8,0x15b9,0x700f5,0x20,0x15bd,0x21,0x15b5,
0x15bc,0x15ba,0x300f7,0x15be,0x0,0x400fa,0x15bd,0x15bf,
0x15be,0x200f8,0x15bf,0x100fc,0x200f8,0x15be,0x500ab,0x20,
0x15c0,0x15a,0x19,0x300f7,0x15c1,0x0,0x400fa,0x15c0,
0x15c2,0x15c1,0x200f8,0x15c2,0x7004f,0x24,0x15c3,0x157,
0x157,0x0,0x1,0x4006d,0x28,0x15c4,0x15c3,0x50050,
0x28,0x15c5,0x15a,0x15a,0x50086,0x28,0x15c6,0x15c4,
0x15c5,0x50051,0x18,0x15c7,0x15c6,0x0,0x50051,0x18,
0x15c8,0x15c6,0x1,0x500c6,0x18,0x15c9,0x15c7,0x15c8,
0x500c7,0x18,0x15ca,0x15c9,0x27,0x500ab,0x20,0x15cb,
0x15ca,0x19,0x300f7,0x15cc,0x0,0x400fa,0x15cb,0x15cd,
0x15cc,0x200f8,0x15cd,0x300f7,0x15ce,0x0,0x300fb,0x19,
0x15cf,0x200f8,0x15cf,0x60041,0x130,0x15d0,0x12,0x30,
0x1c,0x4003d,0x18,0x15d1,0x15d0,0x500ab,0x20,0x15d2,
0x15d1,0x19,0x300f7,0x15d3,0x0,0x400fa,0x15d2,0x15d4,
0x15d3,0x200f8,0x15d4,0x60041,0x130,0x15d5,0x12,0x30,
0x2b,0x4003d,0x18,0x15d6,0x15d5,0x500aa,0x20,0x15d7,
0x15d6,0x19,0x200f9,0x15d3,0x200f8,0x15d3,0x700f5,0x20,
0x15d8,0x26,0x15cf,0x15d7,0x15d4,0x300f7,0x15d9,0x0,
0x400fa,0x15d8,0x15da,0x15d9,0x200f8,0x15da,0x200f9,0x15ce,
0x200f8,0x15d9,0x8004f,0x36,0x15db,0x159,0x159,0x0,
0x1,0x2,0x50094,0x22,0x15dc,0x15db,0x5e,0x50085,
0x22,0x15dd,0x15dc,0x13d,0x500aa,0x20,0x15de,0x15d1,
0x27,0x300f7,0x15df,0x0,0x400fa,0x15de,0x15e0,0x15e1,
0x200f8,0x15e1,0x500aa,0x20,0x15e2,0x15d1,0x1f,0x300f7,
0x15e3,0x0,0x400fa,0x15e2,0x15e4,0x15e5,0x200f8,0x15e5,
0x500aa,0x20,0x15e6,0x15d1,0x2a,0x300f7,0x15e7,0x0,
0x400fa,0x15e6,0x15e8,0x15e9,0x200f8,0x15e9,0x500aa,0x20,
0x15ea,0x15d1,0x1d,0x300f7,0x15eb,0x0,0x400fa,0x15ea,
0x15ec,0x15ed,0x200f8,0x15ed,0x500aa,0x20,0x15ee,0x15d1,
0x1e,0x300f7,0x15ef,0x0,0x400fa,0x15ee,0x15f0,0x15f1,
0x200f8,0x15f1,0x500aa,0x20,0x15f2,0x15d1,0x31,0x300f7,
0x15f3,0x0,0x400fa,0x15f2,0x15f4,0x15f5,0x200f8,0x15f5,
0x500aa,0x20,0x15f6,0x15d1,0x48,0x300f7,0x15f7,0x0,
0x400fa,0x15f6,0x15f8,0x15f9,0x200f8,0x15f9,0x500aa,0x20,
0x15fa,0x15d1,0x8a,0x300f7,0x15fb,0x0,0x400fa,0x15fa,
0x15fc,0x15fd,0x200f8,0x15fd,0x500aa,0x20,0x15fe,0x15d1,
0x41,0x300f7,0x15ff,0x0,0x400fa,0x15fe,0x1600,0x1601,
0x200f8,0x1601,0x500aa,0x20,0x1602,0x15d1,0x32,0x300f7,
0x1603,0x0,0x400fa,0x1602,0x1604,0x1603,0x200f8,0x1604,
0x50085,0x36,0x1605,0x15db,0x15db,0x5008e,0x36,0x1606,
0x15db,0x92,0x50083,0x36,0x1607,0x91,0x1606,0x50085,
0x36,0x1608,0x1605,0x1607,0x50085,0x36,0x1609,0x1608,
0x95,0x50081,0x36,0x160a,0x1609,0x99,0x8000c,0x36,
0x160b,0x1,0x2b,0x160a,0x6f,0x71,0x200f9,0x1603,
0x200f8,0x1603,0x700f5,0x36,0x160c,0x15db,0x1601,0x160b,
0x1604,0x200f9,0x15ff,0x200f8,0x1600,0x60050,0x36,0x160d,
0x15dd,0x15dd,0x15dd,0x8000c,0x36,0x160e,0x1,0x2e,
0x8c,0x8f,0x160d,0x50085,0x36,0x160f,0x160e,0x13e,
0x200f9,0x15ff,0x200f8,0x15ff,0x700f5,0x36,0x1610,0x160f,
0x1600,0x160c,0x1603,0x200f9,0x15fb,0x200f8,0x15fc,0x8000c,
0x36,0x1611,0x1,0x2b,0x15db,0x6f,0x71,0x5008e,
0x36,0x1612,0x1611,0x73,0x50081,0x36,0x1613,0x1612,
0x62,0x6000c,0x36,0x1614,0x1,0x8,0x1613,0x50085,
0x36,0x1615,0x1614,0x140,0x200f9,0x15fb,0x200f8,0x15fb,
0x700f5,0x36,0x1616,0x1615,0x15fc,0x1610,0x15ff,0x200f9,
0x15f7,0x200f8,0x15f8,0x60050,0x36,0x1617,0x15dd,0x15dd,
0x15dd,0x8000c,0x36,0x1618,0x1,0x2e,0x86,0x89,
0x1617,0x50085,0x36,0x1619,0x1618,0x13e,0x200f9,0x15f7,
0x200f8,0x15f7,0x700f5,0x36,0x161a,0x1619,0x15f8,0x1616,
0x15fb,0x200f9,0x15f3,0x200f8,0x15f4,0x5008e,0x36,0x161b,
0x15db,0x73,0x50085,0x36,0x161c,0x161b,0x142,0x50081,
0x36,0x161d,0x83,0x161c,0x200f9,0x15f3,0x200f8,0x15f3,
0x700f5,0x36,0x161e,0x161d,0x15f4,0x161a,0x15f7,0x200f9,
0x15ef,0x200f8,0x15f0,0x50085,0x22,0x161f,0x15dc,0x144,
0x50085,0x22,0x1620,0x15dc,0x145,0x50081,0x22,0x1621,
0x81,0x1620,0x50085,0x22,0x1622,0x15dc,0x146,0x60050,
0x36,0x1623,0x161f,0x1621,0x1622,0x8000c,0x36,0x1624,
0x1,0x2b,0x1623,0x6f,0x71,0x200f9,0x15ef,0x200f8,
0x15ef,0x700f5,0x36,0x1625,0x1624,0x15f0,0x161e,0x15f3,
0x200f9,0x15eb,0x200f8,0x15ec,0x3003e,0x153,0x136,0x50085,
0x22,0x1626,0x15dc,0x147,0x4006d,0x18,0x1627,0x1626,
0x7000c,0x18,0x1628,0x1,0x26,0x1627,0x2e,0x50041,
0x12d,0x1629,0x153,0x1628,0x4003d,0x36,0x162a,0x1629,
0x50080,0x18,0x162b,0x1628,0x27,0x50041,0x12d,0x162c,
0x153,0x162b,0x4003d,0x36,0x162d,0x162c,0x40070,0x22,
0x162e,0x1628,0x50083,0x22,0x162f,0x1626,0x162e,0x60050,
0x36,0x1630,0x162f,0x162f,0x162f,0x8000c,0x36,0x1631,
0x1,0x2e,0x162a,0x162d,0x1630,0x50085,0x36,0x1632,
0x1631,0x13e,0x200f9,0x15eb,0x200f8,0x15eb,0x700f5,0x36,
0x1633,0x1632,0x15ec,0x1625,0x15ef,0x200f9,0x15e7,0x200f8,
0x15e8,0x50094,0x22,0x1634,0x15db,0x66,0x50094,0x22,
0x1635,0x15db,0x6a,0x50094,0x22,0x1636,0x15db,0x6e,
0x60050,0x36,0x1637,0x1634,0x1635,0x1636,0x50085,0x36,
0x1638,0x1637,0x148,0x8000c,0x36,0x1639,0x1,0x2b,
0x1638,0x6f,0x71,0x200f9,0x15e7,0x200f8,0x15e7,0x700f5,
0x36,0x163a,0x1639,0x15e8,0x1633,0x15eb,0x200f9,0x15e3,
0x200f8,0x15e4,0x60050,0x36,0x163b,0x15dd,0x15dd,0x15dd,
0x200f9,0x15e3,0x200f8,0x15e3,0x700f5,0x36,0x163c,0x163b,
0x15e4,0x163a,0x15e7,0x200f9,0x15df,0x200f8,0x15e0,0x5008e,
0x36,0x163d,0x15db,0x60,0x50081,0x36,0x163e,0x163d,
0x62,0x6000c,0x36,0x163f,0x1,0x8,0x163e,0x50085,
0x36,0x1640,0x163f,0x149,0x200f9,0x15df,0x200f8,0x15df,
0x700f5,0x36,0x1641,0x1640,0x15e0,0x163c,0x15e3,0x60041,
0x130,0x1642,0x12,0x30,0x2b,0x4003d,0x18,0x1643,
0x1642,0x7000c,0x18,0x1644,0x1,0x26,0x1643,0x9a,
0x40070,0x22,0x1645,0x1644,0x50085,0x22,0x1646,0x1645,
0xc8,0x60050,0x36,0x1647,0x1646,0x1646,0x1646,0x8000c,
0x36,0x1648,0x1,0x2e,0x15db,0x1641,0x1647,0x50051,
0x22,0x1649,0x159,0x3,0x50051,0x22,0x164a,0x1648,
0x0,0x50051,0x22,0x164b,0x1648,0x1,0x50051,0x22,
0x164c,0x1648,0x2,0x70050,0x34,0x164d,0x164a,0x164b,
0x164c,0x1649,0x200f9,0x15ce,0x200f8,0x15ce,0x700f5,0x34,
0x164e,0x159,0x15da,0x164d,0x15df,0x200f9,0x15b3,0x200f8,
0x15cc,0x200f9,0x15c1,0x200f8,0x15c1,0x300f7,0x164f,0x0,
0x300fb,0x19,0x1650,0x200f8,0x1650,0x60041,0x130,0x1651,
0x12,0x30,0x1c,0x4003d,0x18,0x1652,0x1651,0x500ab,
0x20,0x1653,0x1652,0x19,0x300f7,0x1654,0x0,0x400fa,
0x1653,0x1655,0x1654,0x200f8,0x1655,0x60041,0x130,0x1656,
0x12,0x30,0x2b,0x4003d,0x18,0x1657,0x1656,0x500aa,
0x20,0x1658,0x1657,0x19,0x200f9,0x1654,0x200f8,0x1654,
0x700f5,0x20,0x1659,0x26,0x1650,0x1658,0x1655,0x300f7,
0x165a,0x0,0x400fa,0x1659,0x165b,0x165a,0x200f8,0x165b,
0x200f9,0x164f,0x200f8,0x165a,0x8004f,0x36,0x165c,0x158,
0x158,0x0,0x1,0x2,0x50094,0x22,0x165d,0x165c,
0x5e,0x50085,0x22,0x165e,0x165d,0x13d,0x500aa,0x20,
0x165f,0x1652,0x27,0x300f7,0x1660,0x0,0x400fa,0x165f,
0x1661,0x1662,0x200f8,0x1662,0x500aa,0x20,0x1663,0x1652,
0x1f,0x300f7,0x1664,0x0,0x400fa,0x1663,0x1665,0x1666,
0x200f8,0x1666,0x500aa,0x20,0x1667,0x1652,0x2a,0x300f7,
0x1668,0x0,0x400fa,0x1667,0x1669,0x166a,0x200f8,0x166a,
0x500aa,0x20,0x166b,0x1652,0x1d,0x300f7,0x166c,0x0,
0x400fa,0x166b,0x166d,0x166e,0x200f8,0x166e,0x500aa,0x20,
0x166f,0x1652,0x1e,0x300f7,0x1670,0x0,0x400fa,0x166f,
0x1671,0x1672,0x200f8,0x1672,0x500aa,0x20,0x1673,0x1652,
0x31,0x300f7,0x1674,0x0,0x400fa,0x1673,0x1675,0x1676,
0x200f8,0x1676,0x500aa,0x20,0x1677,0x1652,0x48,0x300f7,
0x1678,0x0,0x400fa,0x1677,0x1679,0x167a,0x200f8,0x167a,
0x500aa,0x20,0x167b,0x1652,0x8a,0x300f7,0x167c,0x0,
0x400fa,0x167b,0x167d,0x167e,0x200f8,0x167e,0x500aa,0x20,
0x167f,0x1652,0x41,0x300f7,0x1680,0x0,0x400fa,0x167f,
0x1681,0x1682,0x200f8,0x1682,0x500aa,0x20,0x1683,0x1652,
0x32,0x300f7,0x1684,0x0,0x400fa,0x1683,0x1685,0x1684,
0x200f8,0x1685,0x50085,0x36,0x1686,0x165c,0x165c,0x5008e,
0x36,0x1687,0x165c,0x92,0x50083,0x36,0x1688,0x91,
0x1687,0x50085,0x36,0x1689,0x1686,0x1688,0x50085,0x36,
0x168a,0x1689,0x95,0x50081,0x36,0x168b,0x168a,0x99,
0x8000c,0x36,0x168c,0x1,0x2b,0x168b,0x6f,0x71,
0x200f9,0x1684,0x200f8,0x1684,0x700f5,0x36,0x168d,0x165c,
0x1682,0x168c,0x1685,0x200f9,0x1680,0x200f8,0x1681,0x60050,
0x36,0x168e,0x165e,0x165e,0x165e,0x8000c,0x36,0x168f,
0x1,0x2e,0x8c,0x8f,0x168e,0x50085,0x36,0x1690,
0x168f,0x13e,0x200f9,0x1680,0x200f8,0x1680,0x700f5,0x36,
0x1691,0x1690,0x1681,0x168d,0x1684,0x200f9,0x167c,0x200f8,
0x167d,0x8000c,0x36,0x1692,0x1,0x2b,0x165c,0x6f,
0x71,0x5008e,0x36,0x1693,0x1692,0x73,0x50081,0x36,
0x1694,0x1693,0x62,0x6000c,0x36,0x1695,0x1,0x8,
0x1694,0x50085,0x36,0x1696,0x1695,0x140,0x200f9,0x167c,
0x200f8,0x167c,0x700f5,0x36,0x1697,0x1696,0x167d,0x1691,
0x1680,0x200f9,0x1678,0x200f8,0x1679,0x60050,0x36,0x1698,
0x165e,0x165e,0x165e,0x8000c,0x36,0x1699,0x1,0x2e,
0x86,0x89,0x1698,0x50085,0x36,0x169a,0x1699,0x13e,
0x200f9,0x1678,0x200f8,0x1678,0x700f5,0x36,0x169b,0x169a,
0x1679,0x1697,0x167c,0x200f9,0x1674,0x200f8,0x1675,0x5008e,
0x36,0x169c,0x165c,0x73,0x50085,0x36,0x169d,0x169c,
0x142,0x50081,0x36,0x169e,0x83,0x169d,0x200f9,0x1674,
0x200f8,0x1674,0x700f5,0x36,0x169f,0x169e,0x1675,0x169b,
0x1678,0x200f9,0x1670,0x200f8,0x1671,0x50085,0x22,0x16a0,
0x165d,0x144,0x50085,0x22,0x16a1,0x165d,0x145,0x50081,
0x22,0x16a2,0x81,0x16a1,0x50085,0x22,0x16a3,0x165d,
0x146,0x60050,0x36,0x16a4,0x16a0,0x16a2,0x16a3,0x8000c,
0x36,0x16a5,0x1,0x2b,0x16a4,0x6f,0x71,0x200f9,
0x1670,0x200f8,0x1670,0x700f5,0x36,0x16a6,0x16a5,0x1671,
0x169f,0x1674,0x200f9,0x166c,0x200f8,0x166d,0x3003e,0x152,
0x136,0x50085,0x22,0x16a7,0x165d,0x147,0x4006d,0x18,
0x16a8,0x16a7,0x7000c,0x18,0x16a9,0x1,0x26,0x16a8,
0x2e,0x50041,0x12d,0x16aa,0x152,0x16a9,0x4003d,0x36,
0x16ab,0x16aa,0x50080,0x18,0x16ac,0x16a9,0x27,0x50041,
0x12d,0x16ad,0x152,0x16ac,0x4003d,0x36,0x16ae,0x16ad,
0x40070,0x22,0x16af,0x16a9,0x50083,0x22,0x16b0,0x16a7,
0x16af,0x60050,0x36,0x16b1,0x16b0,0x16b0,0x16b0,0x8000c,
0x36,0x16b2,0x1,0x2e,0x16ab,0x16ae,0x16b1,0x50085,
0x36,0x16b3,0x16b2,0x13e,0x200f9,0x166c,0x200f8,0x166c,
0x700f5,0x36,0x16b4,0x16b3,0x166d,0x16a6,0x1670,0x200f9,
0x1668,0x200f8,0x1669,0x50094,0x22,0x16b5,0x165c,0x66,
0x50094,0x22,0x16b6,0x165c,0x6a,0x50094,0x22,0x16b7,
0x165c,0x6e,0x60050,0x36,0x16b8,0x16b5,0x16b6,0x16b7,
0x50085,0x36,0x16b9,0x16b8,0x148,0x8000c,0x36,0x16ba,
0x1,0x2b,0x16b9,0x6f,0x71,0x200f9,0x1668,0x200f8,
0x1668,0x700f5,0x36,0x16bb,0x16ba,0x1669,0x16b4,0x166c,
0x200f9,0x1664,0x200f8,0x1665,0x60050,0x36,0x16bc,0x165e,
0x165e,0x165e,0x200f9,0x1664,0x200f8,0x1664,0x700f5,0x36,
0x16bd,0x16bc,0x1665,0x16bb,0x1668,0x200f9,0x1660,0x200f8,
0x1661,0x5008e,0x36,0x16be,0x165c,0x60,0x50081,0x36,
0x16bf,0x16be,0x62,0x6000c,0x36,0x16c0,0x1,0x8,
0x16bf,0x50085,0x36,0x16c1,0x16c0,0x149,0x200f9,0x1660,
0x200f8,0x1660,0x700f5,0x36,0x16c2,0x16c1,0x1661,0x16bd,
0x1664,0x60041,0x130,0x16c3,0x12,0x30,0x2b,0x4003d,
0x18,0x16c4,0x16c3,0x7000c,0x18,0x16c5,0x1,0x26,
0x16c4,0x9a,0x40070,0x22,0x16c6,0x16c5,0x50085,0x22,
0x16c7,0x16c6,0xc8,0x60050,0x36,0x16c8,0x16c7,0x16c7,
0x16c7,0x8000c,0x36,0x16c9,0x1,0x2e,0x165c,0x16c2,
0x16c8,0x50051,0x22,0x16ca,0x158,0x3,0x50051,0x22,
0x16cb,0x16c9,0x0,0x50051,0x22,0x16cc,0x16c9,0x1,
0x50051,0x22,0x16cd,0x16c9,0x2,0x70050,0x34,0x16ce,
0x16cb,0x16cc,0x16cd,0x16ca,0x200f9,0x164f,0x200f8,0x164f,
0x700f5,0x34,0x16cf,0x158,0x165b,0x16ce,0x1660,0x200f9,
0x15b3,0x200f8,0x15b3,0x700f5,0x34,0x16d0,0x164e,0x15ce,
0x16cf,0x164f,0x200f9,0x164,0x200f8,0x15b1,0x500c7,0x18,
0x16d1,0x169,0x1f,0x500ab,0x20,0x16d2,0x16d1,0x19,
0x300f7,0x16d3,0x0,0x400fa,0x16d2,0x16d4,0x16d3,0x200f8,
0x16d4,0x500b8,0x12b,0x16d5,0x2ac,0x25,0x4009a,0x20,
0x16d6,0x16d5,0x400a8,0x20,0x16d7,0x16d6,0x300f7,0x16d8,
0x0,0x400fa,0x16d7,0x16d9,0x16d8,0x200f8,0x16d9,0x7004f,
0x28,0x16da,0x15d,0x15d,0x1,0x2,0x50080,0x28,
0x16db,0x16da,0x29,0x40070,0x24,0x16dc,0x16db,0x500be,
0x12b,0x16dd,0x2ac,0x16dc,0x4009a,0x20,0x16de,0x16dd,
0x200f9,0x16d8,0x200f8,0x16d8,0x700f5,0x20,0x16df,0x26,
0x16d4,0x16de,0x16d9,0x200f9,0x16d3,0x200f8,0x16d3,0x700f5,
0x20,0x16e0,0x21,0x15b1,0x16df,0x16d8,0x300f7,0x16e1,
0x0,0x400fa,0x16e0,0x16e2,0x16e1,0x200f8,0x16e2,0x100fc,
0x200f8,0x16e1,0x6000c,0x24,0x16e3,0x1,0x8,0x2ac,
0x4006e,0x54,0x16e4,0x16e3,0x4007c,0x28,0x16e5,0x16e4,
0x7004f,0x28,0x16e6,0x15d,0x15d,0x1,0x2,0x500c7,
0x28,0x16e7,0x16e5,0x16e6,0x50051,0x18,0x16e8,0x16e7,
0x1,0x50051,0x18,0x16e9,0x15d,0x1,0x50080,0x18,
0x16ea,0x16e9,0x27,0x50084,0x18,0x16eb,0x16e8,0x16ea,
0x50051,0x18,0x16ec,0x16e7,0x0,0x50080,0x18,0x16ed,
0x16eb,0x16ec,0x500c7,0x18,0x16ee,0x169,0x5a,0x500ab,
0x20,0x16ef,0x16ee,0x19,0x300f7,0x16f0,0x0,0x400fa,
0x16ef,0x16f1,0x16f2,0x200f8,0x16f2,0x50051,0x18,0x16f3,
0x15d,0x0,0x50080,0x18,0x16f4,0x16f3,0x16ed,0x60041,
0x12a,0x16f5,0x14,0x1c,0x16f4,0x4003d,0x18,0x16f6,
0x16f5,0x200f9,0x16f0,0x200f8,0x16f1,0x50051,0x18,0x16f7,
0x15d,0x0,0x50080,0x18,0x16f8,0x16f7,0x58,0x50086,
0x18,0x16f9,0x16ed,0x1f,0x50080,0x18,0x16fa,0x16f8,
0x16f9,0x60041,0x12a,0x16fb,0x14,0x1c,0x16fa,0x4003d,
0x18,0x16fc,0x16fb,0x500c7,0x18,0x16fd,0x16ed,0x2e,
0x50084,0x18,0x16fe,0x16fd,0x2a,0x500c7,0x18,0x16ff,
0x16fe,0x2d,0x500c2,0x18,0x1700,0x16fc,0x16ff,0x500c7,
0x18,0x1701,0x1700,0x2f,0x50080,0x18,0x1702,0x16f7,
0x1701,0x60041,0x12a,0x1703,0x14,0x1c,0x1702,0x4003d,
0x18,0x1704,0x1703,0x200f9,0x16f0,0x200f8,0x16f0,0x700f5,
0x18,0x1705,0x1704,0x16f1,0x16f6,0x16f2,0x500c2,0x18,
0x1706,0x1705,0x45,0x500aa,0x20,0x1707,0x1706,0x19,
0x300f7,0x1708,0x0,0x400fa,0x1707,0x1709,0x1708,0x200f8,
0x1709,0x100fc,0x200f8,0x1708,0x500c7,0x18,0x170a,0x1705,
0x2f,0x40070,0x22,0x170b,0x170a,0x500c2,0x18,0x170c,
0x1705,0x2a,0x500c7,0x18,0x170d,0x170c,0x2f,0x40070,
0x22,0x170e,0x170d,0x500c2,0x18,0x170f,0x1705,0x32,
0x500c7,0x18,0x1710,0x170f,0x2f,0x40070,0x22,0x1711,
0x1710,0x40070,0x22,0x1712,0x1706,0x70050,0x34,0x1713,
0x170b,0x170e,0x1711,0x1712,0x50085,0x34,0x1714,0x1713,
0x138,0x500c7,0x18,0x1715,0x169,0x2c,0x500ab,0x20,
0x1716,0x1715,0x19,0x300f7,0x1717,0x0,0x400fa,0x1716,
0x1718,0x1717,0x200f8,0x1718,0x8004f,0x36,0x1719,0x1714,
0x1714,0x0,0x1,0x2,0x500bc,0x12c,0x171a,0x1719,
0x37,0x50085,0x36,0x171b,0x1719,0x13a,0x50081,0x36,
0x171c,0x1719,0x39,0x50085,0x36,0x171d,0x171c,0x13c,
0x7000c,0x36,0x171e,0x1,0x1a,0x171d,0x3b,0x600a9,
0x36,0x171f,0x171a,0x171b,0x171e,0x9004f,0x34,0x1720,
0x1714,0x171f,0x4,0x5,0x6,0x3,0x200f9,0x1717,
0x200f8,0x1717,0x700f5,0x34,0x1721,0x1714,0x1708,0x1720,
0x1718,0x200f9,0x164,0x200f8,0x164,0x1900f5,0x34,0x1722,
0x1c0,0x1b6,0x2a6,0x1f8,0x2ec,0x2e2,0x353,0x312,
0x158,0x38d,0x3bc,0x3b2,0x46c,0x462,0x157f,0x46f,
0x15ae,0x15a5,0x16d0,0x15b3,0x1721,0x1717,0x300f7,0x1723,
0x0,0x300fb,0x19,0x1724,0x200f8,0x1724,0x60041,0x130,
0x1725,0x12,0x30,0x1c,0x4003d,0x18,0x1726,0x1725,
0x500ab,0x20,0x1727,0x1726,0x19,0x300f7,0x1728,0x0,
0x400fa,0x1727,0x1729,0x1728,0x200f8,0x1729,0x60041,0x130,
0x172a,0x12,0x30,0x2b,0x4003d,0x18,0x172b,0x172a,
0x500aa,0x20,0x172c,0x172b,0x19,0x200f9,0x1728,0x200f8,
0x1728,0x700f5,0x20,0x172d,0x26,0x1724,0x172c,0x1729,
0x300f7,0x172e,0x0,0x400fa,0x172d,0x172f,0x172e,0x200f8,
0x172f,0x200f9,0x1723,0x200f8,0x172e,0x8004f,0x36,0x1730,
0x1722,0x1722,0x0,0x1,0x2,0x50094,0x22,0x1731,
0x1730,0x5e,0x50085,0x22,0x1732,0x1731,0x13d,0x500aa,
0x20,0x1733,0x1726,0x27,0x300f7,0x1734,0x0,0x400fa,
0x1733,0x1735,0x1736,0x200f8,0x1736,0x500aa,0x20,0x1737,
0x1726,0x1f,0x300f7,0x1738,0x0,0x400fa,0x1737,0x1739,
0x173a,0x200f8,0x173a,0x500aa,0x20,0x173b,0x1726,0x2a,
0x300f7,0x173c,0x0,0x400fa,0x173b,0x173d,0x173e,0x200f8,
0x173e,0x500aa,0x20,0x173f,0x1726,0x1d,0x300f7,0x1740,
0x0,0x400fa,0x173f,0x1741,0x1742,0x200f8,0x1742,0x500aa,
0x20,0x1743,0x1726,0x1e,0x300f7,0x1744,0x0,0x400fa,
0x1743,0x1745,0x1746,0x200f8,0x1746,0x500aa,0x20,0x1747,
0x1726,0x31,0x300f7,0x1748,0x0,0x400fa,0x1747,0x1749,
0x174a,0x200f8,0x174a,0x500aa,0x20,0x174b,0x1726,0x48,
0x300f7,0x174c,0x0,0x400fa,0x174b,0x174d,0x174e,0x200f8,
0x174e,0x500aa,0x20,0x174f,0x1726,0x8a,0x300f7,0x1750,
0x0,0x400fa,0x174f,0x1751,0x1752,0x200f8,0x1752,0x500aa,
0x20,0x1753,0x1726,0x41,0x300f7,0x1754,0x0,0x400fa,
0x1753,0x1755,0x1756,0x200f8,0x1756,0x500aa,0x20,0x1757,
0x1726,0x32,0x300f7,0x1758,0x0,0x400fa,0x1757,0x1759,
0x1758,0x200f8,0x1759,0x50085,0x36,0x175a,0x1730,0x1730,
0x5008e,0x36,0x175b,0x1730,0x92,0x50083,0x36,0x175c,
0x91,0x175b,0x50085,0x36,0x175d,0x175a,0x175c,0x50085,
0x36,0x175e,0x175d,0x95,0x50081,0x36,0x175f,0x175e,
0x99,0x8000c,0x36,0x1760,0x1,0x2b,0x175f,0x6f,
0x71,0x200f9,0x1758,0x200f8,0x1758,0x700f5,0x36,0x1761,
0x1730,0x1756,0x1760,0x1759,0x200f9,0x1754,0x200f8,0x1755,
0x60050,0x36,0x1762,0x1732,0x1732,0x1732,0x8000c,0x36,
0x1763,0x1,0x2e,0x8c,0x8f,0x1762,0x50085,0x36,
0x1764,0x1763,0x13e,0x200f9,0x1754,0x200f8,0x1754,0x700f5,
0x36,0x1765,0x1764,0x1755,0x1761,0x1758,0x200f9,0x1750,
0x200f8,0x1751,0x8000c,0x36,0x1766,0x1,0x2b,0x1730,
0x6f,0x71,0x5008e,0x36,0x1767,0x1766,0x73,0x50081,
0x36,0x1768,0x1767,0x62,0x6000c,0x36,0x1769,0x1,
0x8,0x1768,0x50085,0x36,0x176a,0x1769,0x140,0x200f9,
0x1750,0x200f8,0x1750,0x700f5,0x36,0x176b,0x176a,0x1751,
0x1765,0x1754,0x200f9,0x174c,0x200f8,0x174d,0x60050,0x36,
0x176c,0x1732,0x1732,0x1732,0x8000c,0x36,0x176d,0x1,
0x2e,0x86,0x89,0x176c,0x50085,0x36,0x176e,0x176d,
0x13e,0x200f9,0x174c,0x200f8,0x174c,0x700f5,0x36,0x176f,
0x176e,0x174d,0x176b,0x1750,0x200f9,0x1748,0x200f8,0x1749,
0x5008e,0x36,0x1770,0x1730,0x73,0x50085,0x36,0x1771,
0x1770,0x142,0x50081,0x36,0x1772,0x83,0x1771,0x200f9,
0x1748,0x200f8,0x1748,0x700f5,0x36,0x1773,0x1772,0x1749,
0x176f,0x174c,0x200f9,0x1744,0x200f8,0x1745,0x50085,0x22,
0x1774,0x1731,0x144,0x50085,0x22,0x1775,0x1731,0x145,
0x50081,0x22,0x1776,0x81,0x1775,0x50085,0x22,0x1777,
0x1731,0x146,0x60050,0x36,0x1778,0x1774,0x1776,0x1777,
0x8000c,0x36,0x1779,0x1,0x2b,0x1778,0x6f,0x71,
0x200f9,0x1744,0x200f8,0x1744,0x700f5,0x36,0x177a,0x1779,
0x1745,0x1773,0x1748,0x200f9,0x1740,0x200f8,0x1741,0x3003e,
0x151,0x136,0x50085,0x22,0x177b,0x1731,0x147,0x4006d,
0x18,0x177c,0x177b,0x7000c,0x18,0x177d,0x1,0x26,
0x177c,0x2e,0x50041,0x12d,0x177e,0x151,0x177d,0x4003d,
0x36,0x177f,0x177e,0x50080,0x18,0x1780,0x177d,0x27,
0x50041,0x12d,0x1781,0x151,0x1780,0x4003d,0x36,0x1782,
0x1781,0x40070,0x22,0x1783,0x177d,0x50083,0x22,0x1784,
0x177b,0x1783,0x60050,0x36,0x1785,0x1784,0x1784,0x1784,
0x8000c,0x36,0x1786,0x1,0x2e,0x177f,0x1782,0x1785,
0x50085,0x36,0x1787,0x1786,0x13e,0x200f9,0x1740,0x200f8,
0x1740,0x700f5,0x36,0x1788,0x1787,0x1741,0x177a,0x1744,
0x200f9,0x173c,0x200f8,0x173d,0x50094,0x22,0x1789,0x1730,
0x66,0x50094,0x22,0x178a,0x1730,0x6a,0x50094,0x22,
0x178b,0x1730,0x6e,0x60050,0x36,0x178c,0x1789,0x178a,
0x178b,0x50085,0x36,0x178d,0x178c,0x148,0x8000c,0x36,
0x178e,0x1,0x2b,0x178d,0x6f,0x71,0x200f9,0x173c,
0x200f8,0x173c,0x700f5,0x36,0x178f,0x178e,0x173d,0x1788,
0x1740,0x200f9,0x1738,0x200f8,0x1739,0x60050,0x36,0x1790,
0x1732,0x1732,0x1732,0x200f9,0x1738,0x200f8,0x1738,0x700f5,
0x36,0x1791,0x1790,0x1739,0x178f,0x173c,0x200f9,0x1734,
0x200f8,0x1735,0x5008e,0x36,0x1792,0x1730,0x60,0x50081,
0x36,0x1793,0x1792,0x62,0x6000c,0x36,0x1794,0x1,
0x8,0x1793,0x50085,0x36,0x1795,0x1794,0x149,0x200f9,
0x1734,0x200f8,0x1734,0x700f5,0x36,0x1796,0x1795,0x1735,
0x1791,0x1738,0x60041,0x130,0x1797,0x12,0x30,0x2b,
0x4003d,0x18,0x1798,0x1797,0x7000c,0x18,0x1799,0x1,
0x26,0x1798,0x9a,0x40070,0x22,0x179a,0x1799,0x50085,
0x22,0x179b,0x179a,0xc8,0x60050,0x36,0x179c,0x179b,
0x179b,0x179b,0x8000c,0x36,0x179d,0x1,0x2e,0x1730,
0x1796,0x179c,0x50051,0x22,0x179e,0x1722,0x3,0x50051,
0x22,0x179f,0x179d,0x0,0x50051,0x22,0x17a0,0x179d,
0x1,0x50051,0x22,0x17a1,0x179d,0x2,0x70050,0x34,
0x17a2,0x179f,0x17a0,0x17a1,0x179e,0x200f9,0x1723,0x200f8,
0x1723,0x700f5,0x34,0x17a3,0x1722,0x172f,0x17a2,0x1734,
0x3003e,0x10,0x17a3,0x100fd,0x10038
};
}
